client,material_number,plant,maintainance_status,flag_deletion_client_level,valuation_category,batch_management_indicator,plant_material_status,plant_material_status_valid_date,abc_indicator,critical_part_indicator,purchasing_group,unit_of_issue,material_mrp_profile,mrp_type,mrp_controller,mrp_controller_buyer_indicator,planned_delivery_time,receipt_processing_time_in_days,period_indicator,assembly_scrap_percent,lot_size,procurement_type,special_procurement_type_sobsl,reorder_point,safety_stock,minimum_lot_size,maximum_lot_size,fixed_lot_size,purchase_order_quantity,max_stock_level,ordering_costs,dependent_requirements,storage_costs_indicator,alternative_bom_selection_method,discontinuation_indicator,effective_out_date,follow_up_material,requirements_grouping_indicator,mixed_mrp_indicator,scheduling_margin_key_floats,planned_order_automatic_fix_indicator,production_orders_release_indicator,backflush_indicator,production_supervisor,processing_time,setup_and_teardown_time,interoperation_time,base_quantity,inhouse_production_time,max_storage_period,max_storage_period_unit,stock_withrawal_from_prod_bin_indicator,rough_cut_plan_material_indicator,overdelivery_tolerance_limit,unlimited_overdelivery_allowed_indicator,underdelivery_tolerance_limit,total_replenishment_lead_time,replacement_part,surcharge_factor_for_cost,state_of_manufacture,post_to_inspection_stock,sample_for_quality_inspection,quarantine_period,control_key_for_quality_management,mean_inspection_duration,indicator_for_inspection_plan,documentation_required_indicator,active_substance_content,recurring_inspection_interval,check_sampling_inspection_date,stock_in_transfer,loading_group,batch_management_requirement_indicator,quota_arrangement_usage,service_level,splitting_indicator,plan_version,object_type,object_id,group_availability_check,fiscal_year_variant,correction_factors_indicator,shipping_setup_time,capacity_planning_base_quantity,shipping_processing_time,deactivated,source_of_supply_supply,automaticpurchase_indicator,source_list_requirement,foreign_trade_import_code_number,country_of_origin_of_material,material_region_of_origin,commodity_code_uom,material_group,profit_center,stock_in_transit,ppc_planning_calendar,repetitive_mfg_indicator,planning_time_fence,consumption_mode,backward_consumption_period,forward_consumption_period,version_indicator,alternative_bom,bom_usage,task_list_group_key,group_counter,product_costing_lot_size,special_procurement_type_sobsk,production_unit,issue_storage_location,mrp_group,component_scrap,certificate_type,inspection_setup_indicator,takt_time,coverage_profile_range,local_field_name,physical_inventory_indicator,variance_key,serial_number_profile,internal_object_number,configurable_material,repetitive_manufacturing_profile,plant_negative_stocks,vendor_qm_system,planning_cycle,rounding_profile,consumption_reference_material,consumption_reference_plant,material_consumption_to_date,consumption_reference_material_multiplier,forecast_model_auto_reset,eligible_for_preferential_treatment,exemption_certificate,exemption_certificate_number,exemption_certificate_issue_date,vendor_declaration_indicator,vendor_declaration_validity_date,military_goods_indicator,is_r_service_level,co_product_indicator,planning_strategy_group,configurable_material_internal_obj_num,external_procurement_storage_loc,bulk_material_indicator,cc_fixed_indicator,stock_determination_group,material_authorization_group,planned_requirements_period_adjustment,task_list_type,uom_group_uomgr,conversion_group,air_bouyancy_factor,production_scheduling_profile,safety_time_indicator,safety_time_in_workdays,planned_order_processing,order_batch_entry_determination,uom_group_megru,material_freight_group,stock_transfer_sales_value,transit_value_at_sales_price,smooth_promotion_consumption_indicator,production_version,coproduct_fixed_price,logistics_handling_group,material_distribution_profile,tied_empties_stock,tied_empties_stock_sales_value,material_cfop_category,number_of_cap_products_list,cap_products_group_foreign_trade,pharmaceutical_products_cas_number,foreign_trade_prodcom_number,consumption_taxes_control_code,jit_delivery_schedules_item_indicator,transition_matrix_materials,material_master_record_supply_area,fair_share_rule,push_distribution_indicator,deployment_horizon_in_days,supply_demand_match_min_lot_size,supply_demand_match_max_lot_size,supply_demand_match_fixed_lot_size,supply_demand_match_lot_size_increment,material_completion_level,prod_fig_conversion_types,safety_time_period_profiles,mrp_relevancy,mrp_area_exists_indicator,cross_project_material_indicator,order_change_management_profile,apo_material_relevancy_indicator,mardh_rec,current_period,current_period_fiscal_year,minimum_safety_stock,do_not_cost,putaway_and_stock_removal_strategy,original_batch_management_indicator,original_batches_reference_material,valuated_goods_receipt_blocked_stock,segmentation_strategy,segmentation_status,segmentation_strategy_scope,sort_stock_based_on_segment,consumption_priority,discrete_batch_number,stock_protection_indicator,default_stock_segment_value,status_for_material_and_segment,plant_material_status_valid_date_sgt,order_allocation_run,indicator_season_active_in_inventory_management,variant_group,tr_to_to_batch_assignment_indicator,guid_char_format,profile_key,data_change,percentage_tolerance_plus,percentage_tolerance_minus,material_packing_group,automatic_picking_zone_line,packaging_material_id,packaging_materials_lengthwise,iuid_relevant_for_customer,structure_type_of_uii,external_allocation_of_uii,consignment_control,goods_issue_processing_time,purchasing_across_purchasing_group,reference_determination_schema,minimum_target_range_of_coverage,maximum_target_range_of_coverage,target_stock,abc_xyz_inidcator,zz_service_level,source_list_requirement_zz,zzdps_plant,ztpp_plant,pallet_stack,pallet_pattern,mills_page,mills_line,load_capacity,minimum_order_quantity_in_base_uom,ash,is_quarantined,__start_at,__end_at
100,10602,4225,LQ,,,,2,2023-08-21 5:00:00,,,,,,,,,0,0,M,0,,,,0,0,0,0,0,0,0,0,,,,,1900-01-01 6:00:00,,,,,,,,,0,0,0,0,0,0,,,,0,,0,0,,0,,,0,0,,0,,,0,0,1900-01-01 6:00:00,0,,,,0,,,,0,,,,0,0,0,,,,,,,,,,,0,,,0,,0,0,,,,,,0,,,,,0,,,0,,,,,,0,,,,,,,,,1900-01-01 6:00:00,0,,,,,1900-01-01 6:00:00,,1900-01-01 6:00:00,,,,,0,793,,,,,0,,,,0,,,0,,,,,0,0,,,,,,0,0,,,,,,,,,,,,0,0,0,0,0,0,,,,,,,,,3,2024,0,,,,,0,,,,,,,,,,1900-01-01 6:00:00,,,,,,,,0,0,,,,,,,,,0,,,0,0,0,,0,,,,,,,,,0,,FALSE,2023-10-05 8:42:48,
100,96,4216,LQ,,,,2,2021-07-21 5:00:00,,,,,,,,,0,0,M,0,,,,0,0,0,0,0,0,0,0,,,,,1900-01-01 6:00:00,,,,,,,,,0,0,0,0,0,0,,,,0,,0,0,,0,,,0,0,,0,,,0,0,1900-01-01 6:00:00,0,,,,0,,,,0,,,,0,0,0,,,,,,,,,,,0,,,0,,0,0,,,,,,0,,,,,0,,,0,,,,,,0,,,,,,,,,1900-01-01 6:00:00,0,,,,,1900-01-01 6:00:00,,1900-01-01 6:00:00,,,,,0,,,,,,0,,,,0,,,0,,,,,0,0,,,,,,0,0,,,,,,,,,,,,0,0,0,0,0,0,,,,,,,,,2,2022,0,,,,,0,,,,,,,,,,1900-01-01 6:00:00,,,,,,,,0,0,,,,,,,,,0,,,0,0,0,,0,,,,,,,,,0,,FALSE,2023-10-05 8:38:58,
100,106,4216,LQ,,,,2,2021-07-21 5:00:00,,,,,,,,,0,0,M,0,,,,0,0,0,0,0,0,0,0,,,,,1900-01-01 6:00:00,,,,,,,,,0,0,0,0,0,0,,,,0,,0,0,,0,,,0,0,,0,,,0,0,1900-01-01 6:00:00,0,,,,0,,,,0,,,,0,0,0,,,,,,,,,,,0,,,0,,0,0,,,,,,0,,,,,0,,,0,,,,,,0,,,,,,,,,1900-01-01 6:00:00,0,,,,,1900-01-01 6:00:00,,1900-01-01 6:00:00,,,,,0,,,,,,0,,,,0,,,0,,,,,0,0,,,,,,0,0,,,,,,,,,,,,0,0,0,0,0,0,,,,,,,,,2,2022,0,,,,,0,,,,,,,,,,1900-01-01 6:00:00,,,,,,,,0,0,,,,,,,,,0,,,0,0,0,,0,,,,,,,,,0,,FALSE,2023-10-05 8:38:58,
100,121,4216,LQ,,,,2,2021-07-21 5:00:00,,,,,,,,,0,0,M,0,,,,0,0,0,0,0,0,0,0,,,,,1900-01-01 6:00:00,,,,,,,,,0,0,0,0,0,0,,,,0,,0,0,,0,,,0,0,,0,,,0,0,1900-01-01 6:00:00,0,,,,0,,,,0,,,,0,0,0,,,,,,,,,,,0,,,0,,0,0,,,,,,0,,,,,0,,,0,,,,,,0,,,,,,,,,1900-01-01 6:00:00,0,,,,,1900-01-01 6:00:00,,1900-01-01 6:00:00,,,,,0,,,,,,0,,,,0,,,0,,,,,0,0,,,,,,0,0,,,,,,,,,,,,0,0,0,0,0,0,,,,,,,,,2,2022,0,,,,,0,,,,,,,,,,1900-01-01 6:00:00,,,,,,,,0,0,,,,,,,,,0,,,0,0,0,,0,,,,,,,,,0,,FALSE,2023-10-05 8:38:59,
100,131,4216,LQ,,,,2,2021-07-21 5:00:00,,,,,,,,,0,0,M,0,,,,0,0,0,0,0,0,0,0,,,,,1900-01-01 6:00:00,,,,,,,,,0,0,0,0,0,0,,,,0,,0,0,,0,,,0,0,,0,,,0,0,1900-01-01 6:00:00,0,,,,0,,,,0,,,,0,0,0,,,,,,,,,,,0,,,0,,0,0,,,,,,0,,,,,0,,,0,,,,,,0,,,,,,,,,1900-01-01 6:00:00,0,,,,,1900-01-01 6:00:00,,1900-01-01 6:00:00,,,,,0,,,,,,0,,,,0,,,0,,,,,0,0,,,,,,0,0,,,,,,,,,,,,0,0,0,0,0,0,,,,,,,,,2,2022,0,,,,,0,,,,,,,,,,1900-01-01 6:00:00,,,,,,,,0,0,,,,,,,,,0,,,0,0,0,,0,,,,,,,,,0,,FALSE,2023-10-05 8:39:00,
100,138,4216,LQ,,,,2,2021-07-21 5:00:00,,,,,,,,,0,0,M,0,,,,0,0,0,0,0,0,0,0,,,,,1900-01-01 6:00:00,,,,,,,,,0,0,0,0,0,0,,,,0,,0,0,,0,,,0,0,,0,,,0,0,1900-01-01 6:00:00,0,,,,0,,,,0,,,,0,0,0,,,,,,,,,,,0,,,0,,0,0,,,,,,0,,,,,0,,,0,,,,,,0,,,,,,,,,1900-01-01 6:00:00,0,,,,,1900-01-01 6:00:00,,1900-01-01 6:00:00,,,,,0,,,,,,0,,,,0,,,0,,,,,0,0,,,,,,0,0,,,,,,,,,,,,0,0,0,0,0,0,,,,,,,,,2,2022,0,,,,,0,,,,,,,,,,1900-01-01 6:00:00,,,,,,,,0,0,,,,,,,,,0,,,0,0,0,,0,,,,,,,,,0,,FALSE,2023-10-05 8:39:00,
100,152,2151,VD,,,,,1900-01-01 6:00:00,,,,,2,ND,999,,0,0,M,0,EX,E,,0,0,0,0,0,0,0,0,1,,,,1900-01-01 6:00:00,,,,0,,,,,0,0,0,0,0,0,,,,0,,0,0,,0,,,0,0,,0,,,0,0,1900-01-01 6:00:00,0,1,,,0,,,,0,2,,,0,0,0,,,,,,,,,,,0,,,0,,0,0,,,,,,0,,,,,0,,,0,,,,,,0,,,,,,,,,1900-01-01 6:00:00,0,,,,,1900-01-01 6:00:00,,1900-01-01 6:00:00,,,,,0,,,,,,0,,,,0,,,0,,,,,0,0,,,,,,0,0,,,,,,,,,,,,0,0,0,0,0,0,,,,,,,,,3,2011,0,,,,,0,,,,,,,,,,1900-01-01 6:00:00,,,,,,,,0,0,,,,,,,,,0,,,0,0,0,,0,,,,,,,,,0,,FALSE,2023-10-05 8:41:26,
100,159,4216,LQ,,,,2,2021-07-21 5:00:00,,,,,,,,,0,0,M,0,,,,0,0,0,0,0,0,0,0,,,,,1900-01-01 6:00:00,,,,,,,,,0,0,0,0,0,0,,,,0,,0,0,,0,,,0,0,,0,,,0,0,1900-01-01 6:00:00,0,,,,0,,,,0,,,,0,0,0,,,,,,,,,,,0,,,0,,0,0,,,,,,0,,,,,0,,,0,,,,,,0,,,,,,,,,1900-01-01 6:00:00,0,,,,,1900-01-01 6:00:00,,1900-01-01 6:00:00,,,,,0,,,,,,0,,,,0,,,0,,,,,0,0,,,,,,0,0,,,,,,,,,,,,0,0,0,0,0,0,,,,,,,,,2,2022,0,,,,,0,,,,,,,,,,1900-01-01 6:00:00,,,,,,,,0,0,,,,,,,,,0,,,0,0,0,,0,,,,,,,,,0,,FALSE,2023-10-05 8:39:00,
100,171,4272,LQ,,,,2,2021-07-21 5:00:00,,,,,,,,,0,0,M,0,,,,0,0,0,0,0,0,0,0,,,,,1900-01-01 6:00:00,,,,,,,,,0,0,0,0,0,0,,,,0,,0,0,,0,,,0,0,,0,,,0,0,1900-01-01 6:00:00,0,,,,0,,,,0,,,,0,0,0,,,,,,,,,,,0,,,0,,0,0,,,,,,0,,,,,0,,,0,,,,,,0,,,,,,,,,1900-01-01 6:00:00,0,,,,,1900-01-01 6:00:00,,1900-01-01 6:00:00,,,,,0,,,,,,0,,,,0,,,0,,,,,0,0,,,,,,0,0,,,,,,,,,,,,0,0,0,0,0,0,,,,,,,,,2,2022,0,,,,,0,,,,,,,,,,1900-01-01 6:00:00,,,,,,,,0,0,,,,,,,,,0,,,0,0,0,,0,,,,,,,,,0,,FALSE,2023-10-05 8:39:00,
100,176,4272,LQ,,,,2,2021-07-21 5:00:00,,,,,,,,,0,0,M,0,,,,0,0,0,0,0,0,0,0,,,,,1900-01-01 6:00:00,,,,,,,,,0,0,0,0,0,0,,,,0,,0,0,,0,,,0,0,,0,,,0,0,1900-01-01 6:00:00,0,,,,0,,,,0,,,,0,0,0,,,,,,,,,,,0,,,0,,0,0,,,,,,0,,,,,0,,,0,,,,,,0,,,,,,,,,1900-01-01 6:00:00,0,,,,,1900-01-01 6:00:00,,1900-01-01 6:00:00,,,,,0,,,,,,0,,,,0,,,0,,,,,0,0,,,,,,0,0,,,,,,,,,,,,0,0,0,0,0,0,,,,,,,,,2,2022,0,,,,,0,,,,,,,,,,1900-01-01 6:00:00,,,,,,,,0,0,,,,,,,,,0,,,0,0,0,,0,,,,,,,,,0,,FALSE,2023-10-05 8:39:00,
100,184,4272,LQ,,,,2,2021-07-21 5:00:00,,,,,,,,,0,0,M,0,,,,0,0,0,0,0,0,0,0,,,,,1900-01-01 6:00:00,,,,,,,,,0,0,0,0,0,0,,,,0,,0,0,,0,,,0,0,,0,,,0,0,1900-01-01 6:00:00,0,,,,0,,,,0,,,,0,0,0,,,,,,,,,,,0,,,0,,0,0,,,,,,0,,,,,0,,,0,,,,,,0,,,,,,,,,1900-01-01 6:00:00,0,,,,,1900-01-01 6:00:00,,1900-01-01 6:00:00,,,,,0,,,,,,0,,,,0,,,0,,,,,0,0,,,,,,0,0,,,,,,,,,,,,0,0,0,0,0,0,,,,,,,,,2,2022,0,,,,,0,,,,,,,,,,1900-01-01 6:00:00,,,,,,,,0,0,,,,,,,,,0,,,0,0,0,,0,,,,,,,,,0,,FALSE,2023-10-05 8:39:00,
100,198,4272,LQ,,,,2,2021-07-21 5:00:00,,,,,,,,,0,0,M,0,,,,0,0,0,0,0,0,0,0,,,,,1900-01-01 6:00:00,,,,,,,,,0,0,0,0,0,0,,,,0,,0,0,,0,,,0,0,,0,,,0,0,1900-01-01 6:00:00,0,,,,0,,,,0,,,,0,0,0,,,,,,,,,,,0,,,0,,0,0,,,,,,0,,,,,0,,,0,,,,,,0,,,,,,,,,1900-01-01 6:00:00,0,,,,,1900-01-01 6:00:00,,1900-01-01 6:00:00,,,,,0,,,,,,0,,,,0,,,0,,,,,0,0,,,,,,0,0,,,,,,,,,,,,0,0,0,0,0,0,,,,,,,,,2,2022,0,,,,,0,,,,,,,,,,1900-01-01 6:00:00,,,,,,,,0,0,,,,,,,,,0,,,0,0,0,,0,,,,,,,,,0,,FALSE,2023-10-05 8:38:59,
100,201,4272,LQ,,,,2,2021-07-21 5:00:00,,,,,,,,,0,0,M,0,,,,0,0,0,0,0,0,0,0,,,,,1900-01-01 6:00:00,,,,,,,,,0,0,0,0,0,0,,,,0,,0,0,,0,,,0,0,,0,,,0,0,1900-01-01 6:00:00,0,,,,0,,,,0,,,,0,0,0,,,,,,,,,,,0,,,0,,0,0,,,,,,0,,,,,0,,,0,,,,,,0,,,,,,,,,1900-01-01 6:00:00,0,,,,,1900-01-01 6:00:00,,1900-01-01 6:00:00,,,,,0,,,,,,0,,,,0,,,0,,,,,0,0,,,,,,0,0,,,,,,,,,,,,0,0,0,0,0,0,,,,,,,,,2,2022,0,,,,,0,,,,,,,,,,1900-01-01 6:00:00,,,,,,,,0,0,,,,,,,,,0,,,0,0,0,,0,,,,,,,,,0,,FALSE,2023-10-05 8:38:59,
100,208,4272,LQ,,,,2,2021-07-21 5:00:00,,,,,,,,,0,0,M,0,,,,0,0,0,0,0,0,0,0,,,,,1900-01-01 6:00:00,,,,,,,,,0,0,0,0,0,0,,,,0,,0,0,,0,,,0,0,,0,,,0,0,1900-01-01 6:00:00,0,,,,0,,,,0,,,,0,0,0,,,,,,,,,,,0,,,0,,0,0,,,,,,0,,,,,0,,,0,,,,,,0,,,,,,,,,1900-01-01 6:00:00,0,,,,,1900-01-01 6:00:00,,1900-01-01 6:00:00,,,,,0,,,,,,0,,,,0,,,0,,,,,0,0,,,,,,0,0,,,,,,,,,,,,0,0,0,0,0,0,,,,,,,,,2,2022,0,,,,,0,,,,,,,,,,1900-01-01 6:00:00,,,,,,,,0,0,,,,,,,,,0,,,0,0,0,,0,,,,,,,,,0,,FALSE,2023-10-05 8:38:59,
100,216,4272,LQ,,,,2,2021-07-21 5:00:00,,,,,,,,,0,0,M,0,,,,0,0,0,0,0,0,0,0,,,,,1900-01-01 6:00:00,,,,,,,,,0,0,0,0,0,0,,,,0,,0,0,,0,,,0,0,,0,,,0,0,1900-01-01 6:00:00,0,,,,0,,,,0,,,,0,0,0,,,,,,,,,,,0,,,0,,0,0,,,,,,0,,,,,0,,,0,,,,,,0,,,,,,,,,1900-01-01 6:00:00,0,,,,,1900-01-01 6:00:00,,1900-01-01 6:00:00,,,,,0,,,,,,0,,,,0,,,0,,,,,0,0,,,,,,0,0,,,,,,,,,,,,0,0,0,0,0,0,,,,,,,,,2,2022,0,,,,,0,,,,,,,,,,1900-01-01 6:00:00,,,,,,,,0,0,,,,,,,,,0,,,0,0,0,,0,,,,,,,,,0,,FALSE,2023-10-05 8:39:00,
100,220,4272,LQ,,,,2,2021-07-21 5:00:00,,,,,,,,,0,0,M,0,,,,0,0,0,0,0,0,0,0,,,,,1900-01-01 6:00:00,,,,,,,,,0,0,0,0,0,0,,,,0,,0,0,,0,,,0,0,,0,,,0,0,1900-01-01 6:00:00,0,,,,0,,,,0,,,,0,0,0,,,,,,,,,,,0,,,0,,0,0,,,,,,0,,,,,0,,,0,,,,,,0,,,,,,,,,1900-01-01 6:00:00,0,,,,,1900-01-01 6:00:00,,1900-01-01 6:00:00,,,,,0,,,,,,0,,,,0,,,0,,,,,0,0,,,,,,0,0,,,,,,,,,,,,0,0,0,0,0,0,,,,,,,,,2,2022,0,,,,,0,,,,,,,,,,1900-01-01 6:00:00,,,,,,,,0,0,,,,,,,,,0,,,0,0,0,,0,,,,,,,,,0,,FALSE,2023-10-05 8:39:00,
100,297,4238,LQ,,,,2,2022-01-25 6:00:00,,,,,,,,,0,0,M,0,,,,0,0,0,0,0,0,0,0,,,,,1900-01-01 6:00:00,,,,,,,,,0,0,0,0,0,0,,,,0,,0,0,,0,,,0,0,,0,,,0,0,1900-01-01 6:00:00,0,,,,0,,,,0,,,,0,0,0,,,,,,,,,,,0,,,0,,0,0,,,,,,0,,,,,0,,,0,,,,,,0,,,,,,,,,1900-01-01 6:00:00,0,,,,,1900-01-01 6:00:00,,1900-01-01 6:00:00,,,,,0,,,,,,0,,,,0,,,0,,,,,0,0,,,,,,0,0,,,,,,,,,,,,0,0,0,0,0,0,,,,,,,,,9,2022,0,,,,,0,,,,,,,,,,1900-01-01 6:00:00,,,,,,,,0,0,,,,,,,,,0,,,0,0,0,,0,,,,,,,,,0,,FALSE,2023-10-05 8:39:42,
100,303,4238,LQ,,,,2,2022-01-25 6:00:00,,,,,,,,,0,0,M,0,,,,0,0,0,0,0,0,0,0,,,,,1900-01-01 6:00:00,,,,,,,,,0,0,0,0,0,0,,,,0,,0,0,,0,,,0,0,,0,,,0,0,1900-01-01 6:00:00,0,,,,0,,,,0,,,,0,0,0,,,,,,,,,,,0,,,0,,0,0,,,,,,0,,,,,0,,,0,,,,,,0,,,,,,,,,1900-01-01 6:00:00,0,,,,,1900-01-01 6:00:00,,1900-01-01 6:00:00,,,,,0,,,,,,0,,,,0,,,0,,,,,0,0,,,,,,0,0,,,,,,,,,,,,0,0,0,0,0,0,,,,,,,,,9,2022,0,,,,,0,,,,,,,,,,1900-01-01 6:00:00,,,,,,,,0,0,,,,,,,,,0,,,0,0,0,,0,,,,,,,,,0,,FALSE,2023-10-05 8:39:42,
100,306,4238,LQ,,,,2,2022-01-25 6:00:00,,,,,,,,,0,0,M,0,,,,0,0,0,0,0,0,0,0,,,,,1900-01-01 6:00:00,,,,,,,,,0,0,0,0,0,0,,,,0,,0,0,,0,,,0,0,,0,,,0,0,1900-01-01 6:00:00,0,,,,0,,,,0,,,,0,0,0,,,,,,,,,,,0,,,0,,0,0,,,,,,0,,,,,0,,,0,,,,,,0,,,,,,,,,1900-01-01 6:00:00,0,,,,,1900-01-01 6:00:00,,1900-01-01 6:00:00,,,,,0,,,,,,0,,,,0,,,0,,,,,0,0,,,,,,0,0,,,,,,,,,,,,0,0,0,0,0,0,,,,,,,,,9,2022,0,,,,,0,,,,,,,,,,1900-01-01 6:00:00,,,,,,,,0,0,,,,,,,,,0,,,0,0,0,,0,,,,,,,,,0,,FALSE,2023-10-05 8:39:42,
100,313,4238,LQ,,,,2,2022-01-25 6:00:00,,,,,,,,,0,0,M,0,,,,0,0,0,0,0,0,0,0,,,,,1900-01-01 6:00:00,,,,,,,,,0,0,0,0,0,0,,,,0,,0,0,,0,,,0,0,,0,,,0,0,1900-01-01 6:00:00,0,,,,0,,,,0,,,,0,0,0,,,,,,,,,,,0,,,0,,0,0,,,,,,0,,,,,0,,,0,,,,,,0,,,,,,,,,1900-01-01 6:00:00,0,,,,,1900-01-01 6:00:00,,1900-01-01 6:00:00,,,,,0,,,,,,0,,,,0,,,0,,,,,0,0,,,,,,0,0,,,,,,,,,,,,0,0,0,0,0,0,,,,,,,,,9,2022,0,,,,,0,,,,,,,,,,1900-01-01 6:00:00,,,,,,,,0,0,,,,,,,,,0,,,0,0,0,,0,,,,,,,,,0,,FALSE,2023-10-05 8:35:52,
100,319,4238,LQ,,,,2,2022-01-25 6:00:00,,,,,,,,,0,0,M,0,,,,0,0,0,0,0,0,0,0,,,,,1900-01-01 6:00:00,,,,,,,,,0,0,0,0,0,0,,,,0,,0,0,,0,,,0,0,,0,,,0,0,1900-01-01 6:00:00,0,,,,0,,,,0,,,,0,0,0,,,,,,,,,,,0,,,0,,0,0,,,,,,0,,,,,0,,,0,,,,,,0,,,,,,,,,1900-01-01 6:00:00,0,,,,,1900-01-01 6:00:00,,1900-01-01 6:00:00,,,,,0,,,,,,0,,,,0,,,0,,,,,0,0,,,,,,0,0,,,,,,,,,,,,0,0,0,0,0,0,,,,,,,,,9,2022,0,,,,,0,,,,,,,,,,1900-01-01 6:00:00,,,,,,,,0,0,,,,,,,,,0,,,0,0,0,,0,,,,,,,,,0,,FALSE,2023-10-05 8:35:52,
100,334,4238,LQ,,,,2,2022-01-25 6:00:00,,,,,,,,,0,0,M,0,,,,0,0,0,0,0,0,0,0,,,,,1900-01-01 6:00:00,,,,,,,,,0,0,0,0,0,0,,,,0,,0,0,,0,,,0,0,,0,,,0,0,1900-01-01 6:00:00,0,,,,0,,,,0,,,,0,0,0,,,,,,,,,,,0,,,0,,0,0,,,,,,0,,,,,0,,,0,,,,,,0,,,,,,,,,1900-01-01 6:00:00,0,,,,,1900-01-01 6:00:00,,1900-01-01 6:00:00,,,,,0,,,,,,0,,,,0,,,0,,,,,0,0,,,,,,0,0,,,,,,,,,,,,0,0,0,0,0,0,,,,,,,,,9,2022,0,,,,,0,,,,,,,,,,1900-01-01 6:00:00,,,,,,,,0,0,,,,,,,,,0,,,0,0,0,,0,,,,,,,,,0,,FALSE,2023-10-05 8:35:53,
100,371,4238,LQ,,,,2,2022-01-25 6:00:00,,,,,,,,,0,0,M,0,,,,0,0,0,0,0,0,0,0,,,,,1900-01-01 6:00:00,,,,,,,,,0,0,0,0,0,0,,,,0,,0,0,,0,,,0,0,,0,,,0,0,1900-01-01 6:00:00,0,,,,0,,,,0,,,,0,0,0,,,,,,,,,,,0,,,0,,0,0,,,,,,0,,,,,0,,,0,,,,,,0,,,,,,,,,1900-01-01 6:00:00,0,,,,,1900-01-01 6:00:00,,1900-01-01 6:00:00,,,,,0,,,,,,0,,,,0,,,0,,,,,0,0,,,,,,0,0,,,,,,,,,,,,0,0,0,0,0,0,,,,,,,,,9,2022,0,,,,,0,,,,,,,,,,1900-01-01 6:00:00,,,,,,,,0,0,,,,,,,,,0,,,0,0,0,,0,,,,,,,,,0,,FALSE,2023-10-05 8:39:19,
100,377,4238,LQ,,,,2,2022-01-25 6:00:00,,,,,,,,,0,0,M,0,,,,0,0,0,0,0,0,0,0,,,,,1900-01-01 6:00:00,,,,,,,,,0,0,0,0,0,0,,,,0,,0,0,,0,,,0,0,,0,,,0,0,1900-01-01 6:00:00,0,,,,0,,,,0,,,,0,0,0,,,,,,,,,,,0,,,0,,0,0,,,,,,0,,,,,0,,,0,,,,,,0,,,,,,,,,1900-01-01 6:00:00,0,,,,,1900-01-01 6:00:00,,1900-01-01 6:00:00,,,,,0,,,,,,0,,,,0,,,0,,,,,0,0,,,,,,0,0,,,,,,,,,,,,0,0,0,0,0,0,,,,,,,,,9,2022,0,,,,,0,,,,,,,,,,1900-01-01 6:00:00,,,,,,,,0,0,,,,,,,,,0,,,0,0,0,,0,,,,,,,,,0,,FALSE,2023-10-05 8:39:19,
100,395,4238,LQ,,,,2,2022-01-25 6:00:00,,,,,,,,,0,0,M,0,,,,0,0,0,0,0,0,0,0,,,,,1900-01-01 6:00:00,,,,,,,,,0,0,0,0,0,0,,,,0,,0,0,,0,,,0,0,,0,,,0,0,1900-01-01 6:00:00,0,,,,0,,,,0,,,,0,0,0,,,,,,,,,,,0,,,0,,0,0,,,,,,0,,,,,0,,,0,,,,,,0,,,,,,,,,1900-01-01 6:00:00,0,,,,,1900-01-01 6:00:00,,1900-01-01 6:00:00,,,,,0,,,,,,0,,,,0,,,0,,,,,0,0,,,,,,0,0,,,,,,,,,,,,0,0,0,0,0,0,,,,,,,,,9,2022,0,,,,,0,,,,,,,,,,1900-01-01 6:00:00,,,,,,,,0,0,,,,,,,,,0,,,0,0,0,,0,,,,,,,,,0,,FALSE,2023-10-05 8:39:19,
100,404,4238,LQ,,,,2,2022-01-25 6:00:00,,,,,,,,,0,0,M,0,,,,0,0,0,0,0,0,0,0,,,,,1900-01-01 6:00:00,,,,,,,,,0,0,0,0,0,0,,,,0,,0,0,,0,,,0,0,,0,,,0,0,1900-01-01 6:00:00,0,,,,0,,,,0,,,,0,0,0,,,,,,,,,,,0,,,0,,0,0,,,,,,0,,,,,0,,,0,,,,,,0,,,,,,,,,1900-01-01 6:00:00,0,,,,,1900-01-01 6:00:00,,1900-01-01 6:00:00,,,,,0,,,,,,0,,,,0,,,0,,,,,0,0,,,,,,0,0,,,,,,,,,,,,0,0,0,0,0,0,,,,,,,,,9,2022,0,,,,,0,,,,,,,,,,1900-01-01 6:00:00,,,,,,,,0,0,,,,,,,,,0,,,0,0,0,,0,,,,,,,,,0,,FALSE,2023-10-05 8:39:19,
100,410,4238,LQ,,,,2,2022-01-25 6:00:00,,,,,,,,,0,0,M,0,,,,0,0,0,0,0,0,0,0,,,,,1900-01-01 6:00:00,,,,,,,,,0,0,0,0,0,0,,,,0,,0,0,,0,,,0,0,,0,,,0,0,1900-01-01 6:00:00,0,,,,0,,,,0,,,,0,0,0,,,,,,,,,,,0,,,0,,0,0,,,,,,0,,,,,0,,,0,,,,,,0,,,,,,,,,1900-01-01 6:00:00,0,,,,,1900-01-01 6:00:00,,1900-01-01 6:00:00,,,,,0,,,,,,0,,,,0,,,0,,,,,0,0,,,,,,0,0,,,,,,,,,,,,0,0,0,0,0,0,,,,,,,,,9,2022,0,,,,,0,,,,,,,,,,1900-01-01 6:00:00,,,,,,,,0,0,,,,,,,,,0,,,0,0,0,,0,,,,,,,,,0,,FALSE,2023-10-05 8:39:19,
100,412,4238,LQ,,,,2,2022-01-25 6:00:00,,,,,,,,,0,0,M,0,,,,0,0,0,0,0,0,0,0,,,,,1900-01-01 6:00:00,,,,,,,,,0,0,0,0,0,0,,,,0,,0,0,,0,,,0,0,,0,,,0,0,1900-01-01 6:00:00,0,,,,0,,,,0,,,,0,0,0,,,,,,,,,,,0,,,0,,0,0,,,,,,0,,,,,0,,,0,,,,,,0,,,,,,,,,1900-01-01 6:00:00,0,,,,,1900-01-01 6:00:00,,1900-01-01 6:00:00,,,,,0,,,,,,0,,,,0,,,0,,,,,0,0,,,,,,0,0,,,,,,,,,,,,0,0,0,0,0,0,,,,,,,,,9,2022,0,,,,,0,,,,,,,,,,1900-01-01 6:00:00,,,,,,,,0,0,,,,,,,,,0,,,0,0,0,,0,,,,,,,,,0,,FALSE,2023-10-05 8:38:55,
100,422,4238,LQ,,,,2,2022-01-25 6:00:00,,,,,,,,,0,0,M,0,,,,0,0,0,0,0,0,0,0,,,,,1900-01-01 6:00:00,,,,,,,,,0,0,0,0,0,0,,,,0,,0,0,,0,,,0,0,,0,,,0,0,1900-01-01 6:00:00,0,,,,0,,,,0,,,,0,0,0,,,,,,,,,,,0,,,0,,0,0,,,,,,0,,,,,0,,,0,,,,,,0,,,,,,,,,1900-01-01 6:00:00,0,,,,,1900-01-01 6:00:00,,1900-01-01 6:00:00,,,,,0,,,,,,0,,,,0,,,0,,,,,0,0,,,,,,0,0,,,,,,,,,,,,0,0,0,0,0,0,,,,,,,,,9,2022,0,,,,,0,,,,,,,,,,1900-01-01 6:00:00,,,,,,,,0,0,,,,,,,,,0,,,0,0,0,,0,,,,,,,,,0,,FALSE,2023-10-05 8:38:55,
100,429,4273,LQ,,,,Y2,2023-01-03 6:00:00,,,,,,,,,0,0,P,0,,,,0,0,0,0,0,0,0,0,,,,,1900-01-01 6:00:00,,,,,,,,,0,0,0,0,0,0,,,,0,,0,0,,0,,,0,0,,0,,,0,0,1900-01-01 6:00:00,0,,,,0,,,,0,,5,,0,0,0,,,,,,,,,,P4273,0,,,0,,0,0,,,,,,0,,,,,0,,,0,,,,,,0,,,,,,,,,1900-01-01 6:00:00,0,,,,,1900-01-01 6:00:00,,1900-01-01 6:00:00,,,,,0,,,,,,0,,,,0,,,0,,,,,0,0,,,,,,0,0,,,,,,,,,,,,0,0,0,0,0,0,,,,,,,,,6,2022,0,,,,,0,,,,,,,,,,1900-01-01 6:00:00,,,,,,,,0,0,,,,,,,,,0,,,0,0,0,,0,,,,,,,,,0,,FALSE,2023-10-05 8:37:43,
100,454,4238,LQ,,,,2,2022-01-25 6:00:00,,,,,,,,,0,0,M,0,,,,0,0,0,0,0,0,0,0,,,,,1900-01-01 6:00:00,,,,,,,,,0,0,0,0,0,0,,,,0,,0,0,,0,,,0,0,,0,,,0,0,1900-01-01 6:00:00,0,,,,0,,,,0,,,,0,0,0,,,,,,,,,,,0,,,0,,0,0,,,,,,0,,,,,0,,,0,,,,,,0,,,,,,,,,1900-01-01 6:00:00,0,,,,,1900-01-01 6:00:00,,1900-01-01 6:00:00,,,,,0,,,,,,0,,,,0,,,0,,,,,0,0,,,,,,0,0,,,,,,,,,,,,0,0,0,0,0,0,,,,,,,,,9,2022,0,,,,,0,,,,,,,,,,1900-01-01 6:00:00,,,,,,,,0,0,,,,,,,,,0,,,0,0,0,,0,,,,,,,,,0,,FALSE,2023-10-05 8:38:55,
100,457,4238,LQ,,,,2,2022-01-25 6:00:00,,,,,,,,,0,0,M,0,,,,0,0,0,0,0,0,0,0,,,,,1900-01-01 6:00:00,,,,,,,,,0,0,0,0,0,0,,,,0,,0,0,,0,,,0,0,,0,,,0,0,1900-01-01 6:00:00,0,,,,0,,,,0,,,,0,0,0,,,,,,,,,,,0,,,0,,0,0,,,,,,0,,,,,0,,,0,,,,,,0,,,,,,,,,1900-01-01 6:00:00,0,,,,,1900-01-01 6:00:00,,1900-01-01 6:00:00,,,,,0,,,,,,0,,,,0,,,0,,,,,0,0,,,,,,0,0,,,,,,,,,,,,0,0,0,0,0,0,,,,,,,,,9,2022,0,,,,,0,,,,,,,,,,1900-01-01 6:00:00,,,,,,,,0,0,,,,,,,,,0,,,0,0,0,,0,,,,,,,,,0,,FALSE,2023-10-05 8:38:55,
100,463,4238,LQ,,,,2,2022-01-25 6:00:00,,,,,,,,,0,0,M,0,,,,0,0,0,0,0,0,0,0,,,,,1900-01-01 6:00:00,,,,,,,,,0,0,0,0,0,0,,,,0,,0,0,,0,,,0,0,,0,,,0,0,1900-01-01 6:00:00,0,,,,0,,,,0,,,,0,0,0,,,,,,,,,,,0,,,0,,0,0,,,,,,0,,,,,0,,,0,,,,,,0,,,,,,,,,1900-01-01 6:00:00,0,,,,,1900-01-01 6:00:00,,1900-01-01 6:00:00,,,,,0,,,,,,0,,,,0,,,0,,,,,0,0,,,,,,0,0,,,,,,,,,,,,0,0,0,0,0,0,,,,,,,,,9,2022,0,,,,,0,,,,,,,,,,1900-01-01 6:00:00,,,,,,,,0,0,,,,,,,,,0,,,0,0,0,,0,,,,,,,,,0,,FALSE,2023-10-05 8:38:55,
100,466,4238,LQ,,,,2,2022-01-25 6:00:00,,,,,,,,,0,0,M,0,,,,0,0,0,0,0,0,0,0,,,,,1900-01-01 6:00:00,,,,,,,,,0,0,0,0,0,0,,,,0,,0,0,,0,,,0,0,,0,,,0,0,1900-01-01 6:00:00,0,,,,0,,,,0,,,,0,0,0,,,,,,,,,,,0,,,0,,0,0,,,,,,0,,,,,0,,,0,,,,,,0,,,,,,,,,1900-01-01 6:00:00,0,,,,,1900-01-01 6:00:00,,1900-01-01 6:00:00,,,,,0,,,,,,0,,,,0,,,0,,,,,0,0,,,,,,0,0,,,,,,,,,,,,0,0,0,0,0,0,,,,,,,,,9,2022,0,,,,,0,,,,,,,,,,1900-01-01 6:00:00,,,,,,,,0,0,,,,,,,,,0,,,0,0,0,,0,,,,,,,,,0,,FALSE,2023-10-05 8:38:55,
100,470,4254,LBQ,,,,2,2020-05-28 5:00:00,,,,,,,,,0,0,M,0,,,,0,0,0,0,0,0,0,0,,,,,1900-01-01 6:00:00,,,,,,,,,0,0,0,0,0,0,,,,0,,0,0,,0,,,0,0,,0,,,0,0,1900-01-01 6:00:00,0,,,,0,,,,0,,,,0,0,0,,,,,,,,,,,0,,,0,,0,0,,,,,,0,,,,,0,,,0,,,,,,0,,,,,,,,,1900-01-01 6:00:00,0,,,,,1900-01-01 6:00:00,,1900-01-01 6:00:00,,,,,0,,,,,,0,,,,0,,,0,,,,,0,0,,,,,,0,0,,,,,,,,,,,,0,0,0,0,0,0,,,,,,,,,12,2022,0,,,,,0,,,,,,,,,,1900-01-01 6:00:00,,,,,,,,0,0,,,,,,,,,0,,,0,0,0,,0,,,,,,,,,0,,FALSE,2023-10-05 8:40:34,
100,481,4238,LQ,,,,2,2022-02-12 6:00:00,,,,,,,,,0,0,M,0,,,,0,0,0,0,0,0,0,0,,,,,1900-01-01 6:00:00,,,,,,,,,0,0,0,0,0,0,,,,0,,0,0,,0,,,0,0,,0,,,0,0,1900-01-01 6:00:00,0,,,,0,,,,0,,,,0,0,0,,,,,,,,,,,0,,,0,,0,0,,,,,,0,,,,,0,,,0,,,,,,0,,,,,,,,,1900-01-01 6:00:00,0,,,,,1900-01-01 6:00:00,,1900-01-01 6:00:00,,,,,0,,,,,,0,,,,0,,,0,,,,,0,0,,,,,,0,0,,,,,,,,,,,,0,0,0,0,0,0,,,,,,,,,9,2022,0,,,,,0,,,,,,,,,,1900-01-01 6:00:00,,,,,,,,0,0,,,,,,,,,0,,,0,0,0,,0,,,,,,,,,0,,FALSE,2023-10-05 8:37:39,
100,485,2128,L,X,,,,1900-01-01 6:00:00,,,,,,,,,0,0,M,0,,,,0,0,0,0,0,0,0,0,,,,,1900-01-01 6:00:00,,,,,,,,,0,0,0,0,0,0,,,,0,,0,0,,0,,,0,0,,0,,,0,0,1900-01-01 6:00:00,0,,,,0,,,,0,,,,0,0,0,,,,,,,,,,,0,,,0,,0,0,,,,,,0,,,,,0,,,0,,,,,,0,,,,,,,,,1900-01-01 6:00:00,0,,,,,1900-01-01 6:00:00,,1900-01-01 6:00:00,,,,,0,,,,,,0,,,,0,,,0,,,,,0,0,,,,,,0,0,,,,,,,,,,,,0,0,0,0,0,0,,,,,,,,,9,2014,0,,,,,0,,,,,,,,,,1900-01-01 6:00:00,,,,,,,,0,0,,,,,,,,,0,,,0,0,0,,0,,,,,,,,,0,,FALSE,2023-10-05 8:35:38,
100,488,4238,LQB,,,,,1900-01-01 6:00:00,,,,,,,,,0,0,M,0,,,,0,0,0,0,0,0,0,0,,,,,1900-01-01 6:00:00,,,,,,,,,0,0,0,0,0,0,,,,0,,0,0,,0,,,0,0,,0,,,0,0,1900-01-01 6:00:00,0,,,,0,,,,0,,,,0,0,0,,,,,,,,,,,0,,,0,,0,0,,,,,,0,,,,,0,,,0,,,,,,0,,,,,,,,,1900-01-01 6:00:00,0,,,,,1900-01-01 6:00:00,,1900-01-01 6:00:00,,,,,0,,,,,,0,,,,0,,,0,,,,,0,0,,,,,,0,0,,,,,,,,,,,,0,0,0,0,0,0,,,,,,,,,10,2022,0,,,,,0,,,,,,,,,,1900-01-01 6:00:00,,,,,,,,0,0,,,,,,,,,0,,,0,0,0,,0,,,,,,,,,0,,FALSE,2023-10-05 8:39:01,
100,491,2102,L,,,,,1900-01-01 6:00:00,,,,,,,,,0,0,M,0,,,,0,0,0,0,0,0,0,0,,,,,1900-01-01 6:00:00,,,,,,,,,0,0,0,0,0,0,,,,0,,0,0,,0,,,0,0,,0,,,0,0,1900-01-01 6:00:00,0,,,,0,,,,0,,,,0,0,0,,,,,,,,,,,0,,,0,,0,0,,,,,,0,,,,,0,,,0,,,,,,0,,,,,,,,,1900-01-01 6:00:00,0,,,,,1900-01-01 6:00:00,,1900-01-01 6:00:00,,,,,0,,,,,,0,,,,0,,,0,,,,,0,0,,,,,,0,0,,,,,,,,,,,,0,0,0,0,0,0,,,,,,,,,10,2014,0,,,,,0,,,,,,,,,,1900-01-01 6:00:00,,,,,,,,0,0,,,,,,,,,0,,,0,0,0,,0,,,,,,,,,0,,FALSE,2023-10-05 8:38:46,
100,530,4238,LBQ,,,,,1900-01-01 6:00:00,,,,,,,,,0,0,M,0,,,,0,0,0,0,0,0,0,0,,,,,1900-01-01 6:00:00,,,,,,,,,0,0,0,0,0,0,,,,0,,0,0,,0,,,0,0,,0,,,0,0,1900-01-01 6:00:00,0,,,,0,,,,0,,,,0,0,0,,,,,,,,,,,0,,,0,,0,0,,,,,,0,,,,,0,,,0,,,,,,0,,,,,,,,,1900-01-01 6:00:00,0,,,,,1900-01-01 6:00:00,,1900-01-01 6:00:00,,,,,0,,,,,,0,,,,0,,,0,,,,,0,0,,,,,,0,0,,,,,,,,,,,,0,0,0,0,0,0,,,,,,,,,3,2023,0,,,,,0,,,,,,,,,,1900-01-01 6:00:00,,,,,,,,0,0,,,,,,,,,0,,,0,0,0,,0,,,,,,,,,0,,FALSE,2023-10-05 8:38:51,
100,543,4238,LBQ,,,,,1900-01-01 6:00:00,,,,,,,,,0,0,M,0,,,,0,0,0,0,0,0,0,0,,,,,1900-01-01 6:00:00,,,,,,,,,0,0,0,0,0,0,,,,0,,0,0,,0,,,0,0,,0,,,0,0,1900-01-01 6:00:00,0,,,,0,,,,0,,,,0,0,0,,,,,,,,,,,0,,,0,,0,0,,,,,,0,,,,,0,,,0,,,,,,0,,,,,,,,,1900-01-01 6:00:00,0,,,,,1900-01-01 6:00:00,,1900-01-01 6:00:00,,,,,0,,,,,,0,,,,0,,,0,,,,,0,0,,,,,,0,0,,,,,,,,,,,,0,0,0,0,0,0,,,,,,,,,3,2023,0,,,,,0,,,,,,,,,,1900-01-01 6:00:00,,,,,,,,0,0,,,,,,,,,0,,,0,0,0,,0,,,,,,,,,0,,FALSE,2023-10-05 8:38:57,
100,576,4216,LBQ,,,,2,2021-07-21 5:00:00,,,,,,,,,0,0,M,0,,,,0,0,0,0,0,0,0,0,,,,,1900-01-01 6:00:00,,,,,,,,,0,0,0,0,0,0,,,,0,,0,0,,0,,,0,0,,0,,,0,0,1900-01-01 6:00:00,0,,,,0,,,,0,,,,0,0,0,,,,,,,,,,,0,,,0,,0,0,,,,,,0,,,,,0,,,0,,,,,,0,,,,,,,,,1900-01-01 6:00:00,0,,,,,1900-01-01 6:00:00,,1900-01-01 6:00:00,,,,,0,,,,,,0,,,,0,,,0,,,,,0,0,,,,,,0,0,,,,,,,,,,,,0,0,0,0,0,0,,,,,,,,,5,2023,0,,,,,0,,,,,,,,,,1900-01-01 6:00:00,,,,,,,,0,0,,,,,,,,,0,,,0,0,0,,0,,,,,,,,,0,,FALSE,2023-10-05 8:38:37,
100,577,4238,LBQ,,,,,1900-01-01 6:00:00,,,,,,,,,0,0,M,0,,,,0,0,0,0,0,0,0,0,,,,,1900-01-01 6:00:00,,,,,,,,,0,0,0,0,0,0,,,,0,,0,0,,0,,,0,0,,0,,,0,0,1900-01-01 6:00:00,0,,,,0,,,,0,,,,0,0,0,,,,,,,,,,,0,,,0,,0,0,,,,,,0,,,,,0,,,0,,,,,,0,,,,,,,,,1900-01-01 6:00:00,0,,,,,1900-01-01 6:00:00,,1900-01-01 6:00:00,,,,,0,,,,,,0,,,,0,,,0,,,,,0,0,,,,,,0,0,,,,,,,,,,,,0,0,0,0,0,0,,,,,,,,,5,2023,0,,,,,0,,,,,,,,,,1900-01-01 6:00:00,,,,,,,,0,0,,,,,,,,,0,,,0,0,0,,0,,,,,,,,,0,,FALSE,2023-10-05 8:38:13,
100,579,4238,LBQ,,,,,1900-01-01 6:00:00,,,,,,,,,0,0,M,0,,,,0,0,0,0,0,0,0,0,,,,,1900-01-01 6:00:00,,,,,,,,,0,0,0,0,0,0,,,,0,,0,0,,0,,,0,0,,0,,,0,0,1900-01-01 6:00:00,0,,,,0,,,,0,,,,0,0,0,,,,,,,,,,,0,,,0,,0,0,,,,,,0,,,,,0,,,0,,,,,,0,,,,,,,,,1900-01-01 6:00:00,0,,,,,1900-01-01 6:00:00,,1900-01-01 6:00:00,,,,,0,,,,,,0,,,,0,,,0,,,,,0,0,,,,,,0,0,,,,,,,,,,,,0,0,0,0,0,0,,,,,,,,,5,2023,0,,,,,0,,,,,,,,,,1900-01-01 6:00:00,,,,,,,,0,0,,,,,,,,,0,,,0,0,0,,0,,,,,,,,,0,,FALSE,2023-10-05 8:42:06,
100,583,4238,LBQ,,,,,1900-01-01 6:00:00,,,,,,,,,0,0,M,0,,,,0,0,0,0,0,0,0,0,,,,,1900-01-01 6:00:00,,,,,,,,,0,0,0,0,0,0,,,,0,,0,0,,0,,,0,0,,0,,,0,0,1900-01-01 6:00:00,0,,,,0,,,,0,,,,0,0,0,,,,,,,,,,,0,,,0,,0,0,,,,,,0,,,,,0,,,0,,,,,,0,,,,,,,,,1900-01-01 6:00:00,0,,,,,1900-01-01 6:00:00,,1900-01-01 6:00:00,,,,,0,,,,,,0,,,,0,,,0,,,,,0,0,,,,,,0,0,,,,,,,,,,,,0,0,0,0,0,0,,,,,,,,,5,2023,0,,,,,0,,,,,,,,,,1900-01-01 6:00:00,,,,,,,,0,0,,,,,,,,,0,,,0,0,0,,0,,,,,,,,,0,,FALSE,2023-10-05 8:34:46,
100,585,4238,LBQ,,,,,1900-01-01 6:00:00,,,,,,,,,0,0,M,0,,,,0,0,0,0,0,0,0,0,,,,,1900-01-01 6:00:00,,,,,,,,,0,0,0,0,0,0,,,,0,,0,0,,0,,,0,0,,0,,,0,0,1900-01-01 6:00:00,0,,,,0,,,,0,,,,0,0,0,,,,,,,,,,,0,,,0,,0,0,,,,,,0,,,,,0,,,0,,,,,,0,,,,,,,,,1900-01-01 6:00:00,0,,,,,1900-01-01 6:00:00,,1900-01-01 6:00:00,,,,,0,,,,,,0,,,,0,,,0,,,,,0,0,,,,,,0,0,,,,,,,,,,,,0,0,0,0,0,0,,,,,,,,,5,2023,0,,,,,0,,,,,,,,,,1900-01-01 6:00:00,,,,,,,,0,0,,,,,,,,,0,,,0,0,0,,0,,,,,,,,,0,,FALSE,2023-10-05 8:38:19,
100,586,4238,LBQ,,,,,1900-01-01 6:00:00,,,,,,,,,0,0,M,0,,,,0,0,0,0,0,0,0,0,,,,,1900-01-01 6:00:00,,,,,,,,,0,0,0,0,0,0,,,,0,,0,0,,0,,,0,0,,0,,,0,0,1900-01-01 6:00:00,0,,,,0,,,,0,,,,0,0,0,,,,,,,,,,,0,,,0,,0,0,,,,,,0,,,,,0,,,0,,,,,,0,,,,,,,,,1900-01-01 6:00:00,0,,,,,1900-01-01 6:00:00,,1900-01-01 6:00:00,,,,,0,,,,,,0,,,,0,,,0,,,,,0,0,,,,,,0,0,,,,,,,,,,,,0,0,0,0,0,0,,,,,,,,,5,2023,0,,,,,0,,,,,,,,,,1900-01-01 6:00:00,,,,,,,,0,0,,,,,,,,,0,,,0,0,0,,0,,,,,,,,,0,,FALSE,2023-10-05 8:39:37,
100,612,5009,LBQ,,,,,1900-01-01 6:00:00,,,,,,,,,0,0,M,0,,,,0,0,0,0,0,0,0,0,,,,,1900-01-01 6:00:00,,,,,,,,,0,0,0,0,0,0,,,,0,,0,0,,0,,,0,0,,0,,,0,0,1900-01-01 6:00:00,0,,,,0,,,,0,,,,0,0,0,,,,,,,,,,,0,,,0,,0,0,,,,,,0,,,,,0,,,0,,,,,,0,,,,,,,,,1900-01-01 6:00:00,0,,,,,1900-01-01 6:00:00,,1900-01-01 6:00:00,,,,,0,,,,,,0,,,,0,,,0,,,,,0,0,,,,,,0,0,,,,,,,,,,,,0,0,0,0,0,0,,,,,,,,,8,2023,0,,,,,0,,,,,,,,,,1900-01-01 6:00:00,,,,,,,,0,0,,,,,,,,,0,,,0,0,0,,0,,,,,,,,,0,,FALSE,2023-10-05 8:35:57,
100,622,4216,LBQ,,,,2,2021-07-21 5:00:00,,,,,,,,,0,0,M,0,,,,0,0,0,0,0,0,0,0,,,,,1900-01-01 6:00:00,,,,,,,,,0,0,0,0,0,0,,,,0,,0,0,,0,,,0,0,,0,,,0,0,1900-01-01 6:00:00,0,,,,0,,,,0,,,,0,0,0,,,,,,,,,,,0,,,0,,0,0,,,,,,0,,,,,0,,,0,,,,,,0,,,,,,,,,1900-01-01 6:00:00,0,,,,,1900-01-01 6:00:00,,1900-01-01 6:00:00,,,,,0,,,,,,0,,,,0,,,0,,,,,0,0,,,,,,0,0,,,,,,,,,,,,0,0,0,0,0,0,,,,,,,,,7,2023,0,,,,,0,,,,,,,,,,1900-01-01 6:00:00,,,,,,,,0,0,,,,,,,,,0,,,0,0,0,,0,,,,,,,,,0,,FALSE,2023-10-05 8:36:05,
100,636,5009,LBQ,,,,,1900-01-01 6:00:00,,,,,,,,,0,0,M,0,,,,0,0,0,0,0,0,0,0,,,,,1900-01-01 6:00:00,,,,,,,,,0,0,0,0,0,0,,,,0,,0,0,,0,,,0,0,,0,,,0,0,1900-01-01 6:00:00,0,,,,0,,,,0,,,,0,0,0,,,,,,,,,,,0,,,0,,0,0,,,,,,0,,,,,0,,,0,,,,,,0,,,,,,,,,1900-01-01 6:00:00,0,,,,,1900-01-01 6:00:00,,1900-01-01 6:00:00,,,,,0,,,,,,0,,,,0,,,0,,,,,0,0,,,,,,0,0,,,,,,,,,,,,0,0,0,0,0,0,,,,,,,,,9,2023,0,,,,,0,,,,,,,,,,1900-01-01 6:00:00,,,,,,,,0,0,,,,,,,,,0,,,0,0,0,,0,,,,,,,,,0,,FALSE,2023-10-05 8:36:02,
100,653,4273,LQ,,,,Y2,2023-01-03 6:00:00,,,,,,,,,0,0,P,0,,,,0,0,0,0,0,0,0,0,,,,,1900-01-01 6:00:00,,,,,,,,,0,0,0,0,0,0,,,,0,,0,0,,0,,,0,0,,0,,,0,0,1900-01-01 6:00:00,0,,,,0,,,,0,,5,,0,0,0,,,,,,,,,,P4273,0,,,0,,0,0,,,,,,0,,,,,0,,,0,,,,,,0,,,,,,,,,1900-01-01 6:00:00,0,,,,,1900-01-01 6:00:00,,1900-01-01 6:00:00,,,,,0,,,,,,0,,,,0,,,0,,,,,0,0,,,,,,0,0,,,,,,,,,,,,0,0,0,0,0,0,,,,,,,,,6,2022,0,,,,,0,,,,,,,,,,1900-01-01 6:00:00,,,,,,,,0,0,,,,,,,,,0,,,0,0,0,,0,,,,,,,,,0,,FALSE,2023-10-05 8:37:44,
100,678,5009,LQB,,,,,1900-01-01 6:00:00,,,,,,,,,0,0,M,0,,,,0,0,0,0,0,0,0,0,,,,,1900-01-01 6:00:00,,,,,,,,,0,0,0,0,0,0,,,,0,,0,0,,0,,,0,0,,0,,,0,0,1900-01-01 6:00:00,0,,,,0,,,,0,,,,0,0,0,,,,,,,,,,,0,,,0,,0,0,,,,,,0,,,,,0,,,0,,,,,,0,,,,,,,,,1900-01-01 6:00:00,0,,,,,1900-01-01 6:00:00,,1900-01-01 6:00:00,,,,,0,,,,,,0,,,,0,,,0,,,,,0,0,,,,,,0,0,,,,,,,,,,,,0,0,0,0,0,0,,,,,,,,,9,2023,0,,,,,0,,,,,,,,,,1900-01-01 6:00:00,,,,,,,,0,0,,,,,,,,,0,,,0,0,0,,0,,,,,,,,,0,,FALSE,2023-10-05 8:40:29,
100,693,4254,LQ,,,,2,2020-05-28 5:00:00,,,,,,,,,0,0,M,0,,,,0,0,0,0,0,0,0,0,,,,,1900-01-01 6:00:00,,,,,,,,,0,0,0,0,0,0,,,,0,,0,0,,0,,,0,0,,0,,,0,0,1900-01-01 6:00:00,0,,,,0,,,,0,,,,0,0,0,,,,,,,,,,,0,,,0,,0,0,,,,,,0,,,,,0,,,0,,,,,,0,,,,,,,,,1900-01-01 6:00:00,0,,,,,1900-01-01 6:00:00,,1900-01-01 6:00:00,,,,,0,,,,,,0,,,,0,,,0,,,,,0,0,,,,,,0,0,,,,,,,,,,,,0,0,0,0,0,0,,,,,,,,,12,2020,0,,,,,0,,,,,,,,,,1900-01-01 6:00:00,,,,,,,,0,0,,,,,,,,,0,,,0,0,0,,0,,,,,,,,,0,,FALSE,2023-10-05 8:38:18,
100,696,4254,LQ,,,,2,2020-05-28 5:00:00,,,,,,,,,0,0,M,0,,,,0,0,0,0,0,0,0,0,,,,,1900-01-01 6:00:00,,,,,,,,,0,0,0,0,0,0,,,,0,,0,0,,0,,,0,0,,0,,,0,0,1900-01-01 6:00:00,0,,,,0,,,,0,,,,0,0,0,,,,,,,,,,,0,,,0,,0,0,,,,,,0,,,,,0,,,0,,,,,,0,,,,,,,,,1900-01-01 6:00:00,0,,,,,1900-01-01 6:00:00,,1900-01-01 6:00:00,,,,,0,,,,,,0,,,,0,,,0,,,,,0,0,,,,,,0,0,,,,,,,,,,,,0,0,0,0,0,0,,,,,,,,,12,2020,0,,,,,0,,,,,,,,,,1900-01-01 6:00:00,,,,,,,,0,0,,,,,,,,,0,,,0,0,0,,0,,,,,,,,,0,,FALSE,2023-10-05 8:38:18,
100,698,4254,LQ,,,,2,2020-05-28 5:00:00,,,,,,,,,0,0,M,0,,,,0,0,0,0,0,0,0,0,,,,,1900-01-01 6:00:00,,,,,,,,,0,0,0,0,0,0,,,,0,,0,0,,0,,,0,0,,0,,,0,0,1900-01-01 6:00:00,0,,,,0,,,,0,,,,0,0,0,,,,,,,,,,,0,,,0,,0,0,,,,,,0,,,,,0,,,0,,,,,,0,,,,,,,,,1900-01-01 6:00:00,0,,,,,1900-01-01 6:00:00,,1900-01-01 6:00:00,,,,,0,,,,,,0,,,,0,,,0,,,,,0,0,,,,,,0,0,,,,,,,,,,,,0,0,0,0,0,0,,,,,,,,,12,2020,0,,,,,0,,,,,,,,,,1900-01-01 6:00:00,,,,,,,,0,0,,,,,,,,,0,,,0,0,0,,0,,,,,,,,,0,,FALSE,2023-10-05 8:38:18,
100,705,4254,LQ,,,,2,2020-05-28 5:00:00,,,,,,,,,0,0,M,0,,,,0,0,0,0,0,0,0,0,,,,,1900-01-01 6:00:00,,,,,,,,,0,0,0,0,0,0,,,,0,,0,0,,0,,,0,0,,0,,,0,0,1900-01-01 6:00:00,0,,,,0,,,,0,,,,0,0,0,,,,,,,,,,,0,,,0,,0,0,,,,,,0,,,,,0,,,0,,,,,,0,,,,,,,,,1900-01-01 6:00:00,0,,,,,1900-01-01 6:00:00,,1900-01-01 6:00:00,,,,,0,,,,,,0,,,,0,,,0,,,,,0,0,,,,,,0,0,,,,,,,,,,,,0,0,0,0,0,0,,,,,,,,,12,2020,0,,,,,0,,,,,,,,,,1900-01-01 6:00:00,,,,,,,,0,0,,,,,,,,,0,,,0,0,0,,0,,,,,,,,,0,,FALSE,2023-10-05 8:38:18,
100,706,4254,LQ,,,,2,2020-05-28 5:00:00,,,,,,,,,0,0,M,0,,,,0,0,0,0,0,0,0,0,,,,,1900-01-01 6:00:00,,,,,,,,,0,0,0,0,0,0,,,,0,,0,0,,0,,,0,0,,0,,,0,0,1900-01-01 6:00:00,0,,,,0,,,,0,,,,0,0,0,,,,,,,,,,,0,,,0,,0,0,,,,,,0,,,,,0,,,0,,,,,,0,,,,,,,,,1900-01-01 6:00:00,0,,,,,1900-01-01 6:00:00,,1900-01-01 6:00:00,,,,,0,,,,,,0,,,,0,,,0,,,,,0,0,,,,,,0,0,,,,,,,,,,,,0,0,0,0,0,0,,,,,,,,,12,2020,0,,,,,0,,,,,,,,,,1900-01-01 6:00:00,,,,,,,,0,0,,,,,,,,,0,,,0,0,0,,0,,,,,,,,,0,,FALSE,2023-10-05 8:38:18,
100,709,4254,LQ,,,,2,2020-05-28 5:00:00,,,,,,,,,0,0,M,0,,,,0,0,0,0,0,0,0,0,,,,,1900-01-01 6:00:00,,,,,,,,,0,0,0,0,0,0,,,,0,,0,0,,0,,,0,0,,0,,,0,0,1900-01-01 6:00:00,0,,,,0,,,,0,,,,0,0,0,,,,,,,,,,,0,,,0,,0,0,,,,,,0,,,,,0,,,0,,,,,,0,,,,,,,,,1900-01-01 6:00:00,0,,,,,1900-01-01 6:00:00,,1900-01-01 6:00:00,,,,,0,,,,,,0,,,,0,,,0,,,,,0,0,,,,,,0,0,,,,,,,,,,,,0,0,0,0,0,0,,,,,,,,,12,2020,0,,,,,0,,,,,,,,,,1900-01-01 6:00:00,,,,,,,,0,0,,,,,,,,,0,,,0,0,0,,0,,,,,,,,,0,,FALSE,2023-10-05 8:38:18,
100,710,4254,LQ,,,,2,2020-05-28 5:00:00,,,,,,,,,0,0,M,0,,,,0,0,0,0,0,0,0,0,,,,,1900-01-01 6:00:00,,,,,,,,,0,0,0,0,0,0,,,,0,,0,0,,0,,,0,0,,0,,,0,0,1900-01-01 6:00:00,0,,,,0,,,,0,,,,0,0,0,,,,,,,,,,,0,,,0,,0,0,,,,,,0,,,,,0,,,0,,,,,,0,,,,,,,,,1900-01-01 6:00:00,0,,,,,1900-01-01 6:00:00,,1900-01-01 6:00:00,,,,,0,,,,,,0,,,,0,,,0,,,,,0,0,,,,,,0,0,,,,,,,,,,,,0,0,0,0,0,0,,,,,,,,,12,2020,0,,,,,0,,,,,,,,,,1900-01-01 6:00:00,,,,,,,,0,0,,,,,,,,,0,,,0,0,0,,0,,,,,,,,,0,,FALSE,2023-10-05 8:38:18,
100,711,4254,LQ,,,,2,2020-05-28 5:00:00,,,,,,,,,0,0,M,0,,,,0,0,0,0,0,0,0,0,,,,,1900-01-01 6:00:00,,,,,,,,,0,0,0,0,0,0,,,,0,,0,0,,0,,,0,0,,0,,,0,0,1900-01-01 6:00:00,0,,,,0,,,,0,,,,0,0,0,,,,,,,,,,,0,,,0,,0,0,,,,,,0,,,,,0,,,0,,,,,,0,,,,,,,,,1900-01-01 6:00:00,0,,,,,1900-01-01 6:00:00,,1900-01-01 6:00:00,,,,,0,,,,,,0,,,,0,,,0,,,,,0,0,,,,,,0,0,,,,,,,,,,,,0,0,0,0,0,0,,,,,,,,,12,2020,0,,,,,0,,,,,,,,,,1900-01-01 6:00:00,,,,,,,,0,0,,,,,,,,,0,,,0,0,0,,0,,,,,,,,,0,,FALSE,2023-10-05 8:38:18,
100,712,4254,LQ,,,,2,2020-05-28 5:00:00,,,,,,,,,0,0,M,0,,,,0,0,0,0,0,0,0,0,,,,,1900-01-01 6:00:00,,,,,,,,,0,0,0,0,0,0,,,,0,,0,0,,0,,,0,0,,0,,,0,0,1900-01-01 6:00:00,0,,,,0,,,,0,,,,0,0,0,,,,,,,,,,,0,,,0,,0,0,,,,,,0,,,,,0,,,0,,,,,,0,,,,,,,,,1900-01-01 6:00:00,0,,,,,1900-01-01 6:00:00,,1900-01-01 6:00:00,,,,,0,,,,,,0,,,,0,,,0,,,,,0,0,,,,,,0,0,,,,,,,,,,,,0,0,0,0,0,0,,,,,,,,,12,2020,0,,,,,0,,,,,,,,,,1900-01-01 6:00:00,,,,,,,,0,0,,,,,,,,,0,,,0,0,0,,0,,,,,,,,,0,,FALSE,2023-10-05 8:38:18,
100,715,4254,LQ,,,,2,2020-05-28 5:00:00,,,,,,,,,0,0,M,0,,,,0,0,0,0,0,0,0,0,,,,,1900-01-01 6:00:00,,,,,,,,,0,0,0,0,0,0,,,,0,,0,0,,0,,,0,0,,0,,,0,0,1900-01-01 6:00:00,0,,,,0,,,,0,,,,0,0,0,,,,,,,,,,,0,,,0,,0,0,,,,,,0,,,,,0,,,0,,,,,,0,,,,,,,,,1900-01-01 6:00:00,0,,,,,1900-01-01 6:00:00,,1900-01-01 6:00:00,,,,,0,,,,,,0,,,,0,,,0,,,,,0,0,,,,,,0,0,,,,,,,,,,,,0,0,0,0,0,0,,,,,,,,,12,2020,0,,,,,0,,,,,,,,,,1900-01-01 6:00:00,,,,,,,,0,0,,,,,,,,,0,,,0,0,0,,0,,,,,,,,,0,,FALSE,2023-10-05 8:38:18,
100,719,4254,LQ,,,,2,2020-05-28 5:00:00,,,,,,,,,0,0,M,0,,,,0,0,0,0,0,0,0,0,,,,,1900-01-01 6:00:00,,,,,,,,,0,0,0,0,0,0,,,,0,,0,0,,0,,,0,0,,0,,,0,0,1900-01-01 6:00:00,0,,,,0,,,,0,,,,0,0,0,,,,,,,,,,,0,,,0,,0,0,,,,,,0,,,,,0,,,0,,,,,,0,,,,,,,,,1900-01-01 6:00:00,0,,,,,1900-01-01 6:00:00,,1900-01-01 6:00:00,,,,,0,,,,,,0,,,,0,,,0,,,,,0,0,,,,,,0,0,,,,,,,,,,,,0,0,0,0,0,0,,,,,,,,,12,2020,0,,,,,0,,,,,,,,,,1900-01-01 6:00:00,,,,,,,,0,0,,,,,,,,,0,,,0,0,0,,0,,,,,,,,,0,,FALSE,2023-10-05 8:38:18,
100,720,4254,LQ,,,,2,2020-05-28 5:00:00,,,,,,,,,0,0,M,0,,,,0,0,0,0,0,0,0,0,,,,,1900-01-01 6:00:00,,,,,,,,,0,0,0,0,0,0,,,,0,,0,0,,0,,,0,0,,0,,,0,0,1900-01-01 6:00:00,0,,,,0,,,,0,,,,0,0,0,,,,,,,,,,,0,,,0,,0,0,,,,,,0,,,,,0,,,0,,,,,,0,,,,,,,,,1900-01-01 6:00:00,0,,,,,1900-01-01 6:00:00,,1900-01-01 6:00:00,,,,,0,,,,,,0,,,,0,,,0,,,,,0,0,,,,,,0,0,,,,,,,,,,,,0,0,0,0,0,0,,,,,,,,,12,2020,0,,,,,0,,,,,,,,,,1900-01-01 6:00:00,,,,,,,,0,0,,,,,,,,,0,,,0,0,0,,0,,,,,,,,,0,,FALSE,2023-10-05 8:38:18,
100,722,4254,LQ,,,,2,2020-05-28 5:00:00,,,,,,,,,0,0,M,0,,,,0,0,0,0,0,0,0,0,,,,,1900-01-01 6:00:00,,,,,,,,,0,0,0,0,0,0,,,,0,,0,0,,0,,,0,0,,0,,,0,0,1900-01-01 6:00:00,0,,,,0,,,,0,,,,0,0,0,,,,,,,,,,,0,,,0,,0,0,,,,,,0,,,,,0,,,0,,,,,,0,,,,,,,,,1900-01-01 6:00:00,0,,,,,1900-01-01 6:00:00,,1900-01-01 6:00:00,,,,,0,,,,,,0,,,,0,,,0,,,,,0,0,,,,,,0,0,,,,,,,,,,,,0,0,0,0,0,0,,,,,,,,,12,2020,0,,,,,0,,,,,,,,,,1900-01-01 6:00:00,,,,,,,,0,0,,,,,,,,,0,,,0,0,0,,0,,,,,,,,,0,,FALSE,2023-10-05 8:38:18,
100,723,4254,LQ,,,,2,2020-05-28 5:00:00,,,,,,,,,0,0,M,0,,,,0,0,0,0,0,0,0,0,,,,,1900-01-01 6:00:00,,,,,,,,,0,0,0,0,0,0,,,,0,,0,0,,0,,,0,0,,0,,,0,0,1900-01-01 6:00:00,0,,,,0,,,,0,,,,0,0,0,,,,,,,,,,,0,,,0,,0,0,,,,,,0,,,,,0,,,0,,,,,,0,,,,,,,,,1900-01-01 6:00:00,0,,,,,1900-01-01 6:00:00,,1900-01-01 6:00:00,,,,,0,,,,,,0,,,,0,,,0,,,,,0,0,,,,,,0,0,,,,,,,,,,,,0,0,0,0,0,0,,,,,,,,,12,2020,0,,,,,0,,,,,,,,,,1900-01-01 6:00:00,,,,,,,,0,0,,,,,,,,,0,,,0,0,0,,0,,,,,,,,,0,,FALSE,2023-10-05 8:38:18,
100,726,4254,LQ,,,,2,2020-05-28 5:00:00,,,,,,,,,0,0,M,0,,,,0,0,0,0,0,0,0,0,,,,,1900-01-01 6:00:00,,,,,,,,,0,0,0,0,0,0,,,,0,,0,0,,0,,,0,0,,0,,,0,0,1900-01-01 6:00:00,0,,,,0,,,,0,,,,0,0,0,,,,,,,,,,,0,,,0,,0,0,,,,,,0,,,,,0,,,0,,,,,,0,,,,,,,,,1900-01-01 6:00:00,0,,,,,1900-01-01 6:00:00,,1900-01-01 6:00:00,,,,,0,,,,,,0,,,,0,,,0,,,,,0,0,,,,,,0,0,,,,,,,,,,,,0,0,0,0,0,0,,,,,,,,,12,2020,0,,,,,0,,,,,,,,,,1900-01-01 6:00:00,,,,,,,,0,0,,,,,,,,,0,,,0,0,0,,0,,,,,,,,,0,,FALSE,2023-10-05 8:38:18,
100,731,4254,LQ,,,,2,2020-05-28 5:00:00,,,,,,,,,0,0,M,0,,,,0,0,0,0,0,0,0,0,,,,,1900-01-01 6:00:00,,,,,,,,,0,0,0,0,0,0,,,,0,,0,0,,0,,,0,0,,0,,,0,0,1900-01-01 6:00:00,0,,,,0,,,,0,,,,0,0,0,,,,,,,,,,,0,,,0,,0,0,,,,,,0,,,,,0,,,0,,,,,,0,,,,,,,,,1900-01-01 6:00:00,0,,,,,1900-01-01 6:00:00,,1900-01-01 6:00:00,,,,,0,,,,,,0,,,,0,,,0,,,,,0,0,,,,,,0,0,,,,,,,,,,,,0,0,0,0,0,0,,,,,,,,,12,2020,0,,,,,0,,,,,,,,,,1900-01-01 6:00:00,,,,,,,,0,0,,,,,,,,,0,,,0,0,0,,0,,,,,,,,,0,,FALSE,2023-10-05 8:38:18,
100,747,4254,LQ,,,,2,2020-05-28 5:00:00,,,,,,,,,0,0,M,0,,,,0,0,0,0,0,0,0,0,,,,,1900-01-01 6:00:00,,,,,,,,,0,0,0,0,0,0,,,,0,,0,0,,0,,,0,0,,0,,,0,0,1900-01-01 6:00:00,0,,,,0,,,,0,,,,0,0,0,,,,,,,,,,,0,,,0,,0,0,,,,,,0,,,,,0,,,0,,,,,,0,,,,,,,,,1900-01-01 6:00:00,0,,,,,1900-01-01 6:00:00,,1900-01-01 6:00:00,,,,,0,,,,,,0,,,,0,,,0,,,,,0,0,,,,,,0,0,,,,,,,,,,,,0,0,0,0,0,0,,,,,,,,,12,2020,0,,,,,0,,,,,,,,,,1900-01-01 6:00:00,,,,,,,,0,0,,,,,,,,,0,,,0,0,0,,0,,,,,,,,,0,,FALSE,2023-10-05 8:38:18,
100,759,4254,LQ,,,,2,2020-05-28 5:00:00,,,,,,,,,0,0,M,0,,,,0,0,0,0,0,0,0,0,,,,,1900-01-01 6:00:00,,,,,,,,,0,0,0,0,0,0,,,,0,,0,0,,0,,,0,0,,0,,,0,0,1900-01-01 6:00:00,0,,,,0,,,,0,,,,0,0,0,,,,,,,,,,,0,,,0,,0,0,,,,,,0,,,,,0,,,0,,,,,,0,,,,,,,,,1900-01-01 6:00:00,0,,,,,1900-01-01 6:00:00,,1900-01-01 6:00:00,,,,,0,,,,,,0,,,,0,,,0,,,,,0,0,,,,,,0,0,,,,,,,,,,,,0,0,0,0,0,0,,,,,,,,,12,2020,0,,,,,0,,,,,,,,,,1900-01-01 6:00:00,,,,,,,,0,0,,,,,,,,,0,,,0,0,0,,0,,,,,,,,,0,,FALSE,2023-10-05 8:38:18,
100,780,4254,LQ,,,,2,2020-05-28 5:00:00,,,,,,,,,0,0,M,0,,,,0,0,0,0,0,0,0,0,,,,,1900-01-01 6:00:00,,,,,,,,,0,0,0,0,0,0,,,,0,,0,0,,0,,,0,0,,0,,,0,0,1900-01-01 6:00:00,0,,,,0,,,,0,,,,0,0,0,,,,,,,,,,,0,,,0,,0,0,,,,,,0,,,,,0,,,0,,,,,,0,,,,,,,,,1900-01-01 6:00:00,0,,,,,1900-01-01 6:00:00,,1900-01-01 6:00:00,,,,,0,,,,,,0,,,,0,,,0,,,,,0,0,,,,,,0,0,,,,,,,,,,,,0,0,0,0,0,0,,,,,,,,,12,2020,0,,,,,0,,,,,,,,,,1900-01-01 6:00:00,,,,,,,,0,0,,,,,,,,,0,,,0,0,0,,0,,,,,,,,,0,,FALSE,2023-10-05 8:38:18,
100,791,4254,LQ,,,,2,2020-05-28 5:00:00,,,,,,,,,0,0,M,0,,,,0,0,0,0,0,0,0,0,,,,,1900-01-01 6:00:00,,,,,,,,,0,0,0,0,0,0,,,,0,,0,0,,0,,,0,0,,0,,,0,0,1900-01-01 6:00:00,0,,,,0,,,,0,,,,0,0,0,,,,,,,,,,,0,,,0,,0,0,,,,,,0,,,,,0,,,0,,,,,,0,,,,,,,,,1900-01-01 6:00:00,0,,,,,1900-01-01 6:00:00,,1900-01-01 6:00:00,,,,,0,,,,,,0,,,,0,,,0,,,,,0,0,,,,,,0,0,,,,,,,,,,,,0,0,0,0,0,0,,,,,,,,,12,2020,0,,,,,0,,,,,,,,,,1900-01-01 6:00:00,,,,,,,,0,0,,,,,,,,,0,,,0,0,0,,0,,,,,,,,,0,,FALSE,2023-10-05 8:38:18,
100,805,4254,LQ,,,,2,2020-05-28 5:00:00,,,,,,,,,0,0,M,0,,,,0,0,0,0,0,0,0,0,,,,,1900-01-01 6:00:00,,,,,,,,,0,0,0,0,0,0,,,,0,,0,0,,0,,,0,0,,0,,,0,0,1900-01-01 6:00:00,0,,,,0,,,,0,,,,0,0,0,,,,,,,,,,,0,,,0,,0,0,,,,,,0,,,,,0,,,0,,,,,,0,,,,,,,,,1900-01-01 6:00:00,0,,,,,1900-01-01 6:00:00,,1900-01-01 6:00:00,,,,,0,,,,,,0,,,,0,,,0,,,,,0,0,,,,,,0,0,,,,,,,,,,,,0,0,0,0,0,0,,,,,,,,,12,2020,0,,,,,0,,,,,,,,,,1900-01-01 6:00:00,,,,,,,,0,0,,,,,,,,,0,,,0,0,0,,0,,,,,,,,,0,,FALSE,2023-10-05 8:38:17,
100,825,7429,LQ,,,,Y2,2023-05-30 5:00:00,,,,,,,,,0,0,P,0,,,,0,0,0,0,0,0,0,0,,,,,1900-01-01 6:00:00,,,,,,,,,0,0,0,0,0,0,,,,0,,0,0,,0,,,0,0,,0,,,0,0,1900-01-01 6:00:00,0,,,,0,,,,0,,5,,0,0,0,,,,,,,,,,P7429,0,,,0,,0,0,,,,,,0,,,,,0,,,0,,,,,,0,,,,,,,,,1900-01-01 6:00:00,0,,,,,1900-01-01 6:00:00,,1900-01-01 6:00:00,,,,,0,,,,,,0,,,,0,,,0,,,,,0,0,,,,,,0,0,,,,,,,,,,,,0,0,0,0,0,0,,,,,,,,,6,2022,0,,,,,0,,,,,,,,,,1900-01-01 6:00:00,,,,,,,,0,0,,,,,,,,,0,,,0,0,0,,0,,,,,,,,,0,,FALSE,2023-10-05 8:42:52,
100,828,7429,LQ,,,,Y2,2023-05-30 5:00:00,,,,,,,,,0,0,P,0,,,,0,0,0,0,0,0,0,0,,,,,1900-01-01 6:00:00,,,,,,,,,0,0,0,0,0,0,,,,0,,0,0,,0,,,0,0,,0,,,0,0,1900-01-01 6:00:00,0,,,,0,,,,0,,5,,0,0,0,,,,,,,,,,P7429,0,,,0,,0,0,,,,,,0,,,,,0,,,0,,,,,,0,,,,,,,,,1900-01-01 6:00:00,0,,,,,1900-01-01 6:00:00,,1900-01-01 6:00:00,,,,,0,,,,,,0,,,,0,,,0,,,,,0,0,,,,,,0,0,,,,,,,,,,,,0,0,0,0,0,0,,,,,,,,,6,2022,0,,,,,0,,,,,,,,,,1900-01-01 6:00:00,,,,,,,,0,0,,,,,,,,,0,,,0,0,0,,0,,,,,,,,,0,,FALSE,2023-10-05 8:42:51,
100,831,4208,LQ,,,,2,2020-08-10 5:00:00,,,,,,,,,0,0,M,0,,,,0,0,0,0,0,0,0,0,,,,,1900-01-01 6:00:00,,,,,,,,,0,0,0,0,0,0,,,,0,,0,0,,0,,,0,0,,0,,,0,0,1900-01-01 6:00:00,0,,,,0,,,,0,,,,0,0,0,,,,,,,,,,,0,,,0,,0,0,,,,,,0,,,,,0,,,0,,,,,,0,,,,,,,,,1900-01-01 6:00:00,0,,,,,1900-01-01 6:00:00,,1900-01-01 6:00:00,,,,,0,,,,,,0,,,,0,,,0,,,,,0,0,,,,,,0,0,,,,,,,,,,,,0,0,0,0,0,0,,,,,,,,,3,2021,0,,,,,0,,,,,,,,,,1900-01-01 6:00:00,,,,,,,,0,0,,,,,,,,,0,,,0,0,0,,0,,,,,,,,,0,,FALSE,2023-10-05 8:36:34,
100,833,4208,LQ,,,,2,2020-08-10 5:00:00,,,,,,,,,0,0,M,0,,,,0,0,0,0,0,0,0,0,,,,,1900-01-01 6:00:00,,,,,,,,,0,0,0,0,0,0,,,,0,,0,0,,0,,,0,0,,0,,,0,0,1900-01-01 6:00:00,0,,,,0,,,,0,,,,0,0,0,,,,,,,,,,,0,,,0,,0,0,,,,,,0,,,,,0,,,0,,,,,,0,,,,,,,,,1900-01-01 6:00:00,0,,,,,1900-01-01 6:00:00,,1900-01-01 6:00:00,,,,,0,,,,,,0,,,,0,,,0,,,,,0,0,,,,,,0,0,,,,,,,,,,,,0,0,0,0,0,0,,,,,,,,,3,2021,0,,,,,0,,,,,,,,,,1900-01-01 6:00:00,,,,,,,,0,0,,,,,,,,,0,,,0,0,0,,0,,,,,,,,,0,,FALSE,2023-10-05 8:36:34,
100,837,4208,LQ,,,,2,2020-08-10 5:00:00,,,,,,,,,0,0,M,0,,,,0,0,0,0,0,0,0,0,,,,,1900-01-01 6:00:00,,,,,,,,,0,0,0,0,0,0,,,,0,,0,0,,0,,,0,0,,0,,,0,0,1900-01-01 6:00:00,0,,,,0,,,,0,,,,0,0,0,,,,,,,,,,,0,,,0,,0,0,,,,,,0,,,,,0,,,0,,,,,,0,,,,,,,,,1900-01-01 6:00:00,0,,,,,1900-01-01 6:00:00,,1900-01-01 6:00:00,,,,,0,,,,,,0,,,,0,,,0,,,,,0,0,,,,,,0,0,,,,,,,,,,,,0,0,0,0,0,0,,,,,,,,,3,2021,0,,,,,0,,,,,,,,,,1900-01-01 6:00:00,,,,,,,,0,0,,,,,,,,,0,,,0,0,0,,0,,,,,,,,,0,,FALSE,2023-10-05 8:36:34,
100,858,4225,LQ,,,,2,2020-08-10 5:00:00,,,,,,,,,0,0,M,0,,,,0,0,0,0,0,0,0,0,,,,,1900-01-01 6:00:00,,,,,,,,,0,0,0,0,0,0,,,,0,,0,0,,0,,,0,0,,0,,,0,0,1900-01-01 6:00:00,0,,,,0,,,,0,,,,0,0,0,,,,,,,,,,,0,,,0,,0,0,,,,,,0,,,,,0,,,0,,,,,,0,,,,,,,,,1900-01-01 6:00:00,0,,,,,1900-01-01 6:00:00,,1900-01-01 6:00:00,,,,,0,,,,,,0,,,,0,,,0,,,,,0,0,,,,,,0,0,,,,,,,,,,,,0,0,0,0,0,0,,,,,,,,,3,2021,0,,,,,0,,,,,,,,,,1900-01-01 6:00:00,,,,,,,,0,0,,,,,,,,,0,,,0,0,0,,0,,,,,,,,,0,,FALSE,2023-10-05 8:36:34,
100,861,4225,LQ,,,,2,2020-08-10 5:00:00,,,,,,,,,0,0,M,0,,,,0,0,0,0,0,0,0,0,,,,,1900-01-01 6:00:00,,,,,,,,,0,0,0,0,0,0,,,,0,,0,0,,0,,,0,0,,0,,,0,0,1900-01-01 6:00:00,0,,,,0,,,,0,,,,0,0,0,,,,,,,,,,,0,,,0,,0,0,,,,,,0,,,,,0,,,0,,,,,,0,,,,,,,,,1900-01-01 6:00:00,0,,,,,1900-01-01 6:00:00,,1900-01-01 6:00:00,,,,,0,,,,,,0,,,,0,,,0,,,,,0,0,,,,,,0,0,,,,,,,,,,,,0,0,0,0,0,0,,,,,,,,,3,2021,0,,,,,0,,,,,,,,,,1900-01-01 6:00:00,,,,,,,,0,0,,,,,,,,,0,,,0,0,0,,0,,,,,,,,,0,,FALSE,2023-10-05 8:36:34,
100,891,4254,LBQ,,,,,1900-01-01 6:00:00,,,,,,,,,0,0,M,0,,,,0,0,0,0,0,0,0,0,,,,,1900-01-01 6:00:00,,,,,,,,,0,0,0,0,0,0,,,,0,,0,0,,0,,,0,0,,0,,,0,0,1900-01-01 6:00:00,0,,,,0,,,,0,,,,0,0,0,,,,,,,,,,,0,,,0,,0,0,,,,,,0,,,,,0,,,0,,,,,,0,,,,,,,,,1900-01-01 6:00:00,0,,,,,1900-01-01 6:00:00,,1900-01-01 6:00:00,,,,,0,,,,,,0,,,,0,,,0,,,,,0,0,,,,,,0,0,,,,,,,,,,,,0,0,0,0,0,0,,,,,,,,,10,2021,0,,,,,0,,,,,,,,,,1900-01-01 6:00:00,,,,,,,,0,0,,,,,,,,,0,,,0,0,0,,0,,,,,,,,,0,,FALSE,2023-10-05 8:40:31,
100,894,4254,LBQ,,,,,1900-01-01 6:00:00,,,,,,,,,0,0,M,0,,,,0,0,0,0,0,0,0,0,,,,,1900-01-01 6:00:00,,,,,,,,,0,0,0,0,0,0,,,,0,,0,0,,0,,,0,0,,0,,,0,0,1900-01-01 6:00:00,0,,,,0,,,,0,,,,0,0,0,,,,,,,,,,,0,,,0,,0,0,,,,,,0,,,,,0,,,0,,,,,,0,,,,,,,,,1900-01-01 6:00:00,0,,,,,1900-01-01 6:00:00,,1900-01-01 6:00:00,,,,,0,,,,,,0,,,,0,,,0,,,,,0,0,,,,,,0,0,,,,,,,,,,,,0,0,0,0,0,0,,,,,,,,,10,2021,0,,,,,0,,,,,,,,,,1900-01-01 6:00:00,,,,,,,,0,0,,,,,,,,,0,,,0,0,0,,0,,,,,,,,,0,,FALSE,2023-10-05 8:39:32,
100,910,4266,LQ,,,,2,2021-04-30 5:00:00,,,,,,,,,0,0,M,0,,,,0,0,0,0,0,0,0,0,,,,,1900-01-01 6:00:00,,,,,,,,,0,0,0,0,0,0,,,,0,,0,0,,0,,,0,0,,0,,,0,0,1900-01-01 6:00:00,0,,,,0,,,,0,,,,0,0,0,,,,,,,,,,,0,,,0,,0,0,,,,,,0,,,,,0,,,0,,,,,,0,,,,,,,,,1900-01-01 6:00:00,0,,,,,1900-01-01 6:00:00,,1900-01-01 6:00:00,,,,,0,,,,,,0,,,,0,,,0,,,,,0,0,,,,,,0,0,,,,,,,,,,,,0,0,0,0,0,0,,,,,,,,,12,2021,0,,,,,0,,,,,,,,,,1900-01-01 6:00:00,,,,,,,,0,0,,,,,,,,,0,,,0,0,0,,0,,,,,,,,,0,,FALSE,2023-10-05 8:37:03,
100,915,4266,LQ,,,,2,2021-04-30 5:00:00,,,,,,,,,0,0,M,0,,,,0,0,0,0,0,0,0,0,,,,,1900-01-01 6:00:00,,,,,,,,,0,0,0,0,0,0,,,,0,,0,0,,0,,,0,0,,0,,,0,0,1900-01-01 6:00:00,0,,,,0,,,,0,,,,0,0,0,,,,,,,,,,,0,,,0,,0,0,,,,,,0,,,,,0,,,0,,,,,,0,,,,,,,,,1900-01-01 6:00:00,0,,,,,1900-01-01 6:00:00,,1900-01-01 6:00:00,,,,,0,,,,,,0,,,,0,,,0,,,,,0,0,,,,,,0,0,,,,,,,,,,,,0,0,0,0,0,0,,,,,,,,,12,2021,0,,,,,0,,,,,,,,,,1900-01-01 6:00:00,,,,,,,,0,0,,,,,,,,,0,,,0,0,0,,0,,,,,,,,,0,,FALSE,2023-10-05 8:37:04,
100,918,4208,LQ,,,,2,2021-04-30 5:00:00,,,,,,,,,0,0,M,0,,,,0,0,0,0,0,0,0,0,,,,,1900-01-01 6:00:00,,,,,,,,,0,0,0,0,0,0,,,,0,,0,0,,0,,,0,0,,0,,,0,0,1900-01-01 6:00:00,0,,,,0,,,,0,,,,0,0,0,,,,,,,,,,,0,,,0,,0,0,,,,,,0,,,,,0,,,0,,,,,,0,,,,,,,,,1900-01-01 6:00:00,0,,,,,1900-01-01 6:00:00,,1900-01-01 6:00:00,,,,,0,,,,,,0,,,,0,,,0,,,,,0,0,,,,,,0,0,,,,,,,,,,,,0,0,0,0,0,0,,,,,,,,,12,2021,0,,,,,0,,,,,,,,,,1900-01-01 6:00:00,,,,,,,,0,0,,,,,,,,,0,,,0,0,0,,0,,,,,,,,,0,,FALSE,2023-10-05 8:37:03,
100,919,4208,LQ,,,,2,2021-04-30 5:00:00,,,,,,,,,0,0,M,0,,,,0,0,0,0,0,0,0,0,,,,,1900-01-01 6:00:00,,,,,,,,,0,0,0,0,0,0,,,,0,,0,0,,0,,,0,0,,0,,,0,0,1900-01-01 6:00:00,0,,,,0,,,,0,,,,0,0,0,,,,,,,,,,,0,,,0,,0,0,,,,,,0,,,,,0,,,0,,,,,,0,,,,,,,,,1900-01-01 6:00:00,0,,,,,1900-01-01 6:00:00,,1900-01-01 6:00:00,,,,,0,,,,,,0,,,,0,,,0,,,,,0,0,,,,,,0,0,,,,,,,,,,,,0,0,0,0,0,0,,,,,,,,,12,2021,0,,,,,0,,,,,,,,,,1900-01-01 6:00:00,,,,,,,,0,0,,,,,,,,,0,,,0,0,0,,0,,,,,,,,,0,,FALSE,2023-10-05 8:37:03,
100,931,4208,LQ,,,,2,2021-04-30 5:00:00,,,,,,,,,0,0,M,0,,,,0,0,0,0,0,0,0,0,,,,,1900-01-01 6:00:00,,,,,,,,,0,0,0,0,0,0,,,,0,,0,0,,0,,,0,0,,0,,,0,0,1900-01-01 6:00:00,0,,,,0,,,,0,,,,0,0,0,,,,,,,,,,,0,,,0,,0,0,,,,,,0,,,,,0,,,0,,,,,,0,,,,,,,,,1900-01-01 6:00:00,0,,,,,1900-01-01 6:00:00,,1900-01-01 6:00:00,,,,,0,,,,,,0,,,,0,,,0,,,,,0,0,,,,,,0,0,,,,,,,,,,,,0,0,0,0,0,0,,,,,,,,,12,2021,0,,,,,0,,,,,,,,,,1900-01-01 6:00:00,,,,,,,,0,0,,,,,,,,,0,,,0,0,0,,0,,,,,,,,,0,,FALSE,2023-10-05 8:40:36,
100,933,4266,LQ,,,,2,2021-04-30 5:00:00,,,,,,,,,0,0,M,0,,,,0,0,0,0,0,0,0,0,,,,,1900-01-01 6:00:00,,,,,,,,,0,0,0,0,0,0,,,,0,,0,0,,0,,,0,0,,0,,,0,0,1900-01-01 6:00:00,0,,,,0,,,,0,,,,0,0,0,,,,,,,,,,,0,,,0,,0,0,,,,,,0,,,,,0,,,0,,,,,,0,,,,,,,,,1900-01-01 6:00:00,0,,,,,1900-01-01 6:00:00,,1900-01-01 6:00:00,,,,,0,,,,,,0,,,,0,,,0,,,,,0,0,,,,,,0,0,,,,,,,,,,,,0,0,0,0,0,0,,,,,,,,,12,2021,0,,,,,0,,,,,,,,,,1900-01-01 6:00:00,,,,,,,,0,0,,,,,,,,,0,,,0,0,0,,0,,,,,,,,,0,,FALSE,2023-10-05 8:40:36,
100,938,4238,LQB,,,,2,1900-01-01 6:00:00,,,,,,,,,0,0,M,0,,,,0,0,0,0,0,0,0,0,,,,,1900-01-01 6:00:00,,,,,,,,,0,0,0,0,0,0,,,,0,,0,0,,0,,,0,0,,0,,,0,0,1900-01-01 6:00:00,0,,,,0,,,,0,,,,0,0,0,,,,,,,,,,,0,,,0,,0,0,,,,,,0,,,,,0,,,0,,,,,,0,,,,,,,,,1900-01-01 6:00:00,0,,,,,1900-01-01 6:00:00,,1900-01-01 6:00:00,,,,,0,,,,,,0,,,,0,,,0,,,,,0,0,,,,,,0,0,,,,,,,,,,,,0,0,0,0,0,0,,,,,,,,,4,2022,0,,,,,0,,,,,,,,,,1900-01-01 6:00:00,,,,,,,,0,0,,,,,,,,,0,,,0,0,0,,0,,,,,,,,,0,,FALSE,2023-10-05 8:37:39,
100,952,7429,LQ,,,,Y2,2023-05-30 5:00:00,,,,,,,,,0,0,P,0,,,,0,0,0,0,0,0,0,0,,,,,1900-01-01 6:00:00,,,,,,,,,0,0,0,0,0,0,,,,0,,0,0,,0,,,0,0,,0,,,0,0,1900-01-01 6:00:00,0,,,,0,,,,0,,5,,0,0,0,,,,,,,,,,P7429,0,,,0,,0,0,,,,,,0,,,,,0,,,0,,,,,,0,,,,,,,,,1900-01-01 6:00:00,0,,,,,1900-01-01 6:00:00,,1900-01-01 6:00:00,,,,,0,,,,,,0,,,,0,,,0,,,,,0,0,,,,,,0,0,,,,,,,,,,,,0,0,0,0,0,0,,,,,,,,,6,2022,0,,,,,0,,,,,,,,,,1900-01-01 6:00:00,,,,,,,,0,0,,,,,,,,,0,,,0,0,0,,0,,,,,,,,,0,,FALSE,2023-10-05 8:42:52,
100,953,7429,LQ,,,,Y2,2023-05-30 5:00:00,,,,,,,,,0,0,P,0,,,,0,0,0,0,0,0,0,0,,,,,1900-01-01 6:00:00,,,,,,,,,0,0,0,0,0,0,,,,0,,0,0,,0,,,0,0,,0,,,0,0,1900-01-01 6:00:00,0,,,,0,,,,0,,5,,0,0,0,,,,,,,,,,P7429,0,,,0,,0,0,,,,,,0,,,,,0,,,0,,,,,,0,,,,,,,,,1900-01-01 6:00:00,0,,,,,1900-01-01 6:00:00,,1900-01-01 6:00:00,,,,,0,,,,,,0,,,,0,,,0,,,,,0,0,,,,,,0,0,,,,,,,,,,,,0,0,0,0,0,0,,,,,,,,,6,2022,0,,,,,0,,,,,,,,,,1900-01-01 6:00:00,,,,,,,,0,0,,,,,,,,,0,,,0,0,0,,0,,,,,,,,,0,,FALSE,2023-10-05 8:42:52,
100,955,7429,LQ,,,,Y2,2023-05-30 5:00:00,,,,,,,,,0,0,P,0,,,,0,0,0,0,0,0,0,0,,,,,1900-01-01 6:00:00,,,,,,,,,0,0,0,0,0,0,,,,0,,0,0,,0,,,0,0,,0,,,0,0,1900-01-01 6:00:00,0,,,,0,,,,0,,5,,0,0,0,,,,,,,,,,P7429,0,,,0,,0,0,,,,,,0,,,,,0,,,0,,,,,,0,,,,,,,,,1900-01-01 6:00:00,0,,,,,1900-01-01 6:00:00,,1900-01-01 6:00:00,,,,,0,,,,,,0,,,,0,,,0,,,,,0,0,,,,,,0,0,,,,,,,,,,,,0,0,0,0,0,0,,,,,,,,,6,2022,0,,,,,0,,,,,,,,,,1900-01-01 6:00:00,,,,,,,,0,0,,,,,,,,,0,,,0,0,0,,0,,,,,,,,,0,,FALSE,2023-10-05 8:42:51,
100,957,7429,LQ,,,,Y2,2023-05-30 5:00:00,,,,,,,,,0,0,P,0,,,,0,0,0,0,0,0,0,0,,,,,1900-01-01 6:00:00,,,,,,,,,0,0,0,0,0,0,,,,0,,0,0,,0,,,0,0,,0,,,0,0,1900-01-01 6:00:00,0,,,,0,,,,0,,5,,0,0,0,,,,,,,,,,P7429,0,,,0,,0,0,,,,,,0,,,,,0,,,0,,,,,,0,,,,,,,,,1900-01-01 6:00:00,0,,,,,1900-01-01 6:00:00,,1900-01-01 6:00:00,,,,,0,,,,,,0,,,,0,,,0,,,,,0,0,,,,,,0,0,,,,,,,,,,,,0,0,0,0,0,0,,,,,,,,,6,2022,0,,,,,0,,,,,,,,,,1900-01-01 6:00:00,,,,,,,,0,0,,,,,,,,,0,,,0,0,0,,0,,,,,,,,,0,,FALSE,2023-10-05 8:42:52,
100,959,7429,LQ,,,,Y2,2023-05-30 5:00:00,,,,,,,,,0,0,P,0,,,,0,0,0,0,0,0,0,0,,,,,1900-01-01 6:00:00,,,,,,,,,0,0,0,0,0,0,,,,0,,0,0,,0,,,0,0,,0,,,0,0,1900-01-01 6:00:00,0,,,,0,,,,0,,5,,0,0,0,,,,,,,,,,P7429,0,,,0,,0,0,,,,,,0,,,,,0,,,0,,,,,,0,,,,,,,,,1900-01-01 6:00:00,0,,,,,1900-01-01 6:00:00,,1900-01-01 6:00:00,,,,,0,,,,,,0,,,,0,,,0,,,,,0,0,,,,,,0,0,,,,,,,,,,,,0,0,0,0,0,0,,,,,,,,,6,2022,0,,,,,0,,,,,,,,,,1900-01-01 6:00:00,,,,,,,,0,0,,,,,,,,,0,,,0,0,0,,0,,,,,,,,,0,,FALSE,2023-10-05 8:42:51,
100,961,7429,LQ,,,,Y2,2023-05-30 5:00:00,,,,,,,,,0,0,P,0,,,,0,0,0,0,0,0,0,0,,,,,1900-01-01 6:00:00,,,,,,,,,0,0,0,0,0,0,,,,0,,0,0,,0,,,0,0,,0,,,0,0,1900-01-01 6:00:00,0,,,,0,,,,0,,5,,0,0,0,,,,,,,,,,P7429,0,,,0,,0,0,,,,,,0,,,,,0,,,0,,,,,,0,,,,,,,,,1900-01-01 6:00:00,0,,,,,1900-01-01 6:00:00,,1900-01-01 6:00:00,,,,,0,,,,,,0,,,,0,,,0,,,,,0,0,,,,,,0,0,,,,,,,,,,,,0,0,0,0,0,0,,,,,,,,,6,2022,0,,,,,0,,,,,,,,,,1900-01-01 6:00:00,,,,,,,,0,0,,,,,,,,,0,,,0,0,0,,0,,,,,,,,,0,,FALSE,2023-10-05 8:42:52,
100,979,4225,LQB,,,,2,2023-07-18 5:00:00,,,,,,,,,0,0,M,0,,,,0,0,0,0,0,0,0,0,,,,,1900-01-01 6:00:00,,,,,,,,,0,0,0,0,0,0,,,,0,,0,0,,0,,,0,0,,0,,,0,0,1900-01-01 6:00:00,0,,,,0,,,,0,,,,0,0,0,,,,,,,,,,,0,,,0,,0,0,,,,,,0,,,,,0,,,0,,,,,,0,,,,,,,,,1900-01-01 6:00:00,0,,,,,1900-01-01 6:00:00,,1900-01-01 6:00:00,,,,,0,,,,,,0,,,,0,,,0,,,,,0,0,,,,,,0,0,,,,,,,,,,,,0,0,0,0,0,0,,,,,,,,,2,2024,0,,,,,0,,,,,,,,,,1900-01-01 6:00:00,,,,,,,,0,0,,,,,,,,,0,,,0,0,0,,0,,,,,,,,,0,,FALSE,2023-10-05 8:42:48,
100,982,2102,LQB,X,,,,1900-01-01 6:00:00,,,,,,,,,0,0,M,0,,,,0,0,0,0,0,0,0,0,,,,,1900-01-01 6:00:00,,,,,,,,,0,0,0,0,0,0,,,,0,,0,0,,0,,,0,0,,0,,,0,0,1900-01-01 6:00:00,0,,,,0,,,,0,,,,0,0,0,,,,,,,,,,,0,,,0,,0,0,,,,,,0,,,,,0,,,0,,,,,,0,,,,,,,,,1900-01-01 6:00:00,0,,,,,1900-01-01 6:00:00,,1900-01-01 6:00:00,,,,,0,,,,,,0,,,,0,,,0,,,,,0,0,,,,,,0,0,,,,,,,,,,,,0,0,0,0,0,0,,,,,,,,,2,2024,0,,,,,0,,,,,,,,,,1900-01-01 6:00:00,,,,,,,,0,0,,,,,,,,,0,,,0,0,0,,0,,,,,,,,,0,,FALSE,2023-10-05 8:42:44,
100,1001,2128,LBQ,,,,2,2023-01-13 6:00:00,,,,,,,,,0,0,M,0,,,,0,0,0,0,0,0,0,0,,,,,1900-01-01 6:00:00,,,,,,,,,0,0,0,0,0,0,,,,0,,0,0,,0,,,0,0,,0,,,0,0,1900-01-01 6:00:00,0,,,,0,,,,0,,,,0,0,0,,,,,,,,,,,0,,,0,,0,0,,,,,,0,,,,,0,,,0,,,,,,0,,,,,,,,,1900-01-01 6:00:00,0,,,,,1900-01-01 6:00:00,,1900-01-01 6:00:00,,,,,0,,,,,,0,,,,0,,,0,,,,,0,0,,,,,,0,0,,,,,,,,,,,,0,0,0,0,0,0,,,,,,,,,6,2014,0,,,,,0,,,,,,,,,,1900-01-01 6:00:00,,,,,,,,0,0,,,,,,,,,0,,,0,0,0,,0,,,,,,,,,0,,FALSE,2023-10-05 8:34:40,
100,1001,5012,LQB,,,,2,2023-01-13 6:00:00,,,,,,,,,0,0,M,0,,,,0,0,0,0,0,0,0,0,,,,,1900-01-01 6:00:00,,,,,,,,,0,0,0,0,0,0,,,,0,,0,0,,0,,,0,0,,0,,,0,0,1900-01-01 6:00:00,0,,,,0,,,,0,,,,0,0,0,,,,,,,,,,,0,,,0,,0,0,,,,,,0,,,,,0,,,0,,,,,,0,,,,,,,,,1900-01-01 6:00:00,0,,,,,1900-01-01 6:00:00,,1900-01-01 6:00:00,,,,,0,,,,,,0,,,,0,,,0,,,,,0,0,,,,,,0,0,,,,,,,,,,,,0,0,0,0,0,0,,,,,,,,,6,2010,0,,,,,0,,,,,,,,,,1900-01-01 6:00:00,,,,,,,,0,0,,,,,,,,,0,,,0,0,0,,0,,,,,,,,,0,,FALSE,2023-10-05 8:34:41,
100,1001,5556,LQB,,,,2,2023-01-13 6:00:00,,,,,,,,,0,0,M,0,,,,0,0,0,0,0,0,0,0,,,,,1900-01-01 6:00:00,,,,,,,,,0,0,0,0,0,0,,,,0,,0,0,,0,,,0,0,,0,,,0,0,1900-01-01 6:00:00,0,,,,0,,,,0,,,,0,0,0,,,,,,,,,,,0,,,0,,0,0,,,,,,0,,,,,0,,,0,,,,,,0,,,,,,,,,1900-01-01 6:00:00,0,,,,,1900-01-01 6:00:00,,1900-01-01 6:00:00,,,,,0,,,,,,0,,,,0,,,0,,,,,0,0,,,,,,0,0,,,,,,,,,,,,0,0,0,0,0,0,,,,,,,,,9,2014,0,,,,,0,,,,,,,,,,1900-01-01 6:00:00,,,,,,,,0,0,,,,,,,,,0,,,0,0,0,,0,,,,,,,,,0,,FALSE,2023-10-05 8:34:41,