client,delivery_document,delivery_item,sales_document_item_category,object_created_by,entry_time,record_created_on,matr_num,matr_entered,matr_group,plant,issue_loc_for_prod_order,batch_num,vendor_batch_num,matr_num_used,product_hierarchy,actual_quan_delivered_in_sales_units,base_uom,sales_unit,numerator_for_conversion_sales_sku,denominator_for_conversion_sales_sku,net_weight,gross_weight,weight_unit,volume,volume_unit,partial_delivery_at_item_level,unlimited_overdelivery_allowed,overdelivery_tolerance_limit,underdelivery_tolerance_limit,batch_split_allowed,billing_block_for_item,matr_staging_date,actual_quan_delivered_in_stockkeeping_units,sales_order_item,storage_bin_lgpbe,originating_document,originating_item,document_category_vbtyv,logical_system_in_preceding_document,document_num_of_ref_document,item_num_of_ref_item,update_ind,higher_level_item_bom_structures,relevant_for_billing,loading_group,transportation_group,picking_control_ind,warehouse_num,split_to_warehouse_num,storage_type,storage_bin_lgpla,separate_valuation_ind,movement_type_inv_mgmt,movement_type_warehouse_mgmt,dynamic_storage_bin_in_warehouse_mgmt_ind,reqmnt_type,planning_type,matr_type,batch_mgmt_reqmnt_ind,batch_mgmt_ind,preceding_document_resulted_from_reference,item_type,valuation_type,summing_up_reqmnt,group_availability_check,european_article_num,business_area,sales_office,sales_group,distribution_channel,division,delivery_group,fixed_qty,max_num_partial_deliveries_per_item,fixed_shipping_processing_time_in_days,variable_shipping_processing_time_in_days,update_group_for_statistics_update,cost_in_document_currency,subtotal_1_pricing,subtotal_2_pricing,subtotal_3_pricing,subtotal_4_pricing,subtotal_5_pricing,subtotal_6_pricing,special_stock_ind,changed_on,international_article_num,customer_group_1,customer_group_2,customer_group_3,customer_group_4,customer_group_5,matr_group_1,matr_group_2,matr_group_3,matr_group_4,matr_group_5,allocation_ind,document_category,preceding_document_type,cost_center,controlling_area,profitability_segment_num,profit_center,work_breakdown_structure_element,order_num,order_item_num,sales_order_num,item_num_in_sales_order,planning_matr,planning_plant,base_uom_for_product_group,conversion_factor_quantities,acct_assignment_category,consumption_posting,commitment_item,funds_center,fund,packing_control,reqmnt_class,active_credit_function_id,cumulative_batch_quan_of_all_split_items_stock,cumulative_gross_weight_of_all_batch_split_items,cumulative_net_weight_of_all_batch_split_items,cumulative_volume_of_all_batch_split_items,higher_level_batch_split_item,internal_object_num,internal_object_num_of_batch_classification,num_of_serial_num,serial_num_profile,weight_unit_kc,volume_unit_kc,bom_explosion_num,internal_delivery_schedule_num,release_type,usage_ind,inspection_lot_num,partial_lot_num,customer_not_posted_goods_receipt,packaging_matr_group,object_num_at_header_level,object_num_at_item_level,customer_engineering_change_status,returns_item,matr_determination_id,higher_level_item_usage_id,receiving_point,department_num,picking_is_subject_to_conf,statistics_date,promotion,num_of_condition_record,eligible_for_preferential_treatment,business_transaction_type_for_foreign_trade,internal_class_num,exit_to_quan_proposal,allocation_table_num,item_num_of_allocation_table,lfimg_in_float,lgmng_in_float,kcmeng_in_float,environmentally_relevant,component_quan,relevant_to_allocation_table,condition_pricing_unit,condition_unit,net_price,net_value_order_item,statistical_values,movement_ind,matr_freight_group,pack_accumulated_batches,form_of_payment_guarantee,guaranteed_factor,matr_staging_time,value_contract_no,value_contract_item,cfop_code_extension,icms_tax_law,ipi_tax_law,sd_tax_code,situation_ind,num_of_reservation,item_num_of_reservation,record_type,kanban_sequence_num,leading_uom_for_completing_transaction_id,dangerous_goods_profile_ind,cumulative_batch_quan_of_all_split_items_sales,cumulated_batch_split_quan,valuation_of_special_stock,project_definition,stock_determination_group,stock_determination_rule,inv_mgmt_active_ind,manufacturer_part_profile,matr_num_corresponding_to_manufacturer_part_num,staging_area_for_warehouse_complex,international_unique_key,distribution_delivery_original_item,external_item_num,deactivate_availability_check_ind,not_relevant_for_picking_ind,ref_movement_type,mrp_area,stock_category_bestq,stock_category_umbsq,receiving_issuing_matr,receiving_issuing_plant,receiving_issuing_storage_loc,receiving_issuing_batch,valuation_type_of_transfer_batch,special_stock_ind_umsok,special_stock_num_sonum,special_stock_num_usonu,exchange_rate,current_qty_field_for_arithmetic_operations,repair_processing_classification,unmat_in_main_posting_ind,post_to_inspection_stock,order_batch_entry_determination,storage_data_from_preceding_document_ind,matr_staging_ind,delivery_item_is_a_hu_item_ind,item_not_relevant_for_goods_movements_ind,gl_acct_num,final_issue_for_this_reservation,manufacture_date,shelf_life_expiration_date,current_period_fiscal_year,reference_document_number,item_reference_document,reason_for_goods_movment,subsequent_movement_type,delivery_category,externally_entered_posting_amount,quan_in_purchase_order_price_unit,externally_entered_sales_value,item_credit_price_flt,pod_ind,not_relevant_for_distribution_for_wms,conversion_factor_of_delivery_quan,pod_control,stock_transfer,functional_area,grant_,units_of_measure_usage,goods_movement_control,goods_movement_control_hu,receiving_issuing_wbs_element,vendor_confirmation_num,delivery_completed_ind,scrap_ind,return_matr_authorization_num,inspection_outcome_guid,default_follow_up_activity_code,external_retuns_delivery_end_date,internal_retuns_delivery_end_date,rma_completion_ind,original_quan_of_delivery_item,atp_time_stamp,original_system_type,cumulative_qty_for_schedagr_vendors_point_of_view,inbound_delivery_item_has_status_in_plant,external_item_identifier,exception_code_warehouse_for_quan_difference,retention_quan_for_scrap,alt_product_num,reason_for_matr_substitution,structure_of_items,numerator_of_quotient_for_uom_conversion,denominator_of_quotient_for_uom_conversion,country_of_origin_of_the_matr,retuns_delivery_begin_date,delivery_version_at_conf,completion_of_goods_movements,cofins_tax_law,pis_tax_law,iss_tax_law,budget_period,kanban_ind,specification_for_issuing_valuated_stock,purchase_order_for_consignment,relevance_type,requirement_segment,stock_segment,rfid_flag,reason_for_rejection,is_quarantined,document_item_category
100,81929581,10,NLN,CA_UNICENTER,1900-01-01 11:20:40,2020-01-09 6:00:00,1450003134,,20,4700,1,,,,YXBJ1CF1OZ00050001,0,CS,CS,1,1,0,0,LB,0,FT3,B,,0,0,,,2020-01-09 6:00:00,0,BE SF WINTER BLEND SRP 6/10.8Z,,,0,,,4503062713,10,,0,J,1,1,A,,,,,,641,0,,,,ZCAG,X,X,,,,A,ZW,,,,,10,0,0,,0,0,0,,0,0,0,0,0,0,0,,2020-01-14 6:00:00,10014500031348,,,,,,,,,,,1,V,,,,0,M4227,0,,0,,0,,,,0,,,,,,,50,,7260,29766,29403,2707.98,0,0,0,0,,LB,FT3,,0,,,0,0,,ZCHP,,,,,,,,,,1900-01-01 6:00:00,,,,,0,0,,0,0,0,7260,,0,,0,,0,0,,L,73225,,,0,1900-01-01 21:00:00,,0,,,,,,0,0,,,,,0,0,,0,,,,,,,051MhZJK7kgCsa8enTeKqm,0,0,,,0,,,,,,,,,,,,0,A,,,,,,,,,,,1900-01-01 6:00:00,1900-01-01 6:00:00,0,,0,0,,,0,0,0,0,,,0,,,,,,B,B,0,0,,,,0,,0,0,,7260,0,,0,,,,0,,,0,0,0,,0,0,,,,,,,,,,,,,,FALSE,
100,82076183,900001,NLN,PRE2103,1900-01-01 20:30:00,2020-07-31 5:00:00,7092047616,,35,2103,1,2103010805,,,31CAA2150800960001,1008,CS,CS,1,1,22176,23799.888,LB,914.256,FT3,B,,0,0,,,2020-08-03 5:00:00,1008,SM HCM MC W MM ENV 250/1.38Z WFG/WIP,,,0,,,4503181582,10,,0,J,1,1,C,107,X,916,82076183,,641,601,X,,,ZCAG,X,X,,,,A,ZW,,,,,10,0,0,,0,0,0,,0,0,0,0,0,0,0,,2020-07-31 5:00:00,20070920476166,,,,,,,,,,,1,V,,,,0,M0215,0,,0,,0,,,,0,,,,,,,50,,0,0,0,0,10,0,0,0,,,,,0,,,0,0,,ZCHP,,,,,,,,,,1900-01-01 6:00:00,,,,,0,0,,0,1008,1008,0,,0,,0,,0,0,,L,72520,,,0,1900-01-01 21:00:00,,0,,,,,,0,0,,,,,0,0,,0,,,,,,,051MhZJL7kgqx8Sc0bZyqm,0,0,,,0,,,,,,,,,,,,0,A,,,,,,,B,,,,2020-04-17 5:00:00,2022-04-07 5:00:00,0,,0,0,,,0,0,0,0,,,0,,,,,,B,B,0,0,,,,0,,0,0,,36,0,,0,,,,0,,,0,0,0,,0,0,,,,,,,,,,,,,,FALSE,
100,82076566,10,NLN,ZDC0115,1900-01-01 23:27:15,2020-07-16 5:00:00,1002485,,RX005,2105,5000,,,,ZZZZZZZNFG0001ZZZZ,0,LB,LB,1,1,0,0,LB,0,IN3,B,,0,0,,,2020-08-05 5:00:00,0,"PST,TOM,HOTBR,3.0-3.4BOST,0.060FIN",,,0,,,3342018,10,,0,J,1,1,C,109,X,916,82076566,X,641,601,X,,,ZHLB,X,X,,,,A,2,,,,,10,0,0,,0,0,0,,0,0,0,0,0,0,0,,2020-08-15 5:00:00,,,,,,,,,,,,,V,,,,0,P2105,0,,0,,0,,,,0,,,,,,,41,,173006,173006,173006,2768.096,0,0,0,0,,LB,IN3,,0,,,0,0,,ZBIN,,,,,,,,,,1900-01-01 6:00:00,,,,,0,0,,0,0,0,173006,,0,,0,,0,0,,L,73235,,,0,1900-01-01 6:00:00,,0,,,,,,0,0,,,,,0,0,,0,,,,,,,051MhZJ{7kgnzd07JYGvQG,0,0,,,0,,,,,,,,,,,,0,A,,,,,,,B,,,,2018-08-24 5:00:00,2020-08-13 5:00:00,0,,0,0,,,0,0,0,0,,,0,,,,,A,B,B,0,0,,,,0,,0,0,,170000,0,,0,,,,0,,,0,0,0,,0,0,,,,,,,,,,,,,,FALSE,
100,82077974,900002,NLN,CA_UNICENTER,1900-01-01 16:39:01,2020-07-27 5:00:00,5410001315,,10,4281,1,7224012B71,,,ZSCJ1C71SY00010001,1280,CS,CS,1,1,11520,18816,LB,375.04,FT3,B,,0,0,,,2020-07-27 5:00:00,1280,VL KSHR DILL STCKR 6/24FOZ,,,0,,,4503184525,10,,0,J,1,1,A,,,,,,641,0,,,,ZCAG,X,X,,,,A,ZW,,,,,10,0,0,,0,0,0,,0,0,0,0,0,0,0,,1900-01-01 6:00:00,10054100013153,,,,,,,,,,,1,V,,,,0,M4160,0,,0,,0,,,,0,,,,,,,50,,0,0,0,0,10,0,0,0,,,,,0,,,0,0,,ZCHP,,,,,,,,,,1900-01-01 6:00:00,,,,,0,0,,0,1280,1280,0,,0,,0,,0,0,,L,73225,,,0,1900-01-01 22:00:00,,0,,,,,,0,0,,,,,0,0,,0,,,,,,,051MhZQ67kgqW{bk5fYiTG,0,0,,,0,,,,,,,,,,,,0,B,,,,,,,,,,,2020-04-29 5:00:00,2022-01-24 6:00:00,0,,0,0,,,0,0,0,0,,,0,,,,,,B,B,0,0,,,,0,,0,0,,1280,0,,0,,,,0,,,0,0,0,,0,0,,,,,,,,,,,,,,FALSE,
100,82077987,900002,NLN,CA_UNICENTER,1900-01-02 5:20:02,2020-07-28 5:00:00,5410093602,,10,4280,1,0709063Y31,,,ZDAH1CO2Y000010001,408,CS,CS,1,1,2815.2,3543.48,LB,113.424,FT3,B,,0,0,,,2020-07-28 5:00:00,408,ARMR VIENNA SAUS BBQ 24/4.6Z,,,0,,,4503184630,60,,0,J,1,1,A,,,,,,641,0,,,,ZCAG,X,X,,,,A,ZW,,,,,10,0,0,,0,0,0,,0,0,0,0,0,0,0,,1900-01-01 6:00:00,10054100936025,,,,,,,,,,,1,V,,,,0,M4158,0,,0,,0,,,,0,,,,,,,50,,0,0,0,0,50,0,0,0,,,,,0,,,0,0,,ZCHP,,,,,,,,,,1900-01-01 6:00:00,,,,,0,0,,0,408,408,0,,0,,0,,0,0,,L,73225,,,0,1900-01-01 21:00:00,,0,,,,,,0,0,,,,,0,0,,0,,,,,,,051MhZJP7jgqgbYoWPSdiG,0,0,,,0,,,,,,,,,,,,0,B,,,,,,,,,,,2020-06-09 5:00:00,2023-06-09 5:00:00,0,,0,0,,,0,0,0,0,,,0,,,,,,B,B,0,0,,,,0,,0,0,,408,0,,0,,,,0,,,0,0,0,,0,0,,,,,,,,,,,,,,FALSE,
100,82078014,900007,NLN,CA_UNICENTER,1900-01-01 20:50:15,2020-07-28 5:00:00,9688700222,,50,3880,1,5628008823,,,UKCXB070VG00040001,240,CS,CS,1,1,963.12,1105.68,LB,102.48,FT3,B,,0,0,,,2020-07-27 5:00:00,240,BG SNF SDS BFF WNG 12/5.35Z,,,0,,,4503187342,130,,0,J,1,1,A,,,,,,641,0,,,,ZCAG,X,X,,,,A,ZW,,,,,10,0,0,,0,0,0,,0,0,0,0,0,0,0,,1900-01-01 6:00:00,10896887002223,,,,,,,,,,,1,V,,,,0,M4087,0,,0,,0,,,,0,,,,,,,50,,0,0,0,0,120,0,0,0,,,,,0,,,0,0,,ZCHP,,,,,,,,,,1900-01-01 6:00:00,,,,,0,0,,0,240,240,0,,0,,0,,0,0,,L,73238,,,0,1900-01-01 23:45:04,,0,,,,,,0,0,,,,,0,0,,0,,,,,,,051MhZJQ7kgqeN70oB5zCW,0,0,,,0,,,,,,,,,,,,0,B,,,,,,,,,,,2020-03-28 5:00:00,2021-05-22 5:00:00,0,,0,0,,,0,0,0,0,,,0,,,,,,B,B,0,0,,,,0,,0,0,,240,0,,0,,,,0,,,0,0,0,,0,0,,,,,,,,,,,,,,FALSE,
100,82078016,30,NLN,CA_UNICENTER,1900-01-01 23:45:02,2020-07-25 5:00:00,9688700315,,50,3880,1,,,,UKCXB070VG00020001,0,CS,CS,1,1,0,0,LB,0,FT3,B,,0,0,,,2020-07-27 5:00:00,0,BG SNF SDS CRACKED PEPP 8/5.35Z SHCDD,,,0,,,4503188022,30,,0,J,1,1,A,,,,,,641,0,,,,ZCAG,X,X,,,,A,ZW,,,,,10,0,0,,0,0,0,,0,0,0,0,0,0,0,,2020-07-30 5:00:00,50896887002948,,,,,,,,,,,1,V,,,,0,M4087,0,,0,,0,,,,0,,,,,,,50,,250,828.75,668.75,80,0,0,0,0,,LB,FT3,,0,,,0,0,,ZCHP,,,,,,,,,,1900-01-01 6:00:00,,,,,0,0,,0,0,0,250,,0,,0,,0,0,,L,73238,,,0,1900-01-01 23:45:04,,0,,,,,,0,0,,,,,0,0,,0,,,,,,,051MhZJQ7kgpsG{}C7B3yW,0,0,,,0,,,,,,,,,,,,0,G,,,,,,,,,,,1900-01-01 6:00:00,1900-01-01 6:00:00,0,,0,0,,,0,0,0,0,,,0,,,,,,B,B,0,0,,,,0,,0,0,,250,0,,0,,,,0,,,0,0,0,,0,0,,,,,,,,,,,,,,FALSE,
100,82078023,30,NLN,CA_UNICENTER,1900-01-01 11:19:02,2020-07-27 5:00:00,6414404709,,10,2100,1,,,,36DBB151IH00020001,0,CS,CS,1,1,0,0,LB,0,FT3,B,,0,0,,,2020-07-29 5:00:00,0,CB MW RAV BF 12/7.5Z,,,0,,,4503189098,30,,0,J,1,1,C,101,X,916,82078023,,641,601,X,,,ZCAG,X,X,,,,A,ZW,,,,,10,0,0,,0,0,0,,0,0,0,0,0,0,0,,2020-07-28 5:00:00,10064144047090,,,,,,,,,,,1,V,,,,0,M0248,0,,0,,0,,,,0,,,,,,,50,,1408,9475.84,7924.224,373.12,0,0,0,0,,LB,FT3,,0,,,0,0,,ZCHP,,,,,,,,,,1900-01-01 6:00:00,,,,,0,0,,0,0,0,1408,,0,,0,,0,0,,L,73225,,,0,1900-01-01 21:00:00,,0,,,,,,0,0,,,,,0,0,,0,,,,,,,051MhZJQ7kgp}bBeNDAq3m,0,0,,,0,,,,,,,,,,,,0,A,,,,,,,B,,,,2020-07-13 5:00:00,2022-01-04 6:00:00,0,,0,0,,,0,0,0,0,,,0,,,,,,B,B,0,0,,,,0,,0,0,,1408,0,,0,,,,0,,,0,0,0,,0,0,,,,,,,,,,,,,,FALSE,
100,82078081,900005,NLN,PRH0010,1900-01-01 20:45:28,2020-07-30 5:00:00,2113100032,,20,5006,1,5006019420,,,16BKA33V8100110001,252,CS,CS,1,1,1086.876,1278.9,LB,71.316,FT3,B,,0,0,,,2020-07-30 5:00:00,252,MC BF SHEP PIE 6/11.5Z,,,0,,,4503189843,70,,0,J,1,1,C,106,X,916,82078081,,641,601,X,,,ZCAG,X,X,,,,A,ZW,,,,,10,0,0,,0,0,0,,0,0,0,0,0,0,0,,2020-07-30 5:00:00,20021131000329,,,,,,,,,,,1,V,,,,0,M0318,0,,0,,0,,,,0,,,,,,,50,,0,0,0,0,70,0,0,0,,,,,0,,,0,0,,ZCHP,,,,,,,,,,1900-01-01 6:00:00,,,,,0,0,,0,252,252,0,,0,,0,,0,0,,L,73225,,,0,1900-01-01 20:00:00,,0,,,,,,0,0,,,,,0,0,,0,,,,,,,051MhZJO7kgqqwS7A3upSm,0,0,,,0,,,,,,,,,,,,0,A,,,,,,,B,,,,2020-07-12 5:00:00,2021-07-07 5:00:00,0,,0,0,,,0,0,0,0,,,0,,,,,,B,B,0,0,,,,0,,0,0,,126,0,,0,,,,0,,,0,0,0,,0,0,,,,,,,,,,,,,,FALSE,
100,82078993,20,ZNLN,ZMG0226,1900-01-01 19:38:01,2020-07-21 5:00:00,6251042590,,7,5053,5,,,,ZZ22674E3800010001,50,EA,EA,1,1,3500,3500,LB,150,FT3,B,,0,0,,,2020-08-07 5:00:00,50,CHEP Pallets,,,0,,,4503185115,20,,0,,1,1,A,,,,,,641,0,,,,VERP,,,,,,A,ZW,,,,,10,0,0,,0,0,0,,0,0,0,0,0,0,0,,2020-08-07 5:00:00,62510425902,,,,,,,,,,,1,V,,,,0,,0,,0,,0,,,,0,,,,,,,50,,0,0,0,0,0,0,0,0,,,,,0,,,0,0,,ZCHP,,,,,,,,,,1900-01-01 6:00:00,,,,,0,0,,0,50,50,0,,0,,0,,0,0,,L,,X,,0,1900-01-01 22:00:00,,0,,,,,,0,0,,,,,0,0,,0,,,,,,,051MhZJK7kgoy2dMuEeFnG,0,0,,,0,,,,,,,,,,,,0,A,,,,,,,,,,,1900-01-01 6:00:00,1900-01-01 6:00:00,0,,0,0,,,0,0,0,0,,,0,,,,,,B,B,0,0,,,,0,,0,0,,55,0,,0,,,,0,,,0,0,0,,0,0,,,,,,,,,,,,,,FALSE,
100,82080437,10,NLN,ZTS0176,1900-01-01 18:02:24,2020-07-22 5:00:00,1570005210,,70,2103,1,,,,31CAA21Y1900250001,0,PAL,PAL,1,1,0,0,LB,0,FT3,B,,0,0,,,2020-08-03 5:00:00,0,SM HCM ENV MS INTL COSTCO PAL 160/60/1Z,,,0,,,4503187360,10,,0,J,1,1,C,107,X,916,82080437,,641,601,X,,,ZCAG,X,X,,,,A,ZW,,,,,10,0,0,,0,0,0,,0,0,0,0,0,0,0,,2020-07-31 5:00:00,50015700052100,,,,,,,,,,,1,V,,,,0,M0215,0,,0,,0,,,,0,,,,,,,50,,54,38880,32400,2549.988,0,0,0,0,,LB,FT3,,0,,,0,0,,ZCHP,,,,,,,,,,1900-01-01 6:00:00,,,,,0,0,,0,0,0,54,,0,,0,,0,0,,L,72520,,,0,1900-01-01 23:00:00,,0,,,,,,0,0,,,,,0,0,,0,,,,,,,051MhZQ67jgpXwF72hoWxm,0,0,,,0,,,,,,,,,,,,0,A,,,,,,,B,,,,2020-07-30 5:00:00,2022-07-20 5:00:00,0,,0,0,,,0,0,0,0,,,0,,,,,,B,B,0,0,,,,0,,0,0,,54,0,,0,,,,0,,,0,0,0,,0,0,,,,,,,,,,,,,,FALSE,
100,82080472,900001,NLN,PAD2103,1900-01-02 0:49:59,2020-08-06 5:00:00,7092047651,,35,2103,1,2103017001,,,31CAA210VD00010001,1296,CS,CS,1,1,26827.2,31184.352,LB,1924.56,FT3,B,,0,0,,,2020-08-06 5:00:00,1296,SM HCM MLK CHC ENV 8/30/1.38Z,,,0,,,4503187472,10,,0,J,1,1,C,107,X,916,82080472,,641,601,X,,,ZCAG,X,X,,,,A,ZW,,,,,10,0,0,,0,0,0,,0,0,0,0,0,0,0,,2020-08-06 5:00:00,20070920476517,,,,,,,,,,,1,V,,,,0,M0215,0,,0,,0,,,,0,,,,,,,50,,0,0,0,0,10,0,0,0,,,,,0,,,0,0,,ZSLP,,,,,,,,,,1900-01-01 6:00:00,,,,,0,0,,0,1296,1296,0,,0,,0,,0,0,,L,72520,,,0,1900-01-01 21:00:00,,0,,,,,,0,0,,,,,0,0,,0,,,,,,,051MhZJ{7jgsX}5Fm8YXzG,0,0,,,0,,,,,,,,,,,,0,A,,,,,,,B,,,,2020-06-18 5:00:00,2022-06-08 5:00:00,0,,0,0,,,0,0,0,0,,,0,,,,,,B,B,0,0,,,,0,,0,0,,24,0,,0,,,,0,,,0,0,0,,0,0,,,,,,,,,,,,,,FALSE,
100,82080546,900006,NLN,PRB0011,1900-01-02 0:59:14,2020-07-30 5:00:00,2113150901,,20,5014,1,5014021020,,,16BKA33YP400010001,810,CS,CS,1,1,6075,7341.03,LB,357.21,FT3,B,,0,0,,,2020-07-30 5:00:00,810,MC PIE APL 12/10Z,,,0,,,4503188779,70,,0,J,1,1,C,103,X,916,82080546,,641,601,X,,,ZCAG,X,X,,,,A,ZW,,,,,10,0,0,,0,0,0,,0,0,0,0,0,0,0,,2020-07-30 5:00:00,20021131509013,,,,,,,,,,,1,V,,,,0,M0318,0,,0,,0,,,,0,,,,,,,50,,0,0,0,0,70,0,0,0,,,,,0,,,0,0,,ZCHP,,,,,,,,,,1900-01-01 6:00:00,,,,,0,0,,0,810,810,0,,0,,0,,0,0,,L,73225,,,0,1900-01-01 23:00:00,,0,,,,,,0,0,,,,,0,0,,0,,,,,,,051MhZQ67kgqs1M8UT5xsW,0,0,,,0,,,,,,,,,,,,0,A,,,,,,,B,,,,2020-07-28 5:00:00,2022-01-19 6:00:00,0,,0,0,,,0,0,0,0,,,0,,,,,,B,B,0,0,,,,0,,0,0,,81,0,,0,,,,0,,,0,0,0,,0,0,,,,,,,,,,,,,,FALSE,
100,82081256,900001,NLN,ZMT3003,1900-01-01 21:16:55,2020-07-28 5:00:00,1490044201,,10,2101,1,2101020320,,,B6DBB021K400030001,3264,CS,CS,1,1,36720,41759.616,LB,962.88,FT3,B,,0,0,,,2020-07-28 5:00:00,3264,WLF CHL W/O BEAN 12/15Z,,,0,,,4503188442,10,,0,J,1,1,C,125,X,916,82081256,,641,601,X,,,ZCAG,X,X,,,,A,ZW,,,,,10,0,0,,0,0,0,,0,0,0,0,0,0,0,,2020-07-28 5:00:00,14900442013,,,,,,,,,,,1,V,,,,0,M0087,0,,0,,0,,,,0,,,,,,,50,,0,0,0,0,10,0,0,0,,,,,0,,,0,0,,ZCHP,,,,,,,,,,1900-01-01 6:00:00,,,,,0,0,,0,3264,3264,0,,0,,0,,0,0,,L,73227,,,0,1900-01-01 22:19:01,,0,,,,,,0,0,,,,,0,0,,0,,,,,,,051MhZJJ7kgqeUaAzrt2BG,0,0,,,0,,,,,,,,,,,,0,A,,,,,,,B,,,,2020-07-21 5:00:00,2022-07-11 5:00:00,0,,0,0,,,0,0,0,0,,,0,,,,,,B,B,0,0,,,,0,,0,0,,192,0,,0,,,,0,,,0,0,0,,0,0,,,,,,,,,,,,,,FALSE,
100,82081310,60,NLN,CA_UNICENTER,1900-01-01 11:21:01,2020-07-24 5:00:00,7265500113,,20,5006,1,,,,11BCB010PS00010001,0,CS,CS,1,1,0,0,LB,0,FT3,B,,0,0,,,2020-07-28 5:00:00,0,HC SMPLY STMR ASIAN KUNG PAO CKN 8/9.5Z,,,0,,,4503188054,60,,0,J,1,1,C,106,X,916,82081310,,641,601,X,,,ZCAG,X,X,,,,A,ZW,,,,,10,0,0,,0,0,0,,0,0,0,0,0,0,0,,2020-07-28 5:00:00,20072655001132,,,,,,,,,,,1,V,,,,0,M0097,0,,0,,0,,,,0,,,,,,,50,,150,1031.55,711,87.45,0,0,0,0,,LB,FT3,,0,,,0,0,,ZCHP,,,,,,,,,,1900-01-01 6:00:00,,,,,0,0,,0,0,0,150,,0,,0,,0,0,,L,73225,,,0,1900-01-01 20:00:00,,0,,,,,,0,0,,,,,0,0,,0,,,,,,,051MhZJK7jgpikmr0DE1d0,0,0,,,0,,,,,,,,,,,,0,A,,,,,,,B,,,,2020-07-02 5:00:00,2021-12-24 6:00:00,0,,0,0,,,0,0,0,0,,,0,,,,,,B,B,0,0,,,,0,,0,0,,150,0,,0,,,,0,,,0,0,0,,0,0,,,,,,,,,,,,,,FALSE,
100,82081310,900002,NLN,PKB0003,1900-01-01 18:23:02,2020-07-28 5:00:00,2113100064,,20,5006,1,5006020520,,,16BKA33V8100120001,168,CS,CS,1,1,1260,1448.496,LB,69.048,FT3,B,,0,0,,,2020-07-28 5:00:00,168,MC PT PIE TKY 8/15Z DRC,,,0,,,4503188054,40,,0,J,1,1,C,106,X,916,82081310,,641,601,X,,,ZCAG,X,X,,,,A,ZW,,,,,10,0,0,,0,0,0,,0,0,0,0,0,0,0,,2020-07-28 5:00:00,20021131000640,,,,,,,,,,,1,V,,,,0,M0318,0,,0,,0,,,,0,,,,,,,50,,0,0,0,0,40,0,0,0,,,,,0,,,0,0,,ZCHP,,,,,,,,,,1900-01-01 6:00:00,,,,,0,0,,0,168,168,0,,0,,0,,0,0,,L,73225,,,0,1900-01-01 20:00:00,,0,,,,,,0,0,,,,,0,0,,0,,,,,,,051MhZJJ7jgqdj{noFztt0,0,0,,,0,,,,,,,,,,,,0,A,,,,,,,B,,,,2020-07-23 5:00:00,2022-01-14 6:00:00,0,,0,0,,,0,0,0,0,,,0,,,,,,B,B,0,0,,,,0,,0,0,,84,0,,0,,,,0,,,0,0,0,,0,0,,,,,,,,,,,,,,FALSE,
100,82081333,900003,NLN,CA_UNICENTER,1900-01-01 23:50:03,2020-07-28 5:00:00,4420933250,,10,4266,1,6.53E+77,,,Y7AC1BR2CD00010001,360,CS,CS,1,1,4752,5346,LB,211.68,FT3,B,,0,0,,,2020-07-28 5:00:00,360,DH WLNT BROWNIE 12/17.6Z,,,0,,,4503188936,20,,0,J,1,1,A,,,,,,641,0,,,,ZCAG,X,X,,,,A,ZW,,,,,10,0,0,,0,0,0,,0,0,0,0,0,0,0,,1900-01-01 6:00:00,10644209332509,,,,,,,,,,,1,V,,,,0,M4239,0,,0,,0,,,,0,,,,,,,50,,0,0,0,0,20,0,0,0,,,,,0,,,0,0,,ZCHP,,,,,,,,,,1900-01-01 6:00:00,,,,,0,0,,0,360,360,0,,0,,0,,0,0,,L,73225,,,0,1900-01-01 21:00:00,,0,,,,,,0,0,,,,,0,0,,0,,,,,,,051MhZQ67kgqf9MFhwonRm,0,0,,,0,,,,,,,,,,,,0,B,,,,,,,,,,,2020-07-27 5:00:00,2021-07-27 5:00:00,0,,0,0,,,0,0,0,0,,,0,,,,,,B,B,0,0,,,,0,,0,0,,360,0,,0,,,,0,,,0,0,0,,0,0,,,,,,,,,,,,,,FALSE,
100,82081382,20,ZNLN,CA_UNICENTER,1900-01-02 0:12:37,2020-07-25 5:00:00,6251042590,,7,4281,1,,,,ZZ22674E3800010001,18,EA,EA,1,1,1260,1260,LB,54,FT3,B,,0,0,,,2020-07-28 5:00:00,18,CHEP Pallets,,,0,,,4503184611,20,,0,,1,1,A,,,,,,641,0,,,,VERP,,,,,,A,ZW,,,,,10,0,0,,0,0,0,,0,0,0,0,0,0,0,,1900-01-01 6:00:00,62510425902,,,,,,,,,,,1,V,,,,0,,0,,0,,0,,,,0,,,,,,,50,,0,0,0,0,0,0,0,0,,,,,0,,,0,0,,ZCHP,,,,,,,,,,1900-01-01 6:00:00,,,,,0,0,,0,18,18,0,,0,,0,,0,0,,L,,X,,0,1900-01-02 1:12:37,,0,,,,,,0,0,,,,,0,0,,0,,,,,,,051MhZJK7kgpsOgIB}43JW,0,0,,,0,,,,,,,,,,,,0,A,,,,,,,,,,,1900-01-01 6:00:00,1900-01-01 6:00:00,0,,0,0,,,0,0,0,0,,,0,,,,,,B,B,0,0,,,,0,,0,0,,18,0,,0,,,,0,,,0,0,0,,0,0,,,,,,,,,,,,,,FALSE,
100,82081422,10,NLN,CA_UNICENTER,1900-01-01 23:47:42,2020-07-26 5:00:00,1450001746,,20,4237,1,,,,YXBM1CD2WA00010001,0,CS,CS,1,1,0,0,LB,0,FT3,B,,0,0,,,2020-07-30 5:00:00,0,BE VM PLN PSTA 10/10Z,,,0,,,4503189064,10,,0,J,1,1,A,,,,,,641,0,,,,ZCAG,X,X,,,,A,ZW,,,,,10,0,0,,0,0,0,,0,0,0,0,0,0,0,,2020-07-30 5:00:00,10014500017465,,,,,,,,,,,1,V,,,,0,M4225,0,,0,,0,,,,0,,,,,,,50,,4200,29400,26250,2486.4,0,0,0,0,,LB,FT3,,0,,,0,0,,ZCHP,,,,,,,,,,1900-01-01 6:00:00,,,,,0,0,,0,0,0,4200,,0,,0,,0,0,,L,73225,,,0,1900-01-01 20:00:00,,0,,,,,,0,0,,,,,0,0,,0,,,,,,,051MhZJK7jgpya1u}RJeqG,0,0,,,0,,,,,,,,,,,,0,G,,,,,,,,,,,1900-01-01 6:00:00,1900-01-01 6:00:00,0,,0,0,,,0,0,0,0,,,0,,,,,,B,B,0,0,,,,0,,0,0,,4200,0,,0,,,,0,,,0,0,0,,0,0,,,,,,,,,,,,,,FALSE,
100,82081434,900004,NLN,CA_UNICENTER,1900-01-02 2:20:03,2020-08-03 5:00:00,1450002161,,20,4237,1,3023072AH2,,,YXBL1CG1OR00010001,540,CS,CS,1,1,3645,4006.8,LB,254.88,FT3,B,,0,0,,,2020-07-29 5:00:00,540,BE PEAS N MSHRM 10/10.8Z,,,0,,,4503189386,10,,0,J,1,1,A,,,,,,641,0,,,,ZCAG,X,X,,,,A,ZW,,,,,10,0,0,,0,0,0,,0,0,0,0,0,0,0,,1900-01-01 6:00:00,10014500021615,,,,,,,,,,,1,V,,,,0,M4228,0,,0,,0,,,,0,,,,,,,50,,0,0,0,0,10,0,0,0,,,,,0,,,0,0,,ZCHP,,,,,,,,,,1900-01-01 6:00:00,,,,,0,0,,0,540,540,0,,0,,0,,0,0,,L,73225,,,0,1900-01-01 20:00:00,,0,,,,,,0,0,,,,,0,0,,0,,,,,,,051MhZQ67jgrlXFzPB0uMm,0,0,,,0,,,,,,,,,,,,0,B,,,,,,,,,,,2020-07-23 5:00:00,2022-07-23 5:00:00,0,,0,0,,,0,0,0,0,,,0,,,,,,B,B,0,0,,,,0,,0,0,,540,0,,0,,,,0,,,0,0,0,,0,0,,,,,,,,,,,,,,FALSE,
100,82081435,20,NLN,CA_UNICENTER,1900-01-01 23:47:42,2020-07-26 5:00:00,1450002164,,20,4237,1,,,,YXBL1CG1OR00040001,0,CS,CS,1,1,0,0,LB,0,FT3,B,,0,0,,,2020-07-29 5:00:00,0,BE GARLC CAULF 8/10.8Z,,,0,,,4503189387,20,,0,J,1,1,A,,,,,,641,0,,,,ZCAG,X,X,,,,A,ZW,,,,,10,0,0,,0,0,0,,0,0,0,0,0,0,0,,2020-08-03 5:00:00,10014500021646,,,,,,,,,,,1,V,,,,0,M4228,0,,0,,0,,,,0,,,,,,,50,,1650,9982.5,8910,892.65,0,0,0,0,,LB,FT3,,0,,,0,0,,ZCHP,,,,,,,,,,1900-01-01 6:00:00,,,,,0,0,,0,0,0,1650,,0,,0,,0,0,,L,73225,,,0,1900-01-01 20:00:00,,0,,,,,,0,0,,,,,0,0,,0,,,,,,,051MhZJK7jgpya2OTvOeqG,0,0,,,0,,,,,,,,,,,,0,G,,,,,,,,,,,1900-01-01 6:00:00,1900-01-01 6:00:00,0,,0,0,,,0,0,0,0,,,0,,,,,,B,B,0,0,,,,0,,0,0,,1650,0,,0,,,,0,,,0,0,0,,0,0,,,,,,,,,,,,,,FALSE,
100,82081463,20,NLN,CA_UNICENTER,1900-01-01 11:21:06,2020-07-27 5:00:00,3100010455,,20,5008,1,,,,07CNB53T2900020001,0,CS,CS,1,1,0,0,LB,0,FT3,B,,0,0,,,2020-07-29 5:00:00,0,BQ POPCRN CKN 12/12Z,,,0,,,4503188846,20,,0,J,1,1,C,126,X,916,82081463,,641,601,X,,,ZCAG,X,X,,,,A,ZW,,,,,10,0,0,,0,0,0,,0,0,0,0,0,0,0,,2020-07-29 5:00:00,20031000104553,,,,,,,,,,,1,V,,,,0,M0080,0,,0,,0,,,,0,,,,,,,50,,360,3896.28,3240,255.6,0,0,0,0,,LB,FT3,,0,,,0,0,,ZCHP,,,,,,,,,,1900-01-01 6:00:00,,,,,0,0,,0,0,0,360,,0,,0,,0,0,,L,73225,,,0,1900-01-01 20:00:00,,0,,,,,,0,0,,,,,0,0,,0,,,,,,,051MhZJK7kgp}bmku86QqG,0,0,,,0,,,,,,,,,,,,0,A,,,,,,,B,,,,2020-07-20 5:00:00,2021-07-15 5:00:00,0,,0,0,,,0,0,0,0,,,0,,,,,,B,B,0,0,,,,0,,0,0,,360,0,,0,,,,0,,,0,0,0,,0,0,,,,,,,,,,,,,,FALSE,
100,82081580,20,NLN,CA_UNICENTER,1900-01-01 11:19:06,2020-07-28 5:00:00,1878001301,,50,2501,1,,,,UOCUB5011T00010001,0,PAL,PAL,1,1,0,0,LB,0,FT3,B,,0,0,,,2020-07-30 5:00:00,0,ANG POPCRN ABCP SWT N SLTY 108/25Z,,,0,,,4503188515,20,,0,J,1,1,C,142,X,916,82081580,,641,601,X,,,ZCAG,X,X,,,,A,ZW,,,,,10,0,0,,0,0,0,,0,0,0,0,0,0,0,,2020-07-30 5:00:00,50818780013005,,,,,,,,,,,1,V,,,,0,M4117,0,,0,,0,,,,0,,,,,,,50,,52,10326.16,8775,2722.772,0,0,0,0,,LB,FT3,,0,,,0,0,,ZCHP,,,,,,,,,,1900-01-01 6:00:00,,,,,0,0,,0,0,0,52,,0,,0,,0,0,,L,72400-05,,,0,1900-01-01 21:00:00,,0,,,,,,0,0,,,,,0,0,,0,,,,,,,051MhZJK7jgqbtYY7LUVU0,0,0,,,0,,,,,,,,,,,,0,A,,,,,,,B,,,,2020-07-28 5:00:00,2021-04-24 5:00:00,0,,0,0,,,0,0,0,0,,,0,,,,,,B,B,0,0,,,,0,,0,0,,52,0,,0,,,,0,,,0,0,0,,0,0,,,,,,,,,,,,,,FALSE,
100,82081762,20,NLN,CA_UNICENTER,1900-01-01 23:42:23,2020-07-23 5:00:00,5827620262,,20,4238,1,3822081D22,,,YGBCB012B500010001,1200,CS,CS,1,1,9600,12320.4,LB,768,FT3,B,,0,0,,,2020-07-28 5:00:00,1200,HMN CTRY FRD CKN 8/16Z,,,0,,,4503188503,20,,0,J,1,1,A,,,,,,641,0,,,,ZCAG,X,X,,,,A,ZW,,,,,10,0,0,,0,0,0,,0,0,0,0,0,0,0,,2020-07-28 5:00:00,10658276202627,,,,,,,,,,,1,V,,,,0,M4273,0,,0,,0,,,,0,,,,,,,50,,0,0,0,0,0,0,0,0,,,,,0,,,0,0,,ZCHP,,,,,,,,,,1900-01-01 6:00:00,,,,,0,0,,0,1200,1200,0,,0,,0,,0,0,,L,73225,,,0,1900-01-01 21:00:00,,0,,,,,,0,0,,,,,0,0,,0,,,,,,,051MhZJP7jgpfhZHINfXuG,0,0,,,0,,,,,,,,,,,,0,B,,,,,,,,,,,2020-05-29 5:00:00,2021-08-22 5:00:00,0,,0,0,,,0,0,0,0,,,0,,,,,,B,B,0,0,,,,0,,0,0,,1200,0,,0,,,,0,,,0,0,0,,0,0,,,,,,,,,,,,,,FALSE,
100,82081914,900001,NLN,ZCF0139,1900-01-01 16:52:47,2020-07-29 5:00:00,2700039014,,10,2102,1,2102021120,,,64DGA601MI00070001,1672,CS,CS,1,1,37620,42712.912,LB,968.088,FT3,B,,0,0,,,2020-07-30 5:00:00,1672,HNT SCE TOM 24/15Z,,,0,,,4503185395,10,,0,J,1,1,C,108,X,916,82081914,,641,601,X,,,ZCAG,X,X,,,,A,ZW,,,,,10,0,0,,0,0,0,,0,0,0,0,0,0,0,,2020-07-29 5:00:00,10027000390143,,,,,,,,,,,1,V,,,,0,M0378,0,,0,,0,,,,0,,,,,,,50,,0,0,0,0,10,0,0,0,,,,,0,,,0,0,,ZCHP,,,,,,,,,,1900-01-01 6:00:00,,,,,0,0,,0,1672,1672,0,,0,,0,,0,0,,L,73234,,,0,1900-01-01 22:00:00,,0,,,,,,0,0,,,,,0,0,,0,,,,,,,051MhZJ{7kgqjd69INomAm,0,0,,,0,,,,,,,,,,,,0,A,,,,,,,B,,,,2020-07-29 5:00:00,2022-04-20 5:00:00,0,,0,0,,,0,0,0,0,,,0,,,,,,B,B,0,0,,,,0,,0,0,,88,0,,0,,,,0,,,0,0,0,,0,0,,,,,,,,,,,,,,FALSE,
100,82081939,20,ZNLN,CA_UNICENTER,1900-01-01 11:20:45,2020-07-28 5:00:00,6251042590,,7,4226,1,,,,ZZ22674E3800010001,28,EA,EA,1,1,1960,1960,LB,84,FT3,B,,0,0,,,2020-07-30 5:00:00,28,CHEP Pallets,,,0,,,4503188151,20,,0,,1,1,A,,,,,,641,0,,,,VERP,,,,,,A,ZW,,,,,10,0,0,,0,0,0,,0,0,0,0,0,0,0,,2020-07-30 5:00:00,62510425902,,,,,,,,,,,1,V,,,,0,,0,,0,,0,,,,0,,,,,,,50,,0,0,0,0,0,0,0,0,,,,,0,,,0,0,,ZCHP,,,,,,,,,,1900-01-01 6:00:00,,,,,0,0,,0,28,28,0,,0,,0,,0,0,,L,,X,,0,1900-01-01 21:00:00,,0,,,,,,0,0,,,,,0,0,,0,,,,,,,051MhZJP7kgqbt}m8Wr{Nm,0,0,,,0,,,,,,,,,,,,0,B,,,,,,,,,,,1900-01-01 6:00:00,1900-01-01 6:00:00,0,,0,0,,,0,0,0,0,,,0,,,,,,B,B,0,0,,,,0,,0,0,,24,0,,0,,,,0,,,0,0,0,,0,0,,,,,,,,,,,,,,FALSE,
100,82082018,40,NLN,CA_UNICENTER,1900-01-01 11:20:07,2020-07-29 5:00:00,2113100062,,20,5006,1,,,,16BKA33V8100120001,0,CS,CS,1,1,0,0,LB,0,FT3,B,,0,0,,,2020-07-31 5:00:00,0,MC PT PIE BF 8/15Z DRC,,,0,,,4503190387,40,,0,J,1,1,C,106,X,916,82082018,,641,601,X,,,ZCAG,X,X,,,,A,ZW,,,,,10,0,0,,0,0,0,,0,0,0,0,0,0,0,,2020-07-30 5:00:00,20021131000626,,,,,,,,,,,1,V,,,,0,M0318,0,,0,,0,,,,0,,,,,,,50,,1680,14484.96,12600,690.48,0,0,0,0,,LB,FT3,,0,,,0,0,,ZCHP,,,,,,,,,,1900-01-01 6:00:00,,,,,0,0,,0,0,0,1680,,0,,0,,0,0,,L,73225,,,0,1900-01-02 5:59:58,,0,,,,,,0,0,,,,,0,0,,0,,,,,,,051MhZJP7jgqiAAAvLX}AG,0,0,,,0,,,,,,,,,,,,0,A,,,,,,,B,,,,2020-07-30 5:00:00,2022-01-21 6:00:00,0,,0,0,,,0,0,0,0,,,0,,,,,,B,B,0,0,,,,0,,0,0,,1680,0,,0,,,,0,,,0,0,0,,0,0,,,,,,,,,,,,,,FALSE,
100,82082042,20,NLN,CA_UNICENTER,1900-01-01 19:19:01,2020-07-29 5:00:00,5410000210,,10,4272,1,7220042B21,,,ZSCJ1C72F900020001,80,CS,CS,1,1,1440,2440,LB,44.4,FT3,B,,0,0,,,2020-07-31 5:00:00,80,VL SNCK MMS KSHR DILL 12/24FOZ,,,0,,,4503191399,20,,0,J,1,1,A,,,,,,641,0,,,,ZCAG,X,X,,,,A,ZN,,,,,10,0,0,,0,0,0,,0,0,0,0,0,0,0,,2020-07-31 5:00:00,10054100002102,,,,,,,,,,,1,V,,,,0,M4160,0,,0,,0,,,,0,,,,,,,50,,0,0,0,0,0,0,0,0,,,,,0,,,0,0,,ZCHP,,,,,,,,,,1900-01-01 6:00:00,,,,,0,0,,0,80,80,0,,0,,0,,0,0,,L,73225,,,0,1900-01-01 6:00:00,,0,,,,,,0,0,,,,,0,0,,0,,,,,,,051MhZJP7kgqkFz745dUkG,0,0,,,0,,,,,,,,,,,,0,B,,,,,,,,,,,2020-07-24 5:00:00,2022-04-20 5:00:00,0,,0,0,,,0,0,0,0,,,0,,,,,,B,B,0,0,,,,0,,0,0,,80,0,,0,,,,0,,,0,0,0,,0,0,,,,,,,,,,,,,,FALSE,
100,82082088,20,ZNLN,CA_UNICENTER,1900-01-01 23:42:44,2020-07-29 5:00:00,6251042590,,7,4238,5,,,,ZZ22674E3800010001,30,EA,EA,1,1,2100,2100,LB,90,FT3,B,,0,0,,,2020-08-03 5:00:00,30,CHEP Pallets,,,0,,,4503191087,20,,0,,1,1,A,,,,,,641,0,,,,VERP,,,,,,A,ZW,,,,,10,0,0,,0,0,0,,0,0,0,0,0,0,0,,1900-01-01 6:00:00,62510425902,,,,,,,,,,,1,V,,,,0,,0,,0,,0,,,,0,,,,,,,50,,0,0,0,0,0,0,0,0,,,,,0,,,0,0,,ZCHP,,,,,,,,,,1900-01-01 6:00:00,,,,,0,0,,0,30,30,0,,0,,0,,0,0,,L,,X,,0,1900-01-01 20:00:00,,0,,,,,,0,0,,,,,0,0,,0,,,,,,,051MhZJP7jgqlPetnYiGMG,0,0,,,0,,,,,,,,,,,,0,A,,,,,,,,,,,1900-01-01 6:00:00,1900-01-01 6:00:00,0,,0,0,,,0,0,0,0,,,0,,,,,,B,B,0,0,,,,0,,0,0,,30,0,,0,,,,0,,,0,0,0,,0,0,,,,,,,,,,,,,,FALSE,
100,82082306,10,NLN,CA_UNICENTER,1900-01-01 11:19:12,2020-07-24 5:00:00,1601201145,,50,3880,1,5628003024,,,UKCXB070VG00020001,125,CS,CS,1,1,334.375,414.375,LB,40,FT3,B,,0,0,,,2020-07-26 5:00:00,125,BG SNF SDS SMKY SWT BBQ 8/5.35Z SHCDD,,,0,,,4503188024,10,,0,J,1,1,A,,,,,,641,0,,,,ZCAG,X,X,,,,A,ZW,,,,,10,0,0,,0,0,0,,0,0,0,0,0,0,0,,2020-07-31 5:00:00,20816012011453,,,,,,,,,,,1,V,,,,0,M4087,0,,0,,0,,,,0,,,,,,,50,,0,0,0,0,0,0,0,0,,,,,0,,,0,0,,ZCHP,,,,,,,,,,1900-01-01 6:00:00,,,,,0,0,,0,125,125,0,,0,,0,,0,0,,L,73238,,,0,1900-01-01 21:00:00,,0,,,,,,0,0,,,,,0,0,,0,,,,,,,051MhZJM7jgpikGLk0FRQG,0,0,,,0,,,,,,,,,,,,0,B,,,,,,,,,,,2020-01-30 6:00:00,2021-03-25 5:00:00,0,,0,0,,,0,0,0,0,,,0,,,,,,B,B,0,0,,,,0,,0,0,,125,0,,0,,,,0,,,0,0,0,,0,0,,,,,,,,,,,,,,FALSE,
100,82082404,900003,NLN,ZCS0311,1900-01-01 11:29:32,2020-08-01 5:00:00,1010788,,SF001,5007,7,1475941,209,,ZZZZZZZNFG0001ZZZZ,5600,LB,LB,1,1,5600,5600,LB,302.4,IN3,B,,0,0,,,2020-07-31 5:00:00,5600,"CKN,1/2IN SLCD,WHT MT,BRST,CDN",,,0,,,3352708,30,,0,J,1,1,A,,,,,,641,0,,,,ZHLB,X,X,,,,A,ZN,,,,,10,0,0,,0,0,0,,0,0,0,0,0,0,0,,1900-01-01 6:00:00,,,,,,,,,,,,1,V,,,,0,A0042,0,,0,,0,,,,0,,,,,,,50,,0,0,0,0,30,0,0,0,,,,,0,,,0,0,,ZWHT,,,,,,,,,,1900-01-01 6:00:00,,,,,0,0,,0,5600,5600,0,,0,,0,,0,0,,L,134740,,,0,1900-01-01 6:00:00,,0,,,,,,0,0,,,,,0,0,,0,,,,,,,051MhZQ67jgq}3nmmQAAv0,0,0,,,0,,,,,,,,,,,,0,A,,,,,,,,,,,2020-07-27 5:00:00,2020-10-25 5:00:00,0,,0,0,,,0,0,0,0,,,0,,,,,,B,B,0,0,,,,0,,0,0,,5600,0,,0,,,,0,,,0,0,0,,0,0,,,,,,,,,,,,,,FALSE,
100,82082420,10,NLN,ZRJ0185,1900-01-01 7:27:54,2020-07-25 5:00:00,7486505613,,62,4564,1,,,,FEGH0KVZ7537930001,0,CS,CS,1,1,0,0,LB,0,FT3,B,,0,0,,,2020-07-27 5:00:00,0,12/18 CT/1.25 OZ SY BTRMK PANC,,,0,,,4503181654,10,,0,J,1,1,C,141,X,916,82082420,,641,601,X,,,ZCAG,X,X,,,,A,ZN,,,,,10,0,0,,0,0,0,,0,0,0,0,0,0,0,,2020-07-25 5:00:00,74865056137,,,,,,,,,,,1,V,,,,0,M3869,0,,0,,0,,,,0,,,,,,,50,,576,10247.04,9722.88,772.992,0,0,0,0,,LB,FT3,,0,,,0,0,,ZWHT,,,,,,,,,,1900-01-01 6:00:00,,,,,0,0,,0,0,0,576,,0,,0,,0,0,,L,73225,,,0,1900-01-01 6:00:00,,0,,,,,,0,0,,,,,0,0,,0,,,,,,,051MhZJM7kgpn}ykQMfqOW,0,0,,,0,,,,,,,,,,,,0,A,,,,,,,B,,,,2020-07-22 5:00:00,2021-07-17 5:00:00,0,,0,0,,,0,0,0,0,,,0,,,,,,B,B,0,0,,,,0,,0,0,,576,0,,0,,,,0,,,0,0,0,,0,0,,,,,,,,,,,,,,FALSE,
100,82082497,20,ZNLN,CA_UNICENTER,1900-01-01 11:21:08,2020-07-27 5:00:00,6251042590,,7,5031,1,,,,ZZ22674E3800010001,28,EA,EA,1,1,1960,1960,LB,84,FT3,B,,0,0,,,2020-07-29 5:00:00,28,CHEP Pallets,,,0,,,4503182479,20,,0,,1,1,A,,,,,,641,0,,,,VERP,,,,,,A,ZW,,,,,10,0,0,,0,0,0,,0,0,0,0,0,0,0,,2020-07-30 5:00:00,62510425902,,,,,,,,,,,1,V,,,,0,,0,,0,,0,,,,0,,,,,,,50,,0,0,0,0,0,0,0,0,,,,,0,,,0,0,,ZCHP,,,,,,,,,,1900-01-01 6:00:00,,,,,0,0,,0,28,28,0,,0,,0,,0,0,,L,,X,,0,1900-01-01 19:00:00,,0,,,,,,0,0,,,,,0,0,,0,,,,,,,051MhZJM7jgp}bnM0RY5{G,0,0,,,0,,,,,,,,,,,,0,A,,,,,,,,,,,1900-01-01 6:00:00,1900-01-01 6:00:00,0,,0,0,,,0,0,0,0,,,0,,,,,,B,B,0,0,,,,0,,0,0,,28,0,,0,,,,0,,,0,0,0,,0,0,,,,,,,,,,,,,,FALSE,
100,82082575,900001,NLN,ZSP0170,1900-01-01 17:36:04,2020-08-02 5:00:00,3100012027,,20,5008,1,5008021020,,,07CNB53T2900020001,480,CS,CS,1,1,4320,5166.72,LB,286.08,FT3,B,,0,0,,,2020-07-30 5:00:00,480,BQ NUGS BRST 12/12Z,,,0,,,4503188842,20,,0,J,1,1,C,126,X,916,82082575,,641,601,X,,,ZCAG,X,X,,,,A,ZW,,,,,10,0,0,,0,0,0,,0,0,0,0,0,0,0,,2020-08-02 5:00:00,20031000120270,,,,,,,,,,,1,V,,,,0,M0080,0,,0,,0,,,,0,,,,,,,50,,0,0,0,0,20,0,0,0,,,,,0,,,0,0,,ZCHP,,,,,,,,,,1900-01-01 6:00:00,,,,,0,0,,0,480,480,0,,0,,0,,0,0,,L,73225,,,0,1900-01-01 21:00:00,,0,,,,,,0,0,,,,,0,0,,0,,,,,,,051MhZJJ7kgrcyXDf1mqH0,0,0,,,0,,,,,,,,,,,,0,A,,,,,,,B,,,,2020-07-28 5:00:00,2021-07-23 5:00:00,0,,0,0,,,0,0,0,0,,,0,,,,,,B,B,0,0,,,,0,,0,0,,60,0,,0,,,,0,,,0,0,0,,0,0,,,,,,,,,,,,,,FALSE,
100,82082749,10,NLN,CA_UNICENTER,1900-01-01 11:19:09,2020-07-24 5:00:00,1878001026,,50,2568,1,,,,UOCUB5011M00020001,0,CS,CS,1,1,0,0,LB,0,FT3,B,,0,0,,,2020-07-28 5:00:00,0,ANG POPCRN SEASLT 4/6/.6Z,,,0,,,4503186900,10,,0,J,1,1,C,143,X,916,82082749,,641,601,X,,,ZCAG,X,X,,,,A,ZW,,,,,10,0,0,,0,0,0,,0,0,0,0,0,0,0,,2020-07-28 5:00:00,10818780010266,,,,,,,,,,,1,V,,,,0,M4117,0,,0,,0,,,,0,,,,,,,50,,600,1317,540,735,0,0,0,0,,LB,FT3,,0,,,0,0,,ZCHP,,,,,,,,,,1900-01-01 6:00:00,,,,,0,0,,0,0,0,600,,0,,0,,0,0,,L,72400,,,0,1900-01-01 21:00:00,,0,,,,,,0,0,,,,,0,0,,0,,,,,,,051MhZJO7kgpikEKEwXMYG,0,0,,,0,,,,,,,,,,,,0,A,,,,,,,B,,,,2020-07-27 5:00:00,2021-01-23 6:00:00,0,,0,0,,,0,0,0,0,,,0,,,,,,B,B,0,0,,,,0,,0,0,,840,0,,0,,,,0,,,0,0,0,,0,0,,,,,,,,,,,,,,FALSE,
100,82082801,900002,NLN,Q007270,1900-01-01 18:06:00,2020-08-17 5:00:00,1601201112,,50,5628,1,5628022626,,,UKCXB070VW00010001,127,CS,CS,1,1,476.25,558.8,LB,54.229,FT3,B,,0,0,,,2020-08-10 5:00:00,127,BG PMPKN SDS SMPLYSLTD 12/5.0Z,,,0,,,4503188907,50,,0,J,1,1,A,,,,,,641,0,,,,ZCAG,X,X,,,,A,ZW,,,,,10,0,0,,0,0,0,,0,0,0,0,0,0,0,,1900-01-01 6:00:00,10816012011128,,,,,,,,,,,1,V,,,,0,M4087,0,,0,,0,,,,0,,,,,,,50,,0,0,0,0,50,0,0,0,,,,,0,,,0,0,,ZCHP,,,,,,,,,,1900-01-01 6:00:00,,,,,0,0,,0,127,127,0,,0,,0,,0,0,,L,73238,,,0,1900-01-01 6:00:00,,0,,,,,,0,0,,,,,0,0,,0,,,,,,,051MhZJM7jgubNs9Zx6HB0,0,0,,,0,,,,,,,,,,,,0,A,,,,,,,,,,,2020-08-13 5:00:00,2021-10-07 5:00:00,0,,0,0,,,0,0,0,0,,,0,,,,,,B,B,0,0,,,,0,,0,0,,127,0,,0,,,,0,,,0,0,0,,0,0,,,,,,,,,,,,,,FALSE,
100,82082944,900001,NLN,PLP0001,1900-01-01 6:42:54,2020-07-29 5:00:00,2113190540,,20,5006,1,5006020420,,,16BCB01Y8700010001,182,CS,CS,1,1,1092,1407.224,LB,85.176,FT3,B,,0,0,,,2020-07-29 5:00:00,182,MC CTRY FRIED PORK 8/12Z,,,0,,,4503188856,10,,0,J,1,1,C,106,X,916,82082944,,641,601,X,,,ZCAG,X,X,,,,A,ZW,,,,,10,0,0,,0,0,0,,0,0,0,0,0,0,0,,2020-07-29 5:00:00,20021131905402,,,,,,,,,,,1,V,,,,0,M0096,0,,0,,0,,,,0,,,,,,,50,,0,0,0,0,10,0,0,0,,,,,0,,,0,0,,ZCHP,,,,,,,,,,1900-01-01 6:00:00,,,,,0,0,,0,182,182,0,,0,,0,,0,0,,L,73225,,,0,1900-01-01 20:00:00,,0,,,,,,0,0,,,,,0,0,,0,,,,,,,051MhZJK7kgqgyitLRwGAm,0,0,,,0,,,,,,,,,,,,0,A,,,,,,,B,,,,2020-07-22 5:00:00,2022-01-13 6:00:00,0,,0,0,,,0,0,0,0,,,0,,,,,,B,B,0,0,,,,0,,0,0,,91,0,,0,,,,0,,,0,0,0,,0,0,,,,,,,,,,,,,,FALSE,
100,82082986,20,ZNLN,ZMD0095,1900-01-01 15:23:24,2020-07-27 5:00:00,6251042590,,7,2105,5,,,,ZZ22674E3800010001,72,EA,EA,1,1,5040,5040,LB,216,FT3,B,,0,0,,,2020-08-05 5:00:00,72,CHEP Pallets,,,0,,,4503174220,20,,0,,1,1,A,,,,,,641,0,,,,VERP,,,,,,A,ZW,,,,,10,0,0,,0,0,0,,0,0,0,0,0,0,0,,2020-07-31 5:00:00,62510425902,,,,,,,,,,,1,V,,,,0,,0,,0,,0,,,,0,,,,,,,50,,0,0,0,0,0,0,0,0,,,,,0,,,0,0,,ZCHP,,,,,,,,,,1900-01-01 6:00:00,,,,,0,0,,0,72,72,0,,0,,0,,0,0,,L,,X,,0,1900-01-01 18:00:00,,0,,,,,,0,0,,,,,0,0,,0,,,,,,,051MhZJO7kgqWfU0Bu5geG,0,0,,,0,,,,,,,,,,,,0,A,,,,,,,,,,,1900-01-01 6:00:00,1900-01-01 6:00:00,0,,0,0,,,0,0,0,0,,,0,,,,,,B,B,0,0,,,,0,,0,0,,72,0,,0,,,,0,,,0,0,0,,0,0,,,,,,,,,,,,,,FALSE,
100,82083038,40,NLN,CA_UNICENTER,1900-01-01 21:19:02,2020-07-27 5:00:00,9162701169,,20,4238,1,3.82E+58,,,Y9BCB0129C00020001,630,CS,CS,1,1,3339,3339,LB,252.63,FT3,B,,0,0,,,2020-07-29 5:00:00,630,EVOL GUJO CKN N CLFLWR 8/10.5Z,,,0,,,4503189854,40,,0,J,1,1,A,,,,,,641,0,,,,ZCAG,X,X,,,,A,ZW,,,,,10,0,0,,0,0,0,,0,0,0,0,0,0,0,,2020-07-29 5:00:00,10891627011695,,,,,,,,,,,1,V,,,,0,M4254,0,,0,,0,,,,0,,,,,,,50,,0,0,0,0,0,0,0,0,,,,,0,,,0,0,,ZCHP,,,,,,,,,,1900-01-01 6:00:00,,,,,0,0,,0,630,630,0,,0,,0,,0,0,,L,73225,,,0,1900-01-01 21:19:02,,0,,,,,,0,0,,,,,0,0,,0,,,,,,,051MhZJO7jgqYCqif2I3t0,0,0,,,0,,,,,,,,,,,,0,B,,,,,,,,,,,2020-07-23 5:00:00,2021-07-23 5:00:00,0,,0,0,,,0,0,0,0,,,0,,,,,,B,B,0,0,,,,0,,0,0,,630,0,,0,,,,0,,,0,0,0,,0,0,,,,,,,,,,,,,,FALSE,
100,82083079,10,NLN,CA_UNICENTER,1900-01-01 11:20:54,2020-07-28 5:00:00,5410000360,,10,4272,1,7221042B31,,,ZSCJ1C731H00010001,1638,CS,CS,1,1,28255.5,41769,LB,876.33,FT3,B,,0,0,,,2020-07-30 5:00:00,1638,VL KSHR DILL WHL PCKL 6/46FOZ,,,0,,,4503186275,10,,0,J,1,1,A,,,,,,641,0,,,,ZCAG,X,X,,,,A,ZN,,,,,10,0,0,,0,0,0,,0,0,0,0,0,0,0,,2020-07-30 5:00:00,10054100003604,,,,,,,,,,,1,V,,,,0,M4160,0,,0,,0,,,,0,,,,,,,50,,0,0,0,0,0,0,0,0,,,,,0,,,0,0,,ZCHP,,,,,,,,,,1900-01-01 6:00:00,,,,,0,0,,0,1638,1638,0,,0,,0,,0,0,,L,73225,,,0,1900-01-01 6:00:00,,0,,,,,,0,0,,,,,0,0,,0,,,,,,,051MhZJO7jgqbu2NZi714m,0,0,,,0,,,,,,,,,,,,0,B,,,,,,,,,,,2020-07-25 5:00:00,2022-04-21 5:00:00,0,,0,0,,,0,0,0,0,,,0,,,,,,B,B,0,0,,,,0,,0,0,,1638,0,,0,,,,0,,,0,0,0,,0,0,,,,,,,,,,,,,,FALSE,
100,82083213,20,ZNLN,CA_UNICENTER,1900-01-01 17:49:17,2020-07-24 5:00:00,6251042590,,7,4238,5,,,,ZZ22674E3800010001,42,EA,EA,1,1,2940,2940,LB,126,FT3,B,,0,0,,,2020-07-29 5:00:00,42,CHEP Pallets,,,0,,,4503188282,20,,0,,1,1,A,,,,,,641,0,,,,VERP,,,,,,A,ZW,,,,,10,0,0,,0,0,0,,0,0,0,0,0,0,0,,2020-07-28 5:00:00,62510425902,,,,,,,,,,,1,V,,,,0,,0,,0,,0,,,,0,,,,,,,50,,0,0,0,0,0,0,0,0,,,,,0,,,0,0,,ZCHP,,,,,,,,,,1900-01-01 6:00:00,,,,,0,0,,0,42,42,0,,0,,0,,0,0,,L,,X,,0,1900-01-01 20:00:00,,0,,,,,,0,0,,,,,0,0,,0,,,,,,,051MhZJ{7kgpkRH8P64uMW,0,0,,,0,,,,,,,,,,,,0,B,,,,,,,,,,,1900-01-01 6:00:00,1900-01-01 6:00:00,0,,0,0,,,0,0,0,0,,,0,,,,,,B,B,0,0,,,,0,,0,0,,60,0,,0,,,,0,,,0,0,0,,0,0,,,,,,,,,,,,,,FALSE,
100,82083246,10,NLN,ZMD0095,1900-01-01 23:20:03,2020-07-24 5:00:00,1004096,,SF001,2105,3,,,,,0,EA,EA,1,1,0,0,LB,0,IN3,B,,0,0,,,2020-07-27 5:00:00,0,"TOM,RTL DCD MILD,10OZ,UNLB CN",,,0,,,3352839,10,,0,J,1,1,C,109,X,916,82083246,,641,601,X,,,ZHLB,X,X,,,,A,ZW,,,,,10,0,0,,0,0,0,,0,0,0,0,0,0,0,,2020-07-26 5:00:00,,,,,,,,,,,,1,V,,,,0,P2105,0,,0,,0,,,,0,,,,,,,50,,54264,39449.928,0,1844976,0,0,0,0,,LB,IN3,,0,,,0,0,,ZWHT,,,,,,,,,,1900-01-01 6:00:00,,,,,0,0,,0,0,0,54264,,0,,0,,0,0,,L,73227,,,0,1900-01-01 6:00:00,,0,,,,,,0,0,,,,,0,0,,0,,,,,,,051MhZJ{7jgpltf2amEkXm,0,0,,,0,,,,,,,,,,,,0,A,,,,,,,B,,,,1900-01-01 6:00:00,1900-01-01 6:00:00,0,,0,0,,,0,0,0,0,,,0,,,,,,B,B,0,0,,,,0,,0,0,,54264,0,,0,,,,0,,,0,0,0,,0,0,,,,,,,,,,,,,,FALSE,
100,82083435,900010,NLN,ZPH0150,1900-01-01 22:03:49,2020-07-31 5:00:00,10014957,,RC015,5007,6201,391808,E128G0,,,4320,LB,LB,1,1,4320,4320,LB,177.12,IN3,B,,0,0,,,2020-07-29 5:00:00,4320,"BF,SEA,THN CUT,STRP,CKD",,,0,,,3341439,10,,0,J,1,1,A,,,,,,641,0,,,,ZROH,X,X,,,,A,ZW,,,,,10,0,0,,0,0,0,,0,0,0,0,0,0,0,,1900-01-01 6:00:00,,,,,,,,,,,,,V,,,,0,A0042,0,,0,,0,,,,0,,,,,,,41,,0,0,0,0,10,0,0,0,,,,,0,,,0,0,,ZWHT,,,,,,,,,,1900-01-01 6:00:00,,,,,0,0,,0,4320,4320,0,,0,,0,,0,0,,L,134700,,,0,1900-01-01 6:00:00,,0,,,,,,0,0,,,,,0,0,,0,,,,,,,051MhZJ{7jgqxYgErTmde0,0,0,,,0,,,,,,,,,,,,0,A,,,,,,,,,,,2020-05-07 5:00:00,2020-11-03 6:00:00,0,,0,0,,,0,0,0,0,,,0,,,,,,B,B,0,0,,,,0,,0,0,,4320,0,,0,,,,0,,,0,0,0,,0,0,,,,,,,,,,,,,,FALSE,
100,82083489,10,NLN,CA_UNICENTER,1900-01-01 23:44:22,2020-07-27 5:00:00,9162700918,,20,4238,1,,,,Y9BCB0129C00030001,0,CS,CS,1,1,0,0,LB,0,FT3,B,,0,0,,,2020-07-31 5:00:00,0,EVOL PRTBLA GOAT CHS RAV 8/8.75Z,,,0,,,4503189893,10,,0,J,1,1,A,,,,,,641,0,,,,ZCAG,X,X,,,,A,ZW,,,,,10,0,0,,0,0,0,,0,0,0,0,0,0,0,,2020-07-30 5:00:00,10891627009180,,,,,,,,,,,1,V,,,,0,M4254,0,,0,,0,,,,0,,,,,,,50,,1260,7434,5544,522.9,0,0,0,0,,LB,FT3,,0,,,0,0,,ZCHP,,,,,,,,,,1900-01-01 6:00:00,,,,,0,0,,0,0,0,1260,,0,,0,,0,0,,L,73225,,,0,1900-01-02 4:59:59,,0,,,,,,0,0,,,,,0,0,,0,,,,,,,051MhZJ{7jgqYrRhMD77gm,0,0,,,0,,,,,,,,,,,,0,G,,,,,,,,,,,1900-01-01 6:00:00,1900-01-01 6:00:00,0,,0,0,,,0,0,0,0,,,0,,,,,,B,B,0,0,,,,0,,0,0,,1260,0,,0,,,,0,,,0,0,0,,0,0,,,,,,,,,,,,,,FALSE,
100,82083503,900002,NLN,PTC2020,1900-01-01 7:33:39,2020-08-01 5:00:00,2700000933,,35,2247,1,2247021120,,,80BVB42U5700030001,3,CS,CS,1,1,50.625,54,LB,1.92,FT3,B,,0,0,,,2020-07-30 5:00:00,3,BLB MRGNSPRDS REG 6/45Z,,,0,,,4503188084,10,,0,J,1,1,C,105,X,916,82083503,,641,601,X,,,ZCAG,X,X,,,,A,ZW,,,,,10,0,0,,0,0,0,,0,0,0,0,0,0,0,,1900-01-01 6:00:00,20027000009332,,,,,,,,,,,1,V,,,,0,M0128,0,,0,,0,,,,0,,,,,,,50,,0,0,0,0,10,0,0,0,,,,,0,,,0,0,,ZCHP,,,,,,,,,,1900-01-01 6:00:00,,,,,0,0,,0,3,3,0,,0,,0,,0,0,,L,75200,,,0,1900-01-01 21:00:00,,0,,,,,,0,0,,,,,0,0,,0,,,,,,,051MhZJL7kgq{1u5U{Ng{0,0,0,,,0,,,,,,,,,,,,0,B,,,,,,,B,,,,2020-07-29 5:00:00,2021-02-24 6:00:00,0,,0,0,,,0,0,0,0,,,0,,,,,,B,B,0,0,,,,0,,0,0,,3,0,,0,,,,0,,,0,0,0,,0,0,,,,,,,,,,,,,,FALSE,
100,82083506,900001,NLN,PJR0122,1900-01-01 21:02:44,2020-08-07 5:00:00,2900000822,,35,2247,1,2247020620,,,80BVB421GM00020001,1260,CS,CS,1,1,37800,39808.44,LB,842.94,FT3,B,,0,0,,,2020-08-07 5:00:00,1260,BLB STCK 30/16Z,,,0,,,4503188119,10,,0,J,1,1,C,105,X,916,82083506,,641,601,X,,,ZCAG,X,X,,,,A,ZW,,,,,10,0,0,,0,0,0,,0,0,0,0,0,0,0,,2020-08-07 5:00:00,10029000008226,,,,,,,,,,,1,V,,,,0,M0128,0,,0,,0,,,,0,,,,,,,50,,0,0,0,0,10,0,0,0,,,,,0,,,0,0,,ZCHP,,,,,,,,,,1900-01-01 6:00:00,,,,,0,0,,0,1260,1260,0,,0,,0,,0,0,,L,75200,,,0,1900-01-01 21:00:00,,0,,,,,,0,0,,,,,0,0,,0,,,,,,,051MhZJO7kgsdHwdyim040,0,0,,,0,,,,,,,,,,,,0,A,,,,,,,B,,,,2020-07-24 5:00:00,2021-02-19 6:00:00,0,,0,0,,,0,0,0,0,,,0,,,,,,B,B,0,0,,,,0,,0,0,,60,0,,0,,,,0,,,0,0,0,,0,0,,,,,,,,,,,,,,FALSE,
100,82083555,20,ZNLN,CA_UNICENTER,1900-01-01 11:20:53,2020-07-28 5:00:00,6251042590,,7,4254,5,,,,ZZ22674E3800010001,20,EA,EA,1,1,1400,1400,LB,60,FT3,B,,0,0,,,2020-07-30 5:00:00,20,CHEP Pallets,,,0,,,4503188925,20,,0,,1,1,A,,,,,,641,0,,,,VERP,,,,,,A,ZW,,,,,10,0,0,,0,0,0,,0,0,0,0,0,0,0,,2020-07-30 5:00:00,62510425902,,,,,,,,,,,1,V,,,,0,,0,,0,,0,,,,0,,,,,,,50,,0,0,0,0,0,0,0,0,,,,,0,,,0,0,,ZCHP,,,,,,,,,,1900-01-01 6:00:00,,,,,0,0,,0,20,20,0,,0,,0,,0,0,,L,,X,,0,1900-01-01 23:00:00,,0,,,,,,0,0,,,,,0,0,,0,,,,,,,051MhZJ{7kgqbu2zsJjQY0,0,0,,,0,,,,,,,,,,,,0,A,,,,,,,,,,,1900-01-01 6:00:00,1900-01-01 6:00:00,0,,0,0,,,0,0,0,0,,,0,,,,,,B,B,0,0,,,,0,,0,0,,20,0,,0,,,,0,,,0,0,0,,0,0,,,,,,,,,,,,,,FALSE,
100,82083647,10,NLN,ZMD0095,1900-01-01 13:02:17,2020-07-23 5:00:00,2700038144,,10,3941,1,,,,64CCB3914Y00010001,0,CS,CS,1,1,0,0,LB,0,FT3,B,,0,0,,,2020-07-30 5:00:00,0,HNT KET CONVNTL 12/32Z,,,0,,,4503171010,10,,0,J,1,1,A,,,,,,641,0,,,,ZCAG,X,X,,,,A,ZW,,,,,10,0,0,,0,0,0,,0,0,0,0,0,0,0,,2020-07-31 5:00:00,20027000381445,,,,,,,,,,,1,V,,,,0,M0229,0,,0,,0,,,,0,,,,,,,50,,1560,41698.8,37440,1177.8,0,0,0,0,,LB,FT3,,0,,,0,0,,ZCHP,,,,,,,,,,1900-01-01 6:00:00,,,,,0,0,,0,0,0,1560,,0,,0,,0,0,,L,73227,,,0,1900-01-01 22:00:00,,0,,,,,,0,0,,,,,0,0,,0,,,,,,,051MhZJL7kgpcujJc84x7G,0,0,,,0,,,,,,,,,,,,0,A,,,,,,,,,,,1900-01-01 6:00:00,1900-01-01 6:00:00,0,,0,0,,,0,0,0,0,,,0,,,,,,B,B,0,0,,,,0,,0,0,,1560,0,,0,,,,0,,,0,0,0,,0,0,,,,,,,,,,,,,,FALSE,
100,82083709,900003,NLN,ZSS3025,1900-01-01 23:07:26,2020-08-20 5:00:00,2700038287,,61,5398,1,5398021510,,,64DXJ322AX10790001,300,CS,CS,1,1,6000,6579.9,LB,233.4,FT3,B,,0,0,,,2020-08-13 5:00:00,300,HNT KET PTN CTRL 1000/9G,,,0,,,4503188304,10,,0,J,1,1,A,,,,,,641,0,,,,ZCAG,X,X,,,,A,ZW,,,,,10,0,0,,0,0,0,,0,0,0,0,0,0,0,,2020-08-20 5:00:00,10027000382872,,,,,,,,,,,1,V,,,,0,M1974,0,,0,,0,,,,0,,,,,,,50,,0,0,0,0,10,0,0,0,,,,,0,,,0,0,,ZCHP,,,,,,,,,,1900-01-01 6:00:00,,,,,0,0,,0,300,300,0,,0,,0,,0,0,,L,73234,,,0,1900-01-01 18:00:00,,0,,,,,,0,0,,,,,0,0,,0,,,,,,,051MhZJO7jguvZ466}cnTG,0,0,,,0,,,,,,,,,,,,0,A,,,,,,,,,,,2020-08-03 5:00:00,2021-07-29 5:00:00,0,,0,0,,,0,0,0,0,,,0,,,,,,B,B,0,0,,,,0,,0,0,,300,0,,0,,,,0,,,0,0,0,,0,0,,,,,,,,,,,,,,FALSE,
100,82083914,20,ZNLN,ZDH3023,1900-01-01 13:23:06,2020-07-24 5:00:00,6251042590,,7,2501,5,,,,ZZ22674E3800010001,60,EA,EA,1,1,4200,4200,LB,180,FT3,B,,0,0,,,2020-07-27 5:00:00,60,CHEP Pallets,,,0,,,4503186677,20,,0,,1,1,A,,,,,,641,0,,,,VERP,,,,,,A,ZW,,,,,10,0,0,,0,0,0,,0,0,0,0,0,0,0,,2020-07-27 5:00:00,62510425902,,,,,,,,,,,1,V,,,,0,,0,,0,,0,,,,0,,,,,,,50,,0,0,0,0,0,0,0,0,,,,,0,,,0,0,,ZCHP,,,,,,,,,,1900-01-01 6:00:00,,,,,0,0,,0,60,60,0,,0,,0,,0,0,,L,,X,,0,1900-01-01 21:00:00,,0,,,,,,0,0,,,,,0,0,,0,,,,,,,051MhZJL7jgpjGstMVF}Cm,0,0,,,0,,,,,,,,,,,,0,A,,,,,,,,,,,1900-01-01 6:00:00,1900-01-01 6:00:00,0,,0,0,,,0,0,0,0,,,0,,,,,,B,B,0,0,,,,0,,0,0,,60,0,,0,,,,0,,,0,0,0,,0,0,,,,,,,,,,,,,,FALSE,
100,82083921,900001,NLN,PDM0003,1900-01-02 2:56:33,2020-07-29 5:00:00,7027249138,,63,2247,1,2247020320,,,A5CQJ522AQ11040001,663,CS,CS,1,1,7458.75,9429.186,LB,351.39,FT3,B,,0,0,,,2020-07-30 5:00:00,663,RDW WHP TOP REAL CRM ARSL 12/15Z,,,0,,,4503188113,20,,0,J,1,1,C,105,X,916,82083921,,641,601,X,,,ZCAG,X,X,,,,A,ZW,,,,,10,0,0,,0,0,0,,0,0,0,0,0,0,0,,2020-07-29 5:00:00,20070272491381,,,,,,,,,,,1,V,,,,0,M2064,0,,0,,0,,,,0,,,,,,,50,,0,0,0,0,20,0,0,0,,,,,0,,,0,0,,ZCHP,,,,,,,,,,1900-01-01 6:00:00,,,,,0,0,,0,663,663,0,,0,,0,,0,0,,L,73227,,,0,1900-01-02 0:00:00,,0,,,,,,0,0,,,,,0,0,,0,,,,,,,051MhZJJ7jgqmFoYC4bMwW,0,0,,,0,,,,,,,,,,,,0,A,,,,,,,B,,,,2020-07-21 5:00:00,2021-01-17 6:00:00,0,,0,0,,,0,0,0,0,,,0,,,,,,B,B,0,0,,,,0,,0,0,,103,0,,0,,,,0,,,0,0,0,,0,0,,,,,,,,,,,,,,FALSE,
100,82083933,900006,NLN,PLP3020,1900-01-01 21:15:01,2020-07-28 5:00:00,1960043571,,62,4253,1,4253012020,,,YWGH0KV2JL43410001,224,CS,CS,1,1,2419.2,2814.336,LB,180.096,FT3,B,,0,0,,,2020-07-29 5:00:00,224,AJ 12CT ORIG PNCKE 12/14.4Z,,,0,,,4503189134,50,,0,J,1,1,C,146,X,916,82083933,,641,601,X,,,ZCAG,X,X,,,,A,ZW,,,,,10,0,0,,0,0,0,,0,0,0,0,0,0,0,,2020-07-28 5:00:00,19600435716,,,,,,,,,,,1,V,,,,0,M4199,0,,0,,0,,,,0,,,,,,,50,,0,0,0,0,50,0,0,0,,,,,0,,,0,0,,ZCHP,,,,,,,,,,1900-01-01 6:00:00,,,,,0,0,,0,224,224,0,,0,,0,,0,0,,L,73225,,,0,1900-01-01 23:00:00,,0,,,,,,0,0,,,,,0,0,,0,,,,,,,051MhZJM7jgqeU23GuUDIW,0,0,,,0,,,,,,,,,,,,0,A,,,,,,,B,,,,2020-04-29 5:00:00,2021-01-24 6:00:00,0,,0,0,,,0,0,0,0,,,0,,,,,,B,B,0,0,,,,0,,0,0,,112,0,,0,,,,0,,,0,0,0,,0,0,,,,,,,,,,,,,,FALSE,
100,82083943,20,NLN,CA_UNICENTER,1900-01-01 17:58:55,2020-07-25 5:00:00,9899780644,,62,3970,1,1F06011G81,,,ZB141BW2IG44450001,1200,CS,CS,1,1,5760,6600,LB,1141.2,FT3,B,,0,0,,,2020-07-28 5:00:00,1200,UDI BUN CLSC BRGR BUN IW 24/3.2Z,,,0,,,4503184318,20,,0,J,1,1,A,,,,,,641,0,,,,ZCAG,X,X,,,,A,ZN,,,,,10,0,0,,0,0,0,,0,0,0,0,0,0,0,,2020-07-28 5:00:00,10698997806445,,,,,,,,,,,1,V,,,,0,M4157,0,,0,,0,,,,0,,,,,,,50,,0,0,0,0,0,0,0,0,,,,,0,,,0,0,,ZCHP,,,,,,,,,,1900-01-01 6:00:00,,,,,0,0,,0,1200,1200,0,,0,,0,,0,0,,L,73225,,,0,1900-01-01 6:00:00,,0,,,,,,0,0,,,,,0,0,,0,,,,,,,051MhZJL7jgpqmG7A0ULTm,0,0,,,0,,,,,,,,,,,,0,B,,,,,,,,,,,2020-07-10 5:00:00,2021-01-06 6:00:00,0,,0,0,,,0,0,0,0,,,0,,,,,,B,B,0,0,,,,0,,0,0,,1200,0,,0,,,,0,,,0,0,0,,0,0,,,,,,,,,,,,,,FALSE,
100,82083951,900001,NLN,CA_UNICENTER,1900-01-01 18:20:01,2020-07-28 5:00:00,5827620253,,20,4269,1,3802091D22,,,YGBCB012B500010001,600,CS,CS,1,1,4800,5700,LB,376.8,FT3,B,,0,0,,,2020-07-27 5:00:00,600,HMN SALSBRY STK 8/16Z,,,0,,,4503187226,10,,0,J,1,1,A,,,,,,641,0,,,,ZCAG,X,X,,,,A,ZW,,,,,10,0,0,,0,0,0,,0,0,0,0,0,0,0,,1900-01-01 6:00:00,10658276202535,,,,,,,,,,,1,V,,,,0,M4273,0,,0,,0,,,,0,,,,,,,50,,0,0,0,0,10,0,0,0,,,,,0,,,0,0,,ZCHP,,,,,,,,,,1900-01-01 6:00:00,,,,,0,0,,0,600,600,0,,0,,0,,0,0,,L,73225,,,0,1900-01-01 21:00:00,,0,,,,,,0,0,,,,,0,0,,0,,,,,,,051MhZQ67jgqdj8uXVzQjW,0,0,,,0,,,,,,,,,,,,0,B,,,,,,,,,,,2020-06-09 5:00:00,2021-09-02 5:00:00,0,,0,0,,,0,0,0,0,,,0,,,,,,B,B,0,0,,,,0,,0,0,,600,0,,0,,,,0,,,0,0,0,,0,0,,,,,,,,,,,,,,FALSE,
100,82083965,900001,NLN,CA_UNICENTER,1900-01-01 20:50:06,2020-08-04 5:00:00,1450001416,,20,4239,1,3927072AA2,,,YXBJ1BY1OW00020001,3150,CS,CS,1,1,29925,32508,LB,1864.8,FT3,B,,0,0,,,2020-07-28 5:00:00,3150,BE SF MXD VEG 8/19Z,,,0,,,4503186802,10,,0,J,1,1,A,,,,,,641,0,,,,ZCAG,X,X,,,,A,ZW,,,,,10,0,0,,0,0,0,,0,0,0,0,0,0,0,,1900-01-01 6:00:00,10014500014167,,,,,,,,,,,1,V,,,,0,M4226,0,,0,,0,,,,0,,,,,,,50,,0,0,0,0,10,0,0,0,,,,,0,,,0,0,,ZCHP,,,,,,,,,,1900-01-01 6:00:00,,,,,0,0,,0,3150,3150,0,,0,,0,,0,0,,L,73225,,,0,1900-01-01 23:31:25,,0,,,,,,0,0,,,,,0,0,,0,,,,,,,051MhZJQ7kgrqNP25NVj00,0,0,,,0,,,,,,,,,,,,0,B,,,,,,,,,,,2020-07-27 5:00:00,2022-07-27 5:00:00,0,,0,0,,,0,0,0,0,,,0,,,,,,B,B,0,0,,,,0,,0,0,,3150,0,,0,,,,0,,,0,0,0,,0,0,,,,,,,,,,,,,,FALSE,
100,82084077,900002,NLN,ZSS3025,1900-01-01 15:15:01,2020-08-04 5:00:00,1490055013,,10,5231,1,5231019810,,,AVAHA410T900020001,10,PAL,CS,1,121,135,162.9,LB,3.62,FT3,B,,0,0,,,2020-07-31 5:00:00,0.083,LIB CRND BF 6/3/12Z,,,0,,,4503189080,10,,0,J,1,1,A,,,,,,641,0,,,,ZCAG,X,X,,,,A,ZW,,,,,10,0,0,,0,0,0,,0,0,0,0,0,0,0,,1900-01-01 6:00:00,20014900550132,,,,,,,,,,,1,V,,,,0,M0061,0,,0,,0,,,,0,,,,,,,50,,0,0,0,0,10,0,0,0,,,,,0,,,0,0,,ZCHP,,,,,,,,,,1900-01-01 6:00:00,,,,,0,0,,0,10,0.0826446281,0,,0,,0,,0,0,,L,73227,,,0,1900-01-01 22:00:00,,0,,,,,,0,0,,,,,0,0,,0,,,,,,,051MhZQ67jgrovnMM6VlUG,0,0,,,0,,,,,,,,,,,,0,A,,,,,,,,,,,2020-07-17 5:00:00,2025-06-21 5:00:00,0,,0,0,,,0,0,0,0,,,0,,,,,,B,B,0,0,,,,0,,0,0,,10,0,,0,,,,0,,,0,0,0,,0,0,,,,,,,,,,,,,,FALSE,
100,82084210,10,NLN,ZJR0346,1900-01-01 15:26:46,2020-07-24 5:00:00,3100010976,,20,5009,1,,,,07BCB01R1700240001,0,CS,CS,1,1,0,0,LB,0,FT3,B,,0,0,,,2020-07-27 5:00:00,0,BQ CLSC MEAL CKN FRD CKN 12/10.1Z,,,0,,,4503182931,10,,0,J,1,1,C,117,X,916,82084210,,641,601,X,,,ZCAG,X,X,,,,A,ZW,,,,,10,0,0,,0,0,0,,0,0,0,0,0,0,0,,2020-07-26 5:00:00,20031000109763,,,,,,,,,,,1,V,,,,0,M0140,0,,0,,0,,,,0,,,,,,,50,,4320,41070.24,32711.04,2017.44,0,0,0,0,,LB,FT3,,0,,,0,0,,ZCHP,,,,,,,,,,1900-01-01 6:00:00,,,,,0,0,,0,0,0,4320,,0,,0,,0,0,,L,73225,,,0,1900-01-01 21:00:00,,0,,,,,,0,0,,,,,0,0,,0,,,,,,,051MhZJJ7kgpjpQbJ24Zgm,0,0,,,0,,,,,,,,,,,,0,A,,,,,,,B,,,,2020-07-25 5:00:00,2022-01-16 6:00:00,0,,0,0,,,0,0,0,0,,,0,,,,,,B,B,0,0,,,,0,,0,0,,4320,0,,0,,,,0,,,0,0,0,,0,0,,,,,,,,,,,,,,FALSE,
100,82084274,900001,NLN,PJG8318,1900-01-01 23:40:29,2020-07-26 5:00:00,1004590,,SF001,2105,3,2105926710,,,,6120,EA,EA,1,1,0,6120,LB,208080,IN3,B,,0,0,,,2020-07-28 5:00:00,6120,"TOM,CHC DCD,ITAL HERB,NO NA,14.5Z,UNLBCN",,,0,,,3352915,10,,0,J,1,1,C,109,X,916,82084274,,641,601,X,,,ZHLB,X,X,,,,A,2,,,,,10,0,0,,0,0,0,,0,0,0,0,0,0,0,,2020-07-26 5:00:00,,,,,,,,,,,,1,V,,,,0,P2105,0,,0,,0,,,,0,,,,,,,50,,0,0,0,0,10,0,0,0,,,,,0,,,0,0,,ZWHT,,,,,,,,,,1900-01-01 6:00:00,,,,,0,0,,0,6120,6120,0,,0,,0,,0,0,,L,73227,,,0,1900-01-01 6:00:00,,0,,,,,,0,0,,,,,0,0,,0,,,,,,,051MhZQ67kgpyY0owRO4NW,0,0,,,0,,,,,,,,,,,,0,A,,,,,,,B,,,,2019-09-24 5:00:00,1900-01-01 6:00:00,0,,0,0,,,0,0,0,0,,,0,,,,,,B,B,0,0,,,,0,,0,0,,3060,0,,0,,,,0,,,0,0,0,,0,0,,,,,,,,,,,,,,FALSE,
100,82084307,30,ZNLN,CA_UNICENTER,1900-01-01 11:20:46,2020-07-27 5:00:00,6251042590,,7,4266,5,,,,ZZ22674E3800010001,21,EA,EA,1,1,1470,1470,LB,63,FT3,B,,0,0,,,2020-07-29 5:00:00,21,CHEP Pallets,,,0,,,4503186182,30,,0,,1,1,A,,,,,,641,0,,,,VERP,,,,,,A,ZW,,,,,10,0,0,,0,0,0,,0,0,0,0,0,0,0,,1900-01-01 6:00:00,62510425902,,,,,,,,,,,1,V,,,,0,,0,,0,,0,,,,0,,,,,,,50,,0,0,0,0,0,0,0,0,,,,,0,,,0,0,,ZCHP,,,,,,,,,,1900-01-01 6:00:00,,,,,0,0,,0,21,21,0,,0,,0,,0,0,,L,,X,,0,1900-01-01 20:00:00,,0,,,,,,0,0,,,,,0,0,,0,,,,,,,051MhZJJ7kgp}bgoED2WbW,0,0,,,0,,,,,,,,,,,,0,A,,,,,,,,,,,1900-01-01 6:00:00,1900-01-01 6:00:00,0,,0,0,,,0,0,0,0,,,0,,,,,,B,B,0,0,,,,0,,0,0,,21,0,,0,,,,0,,,0,0,0,,0,0,,,,,,,,,,,,,,FALSE,
100,82084313,900002,NLN,CA_UNICENTER,1900-01-01 21:50:03,2020-07-31 5:00:00,4420930756,,10,4266,1,6.52E+27,,,Y7ACA462CK00010001,264,CS,CS,1,1,3019.632,3406.392,LB,138.336,FT3,B,,0,0,,,2020-07-29 5:00:00,264,DH CLSC DK CHC FDG 12/15.25Z,,,0,,,4503188684,10,,0,J,1,1,A,,,,,,641,0,,,,ZCAG,X,X,,,,A,ZW,,,,,10,0,0,,0,0,0,,0,0,0,0,0,0,0,,1900-01-01 6:00:00,10644209307569,,,,,,,,,,,1,V,,,,0,M4165,0,,0,,0,,,,0,,,,,,,50,,0,0,0,0,10,0,0,0,,,,,0,,,0,0,,ZCHP,,,,,,,,,,1900-01-01 6:00:00,,,,,0,0,,0,264,264,0,,0,,0,,0,0,,L,73225,,,0,1900-01-01 23:00:00,,0,,,,,,0,0,,,,,0,0,,0,,,,,,,051MhZQ67jgqxUq4M{Wnnm,0,0,,,0,,,,,,,,,,,,0,B,,,,,,,,,,,2020-07-17 5:00:00,2021-07-17 5:00:00,0,,0,0,,,0,0,0,0,,,0,,,,,,B,B,0,0,,,,0,,0,0,,264,0,,0,,,,0,,,0,0,0,,0,0,,,,,,,,,,,,,,FALSE,
100,82084319,900003,NLN,CA_UNICENTER,1900-01-02 4:50:01,2020-07-29 5:00:00,4420931131,,10,4266,1,6519121C31,,,Y7AC1BR29H00010001,23,CS,CS,1,1,315.675,353.579,LB,13.179,FT3,B,,0,0,,,2020-07-29 5:00:00,23,DH CHWY FDG FS BROWNIE 12/18.3Z,,,0,,,4503189039,10,,0,J,1,1,A,,,,,,641,0,,,,ZCAG,X,X,,,,A,ZW,,,,,10,0,0,,0,0,0,,0,0,0,0,0,0,0,,1900-01-01 6:00:00,10644209311313,,,,,,,,,,,1,V,,,,0,M4239,0,,0,,0,,,,0,,,,,,,50,,0,0,0,0,10,0,0,0,,,,,0,,,0,0,,ZCHP,,,,,,,,,,1900-01-01 6:00:00,,,,,0,0,,0,23,23,0,,0,,0,,0,0,,L,73225,,,0,1900-01-01 21:00:00,,0,,,,,,0,0,,,,,0,0,,0,,,,,,,051MhZJQ7kgqmlVQSQ7U40,0,0,,,0,,,,,,,,,,,,0,B,,,,,,,,,,,2020-06-27 5:00:00,2021-12-19 6:00:00,0,,0,0,,,0,0,0,0,,,0,,,,,,B,B,0,0,,,,0,,0,0,,23,0,,0,,,,0,,,0,0,0,,0,0,,,,,,,,,,,,,,FALSE,
100,82084324,120,NLN,CA_UNICENTER,1900-01-01 11:20:49,2020-07-27 5:00:00,4420942537,,10,4282,1,RM02061E31,,,YFACA462A400010001,7,CS,CS,1,1,29.4,41.3,LB,3.885,FT3,B,,0,0,,,2020-07-29 5:00:00,7,DH PSF1 GLDN FDG 8/8.4Z,,,0,,,4503188369,120,,0,J,1,1,A,,,,,,641,0,,,,ZCAG,X,X,,,,A,ZW,,,,,10,0,0,,0,0,0,,0,0,0,0,0,0,0,,2020-07-29 5:00:00,10644209425379,,,,,,,,,,,1,V,,,,0,M4242,0,,0,,0,,,,0,,,,,,,50,,0,0,0,0,0,0,0,0,,,,,0,,,0,0,,ZCHP,,,,,,,,,,1900-01-01 6:00:00,,,,,0,0,,0,7,7,0,,0,,0,,0,0,,L,73225,,,0,1900-01-01 21:00:00,,0,,,,,,0,0,,,,,0,0,,0,,,,,,,051MhZJJ7kgp}bhmIeM0bW,0,0,,,0,,,,,,,,,,,,0,B,,,,,,,,,,,2020-06-02 5:00:00,2021-06-02 5:00:00,0,,0,0,,,0,0,0,0,,,0,,,,,,B,B,0,0,,,,0,,0,0,,7,0,,0,,,,0,,,0,0,0,,0,0,,,,,,,,,,,,,,FALSE,
100,82084516,900007,NLN,ZSC0459,1900-01-01 19:02:41,2020-07-29 5:00:00,1450000190,,20,4287,1,EM28013Y11,,,XXBJ1CE2P500010001,243,CS,CS,1,1,3645,4009.5,LB,105.948,FT3,B,,0,0,,,2020-07-29 5:00:00,243,BE SPNCH CHP 24/10Z,,,0,,,4503187489,10,,0,J,1,1,A,,,,,,641,0,,,,ZCAG,X,X,,,,A,ZW,,,,,10,0,0,,0,0,0,,0,0,0,0,0,0,0,,1900-01-01 6:00:00,10014500001907,,,,,,,,,,,1,V,,,,0,M4218,0,,0,,0,,,,0,,,,,,,50,,0,0,0,0,10,0,0,0,,,,,0,,,0,0,,ZCHP,,,,,,,,,,1900-01-01 6:00:00,,,,,0,0,,0,243,243,0,,0,,0,,0,0,,L,73225,,,0,1900-01-01 20:00:00,,0,,,,,,0,0,,,,,0,0,,0,,,,,,,051MhZJ{7kgqkBOkDI{NQ0,0,0,,,0,,,,,,,,,,,,0,A,,,,,,,,,,,2020-01-29 6:00:00,2023-01-28 6:00:00,0,,0,0,,,0,0,0,0,,,0,,,,,,B,B,0,0,,,,0,,0,0,,243,0,,0,,,,0,,,0,0,0,,0,0,,,,,,,,,,,,,,FALSE,
100,82084558,20,ZNLN,ZNA3001,1900-01-01 19:18:56,2020-07-29 5:00:00,6251042590,,7,4238,5,,,,ZZ22674E3800010001,30,EA,EA,1,1,2100,2100,LB,90,FT3,B,,0,0,,,2020-08-06 5:00:00,30,CHEP Pallets,,,0,,,4503191417,20,,0,,1,1,A,,,,,,641,0,,,,VERP,,,,,,A,ZW,,,,,10,0,0,,0,0,0,,0,0,0,0,0,0,0,,2020-07-29 5:00:00,62510425902,,,,,,,,,,,1,V,,,,0,,0,,0,,0,,,,0,,,,,,,50,,0,0,0,0,0,0,0,0,,,,,0,,,0,0,,ZCHP,,,,,,,,,,1900-01-01 6:00:00,,,,,0,0,,0,30,30,0,,0,,0,,0,0,,L,,X,,0,1900-01-02 4:59:59,,0,,,,,,0,0,,,,,0,0,,0,,,,,,,051MhZJJ7kgqkFxUwn{sJ0,0,0,,,0,,,,,,,,,,,,0,A,,,,,,,,,,,1900-01-01 6:00:00,1900-01-01 6:00:00,0,,0,0,,,0,0,0,0,,,0,,,,,,B,B,0,0,,,,0,,0,0,,30,0,,0,,,,0,,,0,0,0,,0,0,,,,,,,,,,,,,,FALSE,
100,82084567,10,NLN,CA_UNICENTER,1900-01-01 23:19:02,2020-07-29 5:00:00,1019802,,SF001,5643,3,9999999999,,,ZZZZZZZNFG0001ZZZZ,5000,LB,LB,1,1,0,0,KG,0,,B,,0,0,,,2020-07-31 5:00:00,5000,"BEEFLESS,PLNK,SOY,JRKY,FRZN,VEGAN",,,0,,,3356949,10,,0,J,1,1,A,,,,,,641,0,,,,ZHLB,X,X,,,,B,1,,,,,10,0,0,,0,0,0,,0,0,0,0,0,0,0,,2020-08-04 5:00:00,,,,,,,,,,,,1,V,,,,0,A0042,0,,0,,0,,,,0,,,,,,,50,,0,0,0,0,0,0,0,0,,,,,0,,,0,0,,ZWHT,,,,,,,,,,1900-01-01 6:00:00,,,,,0,0,,0,5000,5000,0,,0,,0,,0,0,,L,73225,,,0,1900-01-01 6:00:00,,0,,,,,,0,0,,,,,0,0,,0,,,,,,,051MhZJJ7jgqlJ0wZbV6qG,0,0,,,0,,,,,,,,,,,,0,A,,,,,,,,,,,2020-05-01 5:00:00,2020-08-24 5:00:00,0,,0,0,,,0,0,0,0,,,0,,,,,,B,B,0,0,,,,0,,0,0,,5000,0,,0,,,,0,,,0,0,0,,0,0,,,,,,,,,,,,,,FALSE,
100,82084618,20,ZNLN,CA_UNICENTER,1900-01-01 11:19:04,2020-07-24 5:00:00,6251042590,,7,2102,5,,,,ZZ22674E3800010001,17,EA,EA,1,1,1190,1190,LB,51,FT3,B,,0,0,,,2020-07-28 5:00:00,17,CHEP Pallets,,,0,,,4503186266,20,,0,,1,1,A,,,,,,641,0,,,,VERP,,,,,,A,ZW,,,,,10,0,0,,0,0,0,,0,0,0,0,0,0,0,,2020-07-29 5:00:00,62510425902,,,,,,,,,,,1,V,,,,0,,0,,0,,0,,,,0,,,,,,,50,,0,0,0,0,0,0,0,0,,,,,0,,,0,0,,ZCHP,,,,,,,,,,1900-01-01 6:00:00,,,,,0,0,,0,17,17,0,,0,,0,,0,0,,L,,X,,0,1900-01-01 21:00:00,,0,,,,,,0,0,,,,,0,0,,0,,,,,,,051MhZQ67kgpikEGgnWBpG,0,0,,,0,,,,,,,,,,,,0,A,,,,,,,,,,,1900-01-01 6:00:00,1900-01-01 6:00:00,0,,0,0,,,0,0,0,0,,,0,,,,,,B,B,0,0,,,,0,,0,0,,17,0,,0,,,,0,,,0,0,0,,0,0,,,,,,,,,,,,,,FALSE,
100,82084628,50,ZNLN,CA_UNICENTER,1900-01-01 11:20:43,2020-07-24 5:00:00,6251042590,,7,4253,5,,,,ZZ22674E3800010001,31,EA,EA,1,1,2170,2170,LB,93,FT3,B,,0,0,,,2020-07-28 5:00:00,31,CHEP Pallets,,,0,,,4503188320,50,,0,,1,1,A,,,,,,641,0,,,,VERP,,,,,,A,ZW,,,,,10,0,0,,0,0,0,,0,0,0,0,0,0,0,,2020-07-28 5:00:00,62510425902,,,,,,,,,,,1,V,,,,0,,0,,0,,0,,,,0,,,,,,,50,,0,0,0,0,0,0,0,0,,,,,0,,,0,0,,ZCHP,,,,,,,,,,1900-01-01 6:00:00,,,,,0,0,,0,31,31,0,,0,,0,,0,0,,L,,X,,0,1900-01-01 21:00:00,,0,,,,,,0,0,,,,,0,0,,0,,,,,,,051MhZQ67kgpikgbP{8BqW,0,0,,,0,,,,,,,,,,,,0,A,,,,,,,,,,,1900-01-01 6:00:00,1900-01-01 6:00:00,0,,0,0,,,0,0,0,0,,,0,,,,,,B,B,0,0,,,,0,,0,0,,30,0,,0,,,,0,,,0,0,0,,0,0,,,,,,,,,,,,,,FALSE,
100,82084628,900002,NLN,PLP3020,1900-01-01 14:22:10,2020-07-28 5:00:00,1960092301,,20,4253,1,4253019820,,,YCDQB842E100010001,671,CS,CS,1,1,9657.703,11422.433,LB,847.473,FT3,B,,0,0,,,2020-07-28 5:00:00,671,VDK 10CT BTTRD FILET 12/19.1Z MSC,,,0,,,4503188320,20,,0,J,1,1,C,146,X,916,82084628,,641,601,X,,,ZCAG,X,X,,,,A,ZW,,,,,10,0,0,,0,0,0,,0,0,0,0,0,0,0,,2020-07-28 5:00:00,10019600923012,,,,,,,,,,,1,V,,,,0,M4167,0,,0,,0,,,,0,,,,,,,50,,0,0,0,0,20,0,0,0,,,,,0,,,0,0,,ZCHP,,,,,,,,,,1900-01-01 6:00:00,,,,,0,0,,0,671,671,0,,0,,0,,0,0,,L,73225,,,0,1900-01-01 21:00:00,,0,,,,,,0,0,,,,,0,0,,0,,,,,,,051MhZJM7kgqcghQcj{kem,0,0,,,0,,,,,,,,,,,,0,A,,,,,,,B,,,,2020-07-16 5:00:00,2022-01-07 6:00:00,0,,0,0,,,0,0,0,0,,,0,,,,,,B,B,0,0,,,,0,,0,0,,72,0,,0,,,,0,,,0,0,0,,0,0,,,,,,,,,,,,,,FALSE,
100,82084637,900002,NLN,CA_UNICENTER,1900-01-01 18:50:05,2020-07-28 5:00:00,4420931131,,10,4266,1,6522121C31,,,Y7AC1BR29H00010001,2635,CS,CS,1,1,36165.375,40507.855,LB,1509.855,FT3,B,,0,0,,,2020-07-28 5:00:00,2635,DH CHWY FDG FS BROWNIE 12/18.3Z,,,0,,,4503185771,10,,0,J,1,1,A,,,,,,641,0,,,,ZCAG,X,X,,,,A,ZW,,,,,10,0,0,,0,0,0,,0,0,0,0,0,0,0,,1900-01-01 6:00:00,10644209311313,,,,,,,,,,,1,V,,,,0,M4239,0,,0,,0,,,,0,,,,,,,50,,0,0,0,0,10,0,0,0,,,,,0,,,0,0,,ZCHP,,,,,,,,,,1900-01-01 6:00:00,,,,,0,0,,0,2635,2635,0,,0,,0,,0,0,,L,73225,,,0,1900-01-01 21:00:00,,0,,,,,,0,0,,,,,0,0,,0,,,,,,,051MhZQ67jgqdrY9y9PSim,0,0,,,0,,,,,,,,,,,,0,B,,,,,,,,,,,2020-06-30 5:00:00,2021-12-22 6:00:00,0,,0,0,,,0,0,0,0,,,0,,,,,,B,B,0,0,,,,0,,0,0,,2635,0,,0,,,,0,,,0,0,0,,0,0,,,,,,,,,,,,,,FALSE,
100,82084644,30,ZNLN,CA_UNICENTER,1900-01-01 11:20:44,2020-07-24 5:00:00,6251042590,,7,4266,5,,,,ZZ22674E3800010001,21,EA,EA,1,1,1470,1470,LB,63,FT3,B,,0,0,,,2020-07-28 5:00:00,21,CHEP Pallets,,,0,,,4503188470,40,,0,,1,1,A,,,,,,641,0,,,,VERP,,,,,,A,ZW,,,,,10,0,0,,0,0,0,,0,0,0,0,0,0,0,,1900-01-01 6:00:00,62510425902,,,,,,,,,,,1,V,,,,0,,0,,0,,0,,,,0,,,,,,,50,,0,0,0,0,0,0,0,0,,,,,0,,,0,0,,ZCHP,,,,,,,,,,1900-01-01 6:00:00,,,,,0,0,,0,21,21,0,,0,,0,,0,0,,L,,X,,0,1900-01-01 23:00:00,,0,,,,,,0,0,,,,,0,0,,0,,,,,,,051MhZQ67kgpikgtHqOhqW,0,0,,,0,,,,,,,,,,,,0,A,,,,,,,,,,,1900-01-01 6:00:00,1900-01-01 6:00:00,0,,0,0,,,0,0,0,0,,,0,,,,,,B,B,0,0,,,,0,,0,0,,21,0,,0,,,,0,,,0,0,0,,0,0,,,,,,,,,,,,,,FALSE,
100,82084648,10,NLN,CA_UNICENTER,1900-01-01 11:20:44,2020-07-24 5:00:00,4420941065,,10,4266,1,,,,Y7ACA4629A00010001,0,CS,CS,1,1,0,0,LB,0,FT3,B,,0,0,,,2020-07-28 5:00:00,0,DH SIG SPC 12/15.25Z,,,0,,,4503188682,10,,0,J,1,1,A,,,,,,641,0,,,,ZCAG,X,X,,,,A,ZW,,,,,10,0,0,,0,0,0,,0,0,0,0,0,0,0,,2020-07-31 5:00:00,10644209410658,,,,,,,,,,,1,V,,,,0,M4165,0,,0,,0,,,,0,,,,,,,50,,2768,35715.504,31660.384,1450.432,0,0,0,0,,LB,FT3,,0,,,0,0,,ZCHP,,,,,,,,,,1900-01-01 6:00:00,,,,,0,0,,0,0,0,2768,,0,,0,,0,0,,L,73225,,,0,1900-01-01 23:00:00,,0,,,,,,0,0,,,,,0,0,,0,,,,,,,051MhZQ67kgpikgtHqUBqW,0,0,,,0,,,,,,,,,,,,0,B,,,,,,,,,,,1900-01-01 6:00:00,1900-01-01 6:00:00,0,,0,0,,,0,0,0,0,,,0,,,,,,B,B,0,0,,,,0,,0,0,,2772,0,,0,,,,0,,,0,0,0,,0,0,,,,,,,,,,,,,,FALSE,
100,82084673,20,NLN,CA_UNICENTER,1900-01-01 11:20:43,2020-07-24 5:00:00,4420979135,,10,4254,1,,,,ZOHPB351RJ00040001,0,CS,CS,1,1,0,0,LB,0,FT3,B,,0,0,,,2020-07-28 5:00:00,0,MBW ORIG SYRP 9/24FOZ,,,0,,,4503187543,20,,0,J,1,1,C,150,X,916,82084673,,641,601,X,,,ZCAG,X,X,,,,A,ZW,,,,,10,0,0,,0,0,0,,0,0,0,0,0,0,0,,2020-07-28 5:00:00,10644209791351,,,,,,,,,,,1,V,,,,0,M4277,0,,0,,0,,,,0,,,,,,,50,,1520,32832,20520,1006.24,0,0,0,0,,LB,FT3,,0,,,0,0,,ZCHP,,,,,,,,,,1900-01-01 6:00:00,,,,,0,0,,0,0,0,1520,,0,,0,,0,0,,L,73225,,,0,1900-01-01 21:00:00,,0,,,,,,0,0,,,,,0,0,,0,,,,,,,051MhZQ67kgpikhTtieBqW,0,0,,,0,,,,,,,,,,,,0,A,,,,,,,B,,,,2020-07-23 5:00:00,2022-01-14 6:00:00,0,,0,0,,,0,0,0,0,,,0,,,,,,B,B,0,0,,,,0,,0,0,,1520,0,,0,,,,0,,,0,0,0,,0,0,,,,,,,,,,,,,,FALSE,
100,82084715,10,NLN,CA_UNICENTER,1900-01-01 11:21:02,2020-07-24 5:00:00,2113150662,,20,5014,1,,,,16BCB01Y8700160001,0,CS,CS,1,1,0,0,LB,0,FT3,B,,0,0,,,2020-07-28 5:00:00,0,MC CHDR CHSY CKN RCE 8/12Z,,,0,,,4503185389,10,,0,J,1,1,C,103,X,916,82084715,,641,601,X,,,ZCAG,X,X,,,,A,ZW,,,,,10,0,0,,0,0,0,,0,0,0,0,0,0,0,,2020-07-28 5:00:00,20021131506623,,,,,,,,,,,1,V,,,,0,M0096,0,,0,,0,,,,0,,,,,,,50,,360,2742.48,2160,177.84,0,0,0,0,,LB,FT3,,0,,,0,0,,ZCHP,,,,,,,,,,1900-01-01 6:00:00,,,,,0,0,,0,0,0,360,,0,,0,,0,0,,L,73225,,,0,1900-01-01 21:00:00,,0,,,,,,0,0,,,,,0,0,,0,,,,,,,051MhZQ67kgpikmXOE5hqW,0,0,,,0,,,,,,,,,,,,0,A,,,,,,,B,,,,2020-07-17 5:00:00,2021-07-12 5:00:00,0,,0,0,,,0,0,0,0,,,0,,,,,,B,B,0,0,,,,0,,0,0,,360,0,,0,,,,0,,,0,0,0,,0,0,,,,,,,,,,,,,,FALSE,
100,82084778,900004,NLN,ZDD0217,1900-01-01 22:19:58,2020-07-28 5:00:00,7495600100,,30,549,1,549020520,,,49AYB4516X00010001,525,CS,CS,1,1,10500,10815.525,LB,285.075,FT3,B,,0,0,,,2020-07-29 5:00:00,525,HN BN LNGTH BF FRNKS FMLY PK 10/32Z,,,0,,,4503187958,30,,0,J,1,1,C,104,X,916,82084778,,641,601,X,,,ZCAG,X,X,,,,A,ZW,,,,,10,0,0,,0,0,0,,0,0,0,0,0,0,0,,2020-07-28 5:00:00,20074956001002,,,,,,,,,,,1,V,,,,0,M0167,0,,0,,0,,,,0,,,,,,,50,,0,0,0,0,30,0,0,0,,,,,0,,,0,0,,ZCHP,,,,,,,,,,1900-01-01 6:00:00,,,,,0,0,,0,525,525,0,,0,,0,,0,0,,L,73227,,,0,1900-01-02 0:00:00,,0,,,,,,0,0,,,,,0,0,,0,,,,,,,051MhZQ67kgqemB8{ZUhOm,0,0,,,0,,,,,,,,,,,,0,A,,,,,,,B,,,,2020-07-23 5:00:00,2020-10-31 5:00:00,0,,0,0,,,0,0,0,0,,,0,,,,,,B,B,0,0,,,,0,,0,0,,75,0,,0,,,,0,,,0,0,0,,0,0,,,,,,,,,,,,,,FALSE,
100,82084836,50,NLN,ZRS0610,1900-01-01 23:13:12,2020-08-09 5:00:00,2620014475,,50,5053,1,,,,ACASA64T0500230001,0,CS,CS,1,1,0,0,LB,0,FT3,B,,0,0,,,2020-08-10 5:00:00,0,SJ GABLE ORG 5/26/7.28Z,,,0,,,4503185163,50,,0,J,1,1,C,119,X,916,82084836,,641,601,X,,,ZCAG,X,X,,,,A,ZW,,,,,10,0,0,,0,0,0,,0,0,0,0,0,0,0,,2020-08-09 5:00:00,20026200144751,,,,,,,,,,,1,V,,,,0,M0131,0,,0,,0,,,,0,,,,,,,50,,6188,18062.772,14077.7,1175.72,0,0,0,0,,LB,FT3,,0,,,0,0,,ZCHP,,,,,,,,,,1900-01-01 6:00:00,,,,,0,0,,0,0,0,6188,,0,,0,,0,0,,L,74880-07,,,0,1900-01-01 6:00:00,,0,,,,,,0,0,,,,,0,0,,0,,,,,,,051MhZQ67kgsqR1qw54fWW,0,0,,,0,,,,,,,,,,,,0,A,,,,,,,B,,,,2020-08-09 5:00:00,2021-04-06 5:00:00,0,,0,0,,,0,0,0,0,,,0,,,,,,B,B,0,0,,,,0,,0,0,,6188,0,,0,,,,0,,,0,0,0,,0,0,,,,,,,,,,,,,,FALSE,
100,82084917,10,NLN,ZMD0095,1900-01-01 12:53:04,2020-07-28 5:00:00,2700042204,,61,2105,1,,,,02MGJ332AC14060001,0,CS,CS,1,1,0,0,LB,0,FT3,B,,0,0,,,2020-08-02 5:00:00,0,AM SPAG SCE NSA #10 6/104Z,,,0,,,4503164820,10,,0,J,1,1,C,109,X,916,82084917,,641,601,X,,,ZCAG,X,X,,,,A,ZW,,,,,10,0,0,,0,0,0,,0,0,0,0,0,0,0,,2020-08-01 5:00:00,20027000422049,,,,,,,,,,,1,V,,,,0,M1904,0,,0,,0,,,,0,,,,,,,50,,931,40487.328,36309,924.483,0,0,0,0,,LB,FT3,,0,,,0,0,,ZCHP,,,,,,,,,,1900-01-01 6:00:00,,,,,0,0,,0,0,0,931,,0,,0,,0,0,,L,73234,,,0,1900-01-01 18:00:00,,0,,,,,,0,0,,,,,0,0,,0,,,,,,,051MhZQ67jgqcHoeX1u3FW,0,0,,,0,,,,,,,,,,,,0,A,,,,,,,B,,,,1900-01-01 6:00:00,1900-01-01 6:00:00,0,,0,0,,,0,0,0,0,,,0,,,,,,B,B,0,0,,,,0,,0,0,,931,0,,0,,,,0,,,0,0,0,,0,0,,,,,,,,,,,,,,FALSE,
100,82085015,900003,NLN,ZLW0205,1900-01-01 14:14:31,2020-07-30 5:00:00,2700008270,,50,2164,1,2164021120,,,BCCLB16O9300030001,886,CS,CS,1,1,8747.478,10668.326,LB,573.242,FT3,B,,0,0,,,2020-07-31 5:00:00,886,ORV NTRL SMPLYSLTD 4/12/39.49Z,,,0,,,4503188589,30,,0,J,1,1,C,116,X,916,82085015,,641,601,X,,,ZCAG,X,X,,,,A,ZW,,,,,10,0,0,,0,0,0,,0,0,0,0,0,0,0,,2020-07-30 5:00:00,20027000082700,,,,,,,,,,,1,V,,,,0,M0312,0,,0,,0,,,,0,,,,,,,50,,0,0,0,0,30,0,0,0,,,,,0,,,0,0,,ZCHP,,,,,,,,,,1900-01-01 6:00:00,,,,,0,0,,0,886,886,0,,0,,0,,0,0,,L,74300,,,0,1900-01-01 6:00:00,,0,,,,,,0,0,,,,,0,0,,0,,,,,,,051MhZJJ7jgqpDDNlLM3xm,0,0,,,0,,,,,,,,,,,,0,A,,,,,,,B,,,,2020-07-29 5:00:00,2021-07-24 5:00:00,0,,0,0,,,0,0,0,0,,,0,,,,,,B,B,0,0,,,,0,,0,0,,70,0,,0,,,,0,,,0,0,0,,0,0,,,,,,,,,,,,,,FALSE,
100,82085063,30,ZNLN,ZLH0136,1900-01-01 6:15:53,2020-07-29 5:00:00,6251042590,,7,2164,5,,,,ZZ22674E3800010001,48,EA,EA,1,1,3360,3360,LB,144,FT3,B,,0,0,,,2020-08-04 5:00:00,48,CHEP Pallets,,,0,,,4503190979,30,,0,,1,1,A,,,,,,641,0,,,,VERP,,,,,,A,ZW,,,,,10,0,0,,0,0,0,,0,0,0,0,0,0,0,,2020-08-03 5:00:00,62510425902,,,,,,,,,,,1,V,,,,0,,0,,0,,0,,,,0,,,,,,,50,,0,0,0,0,0,0,0,0,,,,,0,,,0,0,,ZCHP,,,,,,,,,,1900-01-01 6:00:00,,,,,0,0,,0,48,48,0,,0,,0,,0,0,,L,,X,,0,1900-01-01 21:00:00,,0,,,,,,0,0,,,,,0,0,,0,,,,,,,051MhZQ67jgqgr9mxPrDQ0,0,0,,,0,,,,,,,,,,,,0,A,,,,,,,,,,,1900-01-01 6:00:00,1900-01-01 6:00:00,0,,0,0,,,0,0,0,0,,,0,,,,,,B,B,0,0,,,,0,,0,0,,48,0,,0,,,,0,,,0,0,0,,0,0,,,,,,,,,,,,,,FALSE,
100,82085136,900003,NLN,PRW0022,1900-01-01 13:29:56,2020-07-29 5:00:00,1787370513,,20,5014,1,5014020920,,,X8BCB01S2100010001,2016,CS,CS,1,1,9072,11773.44,LB,661.248,FT3,B,,0,0,,,2020-07-29 5:00:00,2016,BLK AN SHPRD PIE 9/8Z,,,0,,,4503185461,10,,0,J,1,1,C,103,X,916,82085136,,641,601,X,,,ZCAG,X,X,,,,A,ZW,,,,,10,0,0,,0,0,0,,0,0,0,0,0,0,0,,2020-07-29 5:00:00,10017873705137,,,,,,,,,,,1,V,,,,0,M3858,0,,0,,0,,,,0,,,,,,,50,,0,0,0,0,10,0,0,0,,,,,0,,,0,0,,ZCHP,,,,,,,,,,1900-01-01 6:00:00,,,,,0,0,,0,2016,2016,0,,0,,0,,0,0,,L,73225,,,0,1900-01-01 21:00:00,,0,,,,,,0,0,,,,,0,0,,0,,,,,,,051MhZJL7jgqikQaz3nJ6W,0,0,,,0,,,,,,,,,,,,0,A,,,,,,,B,,,,2020-07-27 5:00:00,2022-01-18 6:00:00,0,,0,0,,,0,0,0,0,,,0,,,,,,B,B,0,0,,,,0,,0,0,,126,0,,0,,,,0,,,0,0,0,,0,0,,,,,,,,,,,,,,FALSE,
100,82085202,40,ZNLN,CA_UNICENTER,1900-01-02 0:18:15,2020-07-27 5:00:00,6251042590,,7,2164,5,,,,ZZ22674E3800010001,49,EA,EA,1,1,3430,3430,LB,147,FT3,B,,0,0,,,2020-07-29 5:00:00,49,CHEP Pallets,,,0,,,4503188500,50,,0,,1,1,A,,,,,,641,0,,,,VERP,,,,,,A,ZW,,,,,10,0,0,,0,0,0,,0,0,0,0,0,0,0,,2020-07-28 5:00:00,62510425902,,,,,,,,,,,1,V,,,,0,,0,,0,,0,,,,0,,,,,,,50,,0,0,0,0,0,0,0,0,,,,,0,,,0,0,,ZCHP,,,,,,,,,,1900-01-01 6:00:00,,,,,0,0,,0,49,49,0,,0,,0,,0,0,,L,,X,,0,1900-01-02 0:18:17,,0,,,,,,0,0,,,,,0,0,,0,,,,,,,051MhZJL7kgqY{u}fyqty0,0,0,,,0,,,,,,,,,,,,0,A,,,,,,,,,,,1900-01-01 6:00:00,1900-01-01 6:00:00,0,,0,0,,,0,0,0,0,,,0,,,,,,B,B,0,0,,,,0,,0,0,,48,0,,0,,,,0,,,0,0,0,,0,0,,,,,,,,,,,,,,FALSE,
100,82085220,900005,NLN,ZDH0438,1900-01-01 21:01:35,2020-07-29 5:00:00,7495618055,,30,549,1,549020420,,,49AYB450YY00020001,1050,CS,CS,1,1,7426.65,8335.95,LB,266.7,FT3,B,,0,0,,,2020-07-30 5:00:00,1050,HBN 97% FF FRNKS 12/9.43Z,,,0,,,4503188689,30,,0,J,1,1,C,104,X,916,82085220,,641,601,X,,,ZCAG,X,X,,,,A,ZW,,,,,10,0,0,,0,0,0,,0,0,0,0,0,0,0,,2020-07-29 5:00:00,20074956180554,,,,,,,,,,,1,V,,,,0,M0167,0,,0,,0,,,,0,,,,,,,50,,0,0,0,0,30,0,0,0,,,,,0,,,0,0,,ZCHP,,,,,,,,,,1900-01-01 6:00:00,,,,,0,0,,0,1050,1050,0,,0,,0,,0,0,,L,134640,,,0,1900-01-02 0:00:00,,0,,,,,,0,0,,,,,0,0,,0,,,,,,,051MhZJ{7kgqkidHbtW{1G,0,0,,,0,,,,,,,,,,,,0,A,,,,,,,B,,,,2020-07-22 5:00:00,2020-10-30 5:00:00,0,,0,0,,,0,0,0,0,,,0,,,,,,B,B,0,0,,,,0,,0,0,,210,0,,0,,,,0,,,0,0,0,,0,0,,,,,,,,,,,,,,FALSE,
100,82085373,20,NLN,CA_UNICENTER,1900-01-01 21:19:01,2020-07-28 5:00:00,4122082098,,15,4208,1,,,,ZHAHA411R343150001,0,CS,CS,1,1,0,0,LB,0,FT3,B,,0,0,,,2020-07-30 5:00:00,0,ECONO MAX POTTED MEAT 48/3Z,,,0,,,4503190761,20,,0,J,1,1,A,,,,,,641,0,,,,ZCAG,X,X,,,,A,ZW,,,,,10,0,0,,0,0,0,,0,0,0,0,0,0,0,,2020-07-30 5:00:00,10041220820983,,,,,,,,,,,1,V,,,,0,M4293,0,,0,,0,,,,0,,,,,,,50,,1663,17627.8,14967,525.508,0,0,0,0,,LB,FT3,,0,,,0,0,,ZCHP,,,,,,,,,,1900-01-01 6:00:00,,,,,0,0,,0,0,0,1663,,0,,0,,0,0,,L,73225,,,0,1900-01-01 21:19:01,,0,,,,,,0,0,,,,,0,0,,0,,,,,,,051MhZJL7jgqeV9hJAtIDW,0,0,,,0,,,,,,,,,,,,0,B,,,,,,,,,,,1900-01-01 6:00:00,1900-01-01 6:00:00,0,,0,0,,,0,0,0,0,,,0,,,,,,B,B,0,0,,,,0,,0,0,,1798,0,,0,,,,0,,,0,0,0,,0,0,,,,,,,,,,,,,,FALSE,
100,82085442,40,NLN,ZTS0176,1900-01-01 18:37:21,2020-07-29 5:00:00,1601201896,,50,3880,1,5628019923,,,UKCXB0717U00010001,240,CS,CS,1,1,652.56,791.52,LB,102.48,FT3,B,,0,0,,,2020-08-01 5:00:00,240,BG SNF SDS BACON 12/3.625Z,,,0,,,4503190868,40,,0,J,1,1,A,,,,,,641,0,,,,ZCAG,X,X,,,,A,ZW,,,,,10,0,0,,0,0,0,,0,0,0,0,0,0,0,,2020-08-03 5:00:00,20816012018964,,,,,,,,,,,1,V,,,,0,M4087,0,,0,,0,,,,0,,,,,,,50,,0,0,0,0,0,0,0,0,,,,,0,,,0,0,,ZCHP,,,,,,,,,,1900-01-01 6:00:00,,,,,0,0,,0,240,240,0,,0,,0,,0,0,,L,73710,,,0,1900-01-01 20:00:00,,0,,,,,,0,0,,,,,0,0,,0,,,,,,,051MhZJL7kgqk4Jq8Mp7lW,0,0,,,0,,,,,,,,,,,,0,B,,,,,,,,,,,2020-07-17 5:00:00,2021-09-10 5:00:00,0,,0,0,,,0,0,0,0,,,0,,,,,,B,B,0,0,,,,0,,0,0,,240,0,,0,,,,0,,,0,0,0,,0,0,,,,,,,,,,,,,,FALSE,
100,82085503,20,ZNLN,CA_UNICENTER,1900-01-01 11:19:09,2020-07-30 5:00:00,6251042590,,7,3898,1,,,,ZZ22674E3800010001,17,EA,EA,1,1,1190,1190,LB,51,FT3,B,,0,0,,,2020-08-02 5:00:00,17,CHEP Pallets,,,0,,,4503189730,20,,0,,1,1,A,,,,,,641,0,,,,VERP,,,,,,A,ZW,,,,,10,0,0,,0,0,0,,0,0,0,0,0,0,0,,2020-08-02 5:00:00,62510425902,,,,,,,,,,,1,V,,,,0,,0,,0,,0,,,,0,,,,,,,50,,0,0,0,0,0,0,0,0,,,,,0,,,0,0,,ZCHP,,,,,,,,,,1900-01-01 6:00:00,,,,,0,0,,0,17,17,0,,0,,0,,0,0,,L,,X,,0,1900-01-01 20:00:00,,0,,,,,,0,0,,,,,0,0,,0,,,,,,,051MhZJL7kgqoSEBxnYmNm,0,0,,,0,,,,,,,,,,,,0,B,,,,,,,,,,,1900-01-01 6:00:00,1900-01-01 6:00:00,0,,0,0,,,0,0,0,0,,,0,,,,,,B,B,0,0,,,,0,,0,0,,22,0,,0,,,,0,,,0,0,0,,0,0,,,,,,,,,,,,,,FALSE,
100,82085511,900004,NLN,ZMO3021,1900-01-01 23:01:42,2020-08-05 5:00:00,4300000037,,10,4254,1,4254021620,,,YMHPB352VJ00010001,375,CS,CS,1,1,9565.5,10315.875,LB,315.75,FT3,B,,0,0,,,2020-08-03 5:00:00,375,LGC REG SYRP 12/24FOZ,,,0,,,4503190512,40,,0,J,1,1,C,150,X,916,82085511,,641,601,X,,,ZCAG,X,X,,,,A,ZW,,,,,10,0,0,,0,0,0,,0,0,0,0,0,0,0,,2020-08-05 5:00:00,10043000000370,,,,,,,,,,,1,V,,,,0,M4274,0,,0,,0,,,,0,,,,,,,50,,0,0,0,0,40,0,0,0,,,,,0,,,0,0,,ZCHP,,,,,,,,,,1900-01-01 6:00:00,,,,,0,0,,0,375,375,0,,0,,0,,0,0,,L,73225,,,0,1900-01-01 20:00:00,,0,,,,,,0,0,,,,,0,0,,0,,,,,,,051MhZJL7kgrxEVDZl1snG,0,0,,,0,,,,,,,,,,,,0,A,,,,,,,B,,,,2020-08-03 5:00:00,2022-01-25 6:00:00,0,,0,0,,,0,0,0,0,,,0,,,,,,B,B,0,0,,,,0,,0,0,,75,0,,0,,,,0,,,0,0,0,,0,0,,,,,,,,,,,,,,FALSE,
100,82085522,10,NLN,CA_UNICENTER,1900-01-01 11:20:43,2020-07-30 5:00:00,4132130120,,10,4254,1,,,,Y5CTB132E600010001,0,CS,CS,1,1,0,0,LB,0,FT3,B,,0,0,,,2020-08-03 5:00:00,0,WSTRN ORIG 6/15FOZ,,,0,,,4503190666,10,,0,J,1,1,C,150,X,916,82085522,,641,601,X,,,ZCAG,X,X,,,,A,ZW,,,,,10,0,0,,0,0,0,,0,0,0,0,0,0,0,,2020-08-07 5:00:00,10041321301206,,,,,,,,,,,1,V,,,,0,M4368,0,,0,,0,,,,0,,,,,,,50,,6966,48399.768,39183.75,1525.554,0,0,0,0,,LB,FT3,,0,,,0,0,,ZCHP,,,,,,,,,,1900-01-01 6:00:00,,,,,0,0,,0,0,0,6966,,0,,0,,0,0,,L,73225,,,0,1900-01-01 21:00:00,,0,,,,,,0,0,,,,,0,0,,0,,,,,,,051MhZJL7kgqoSgiOLcmOW,0,0,,,0,,,,,,,,,,,,0,A,,,,,,,B,,,,2020-07-31 5:00:00,2021-07-31 5:00:00,0,,0,0,,,0,0,0,0,,,0,,,,,,B,B,0,0,,,,0,,0,0,,7224,0,,0,,,,0,,,0,0,0,,0,0,,,,,,,,,,,,,,FALSE,
100,82085534,900002,NLN,ZPS3026,1900-01-01 19:52:00,2020-08-05 5:00:00,4149814305,,10,4254,1,4254021220,,,X2HPJ051TG00010001,1350,CS,CS,1,1,24300,35235,LB,1039.5,FT3,B,,0,0,,,2020-08-03 5:00:00,1350,ALDI AUNT MPL LT SYRP 12/24FOZ WIP,,,0,,,4503190713,10,,0,J,1,1,C,150,X,916,82085534,,641,601,X,,,ZCAG,X,X,,,,A,ZW,,,,,10,0,0,,0,0,0,,0,0,0,0,0,0,0,,2020-08-05 5:00:00,10041498143050,,,,,,,,,,,1,V,,,,0,M4335,0,,0,,0,,,,0,,,,,,,50,,0,0,0,0,10,0,0,0,,,,,0,,,0,0,,ZCHP,,,,,,,,,,1900-01-01 6:00:00,,,,,0,0,,0,1350,1350,0,,0,,0,,0,0,,L,73225,,,0,1900-01-01 21:00:00,,0,,,,,,0,0,,,,,0,0,,0,,,,,,,051MhZJ{7jgrwPVQKAcnQW,0,0,,,0,,,,,,,,,,,,0,A,,,,,,,B,,,,2020-07-30 5:00:00,2021-07-30 5:00:00,0,,0,0,,,0,0,0,0,,,0,,,,,,B,B,0,0,,,,0,,0,0,,75,0,,0,,,,0,,,0,0,0,,0,0,,,,,,,,,,,,,,FALSE,
100,82085544,50,NLN,CA_UNICENTER,1900-01-01 11:21:11,2020-07-30 5:00:00,2113100037,,20,5014,1,,,,16BCB40YL900040001,0,CS,CS,1,1,0,0,LB,0,FT3,B,,0,0,,,2020-08-03 5:00:00,0,MC STK RSTD POT FOR2 6/24Z,,,0,,,4503189803,50,,0,J,1,1,C,103,X,916,82085544,,641,601,X,,,ZCAG,X,X,,,,A,ZW,,,,,10,0,0,,0,0,0,,0,0,0,0,0,0,0,,2020-08-03 5:00:00,20021131000374,,,,,,,,,,,1,V,,,,0,M0124,0,,0,,0,,,,0,,,,,,,50,,216,2349.864,1944,116.856,0,0,0,0,,LB,FT3,,0,,,0,0,,ZCHP,,,,,,,,,,1900-01-01 6:00:00,,,,,0,0,,0,0,0,216,,0,,0,,0,0,,L,73225,,,0,1900-01-01 21:00:00,,0,,,,,,0,0,,,,,0,0,,0,,,,,,,051MhZJL7kgqoSo9FcdGOW,0,0,,,0,,,,,,,,,,,,0,A,,,,,,,B,,,,2020-07-23 5:00:00,2022-01-14 6:00:00,0,,0,0,,,0,0,0,0,,,0,,,,,,B,B,0,0,,,,0,,0,0,,216,0,,0,,,,0,,,0,0,0,,0,0,,,,,,,,,,,,,,FALSE,
100,82085547,900008,NLN,PDF0004,1900-01-01 20:57:39,2020-08-03 5:00:00,2113130152,,20,5014,1,5014020620,,,16BKA3319E00010001,4,CS,CS,1,1,120,149.224,LB,7.94,FT3,B,,0,0,,,2020-08-03 5:00:00,4,MC PT PIE CKN NAE 6/8/10Z,,,0,,,4503189838,70,,0,J,1,1,C,103,X,916,82085547,,641,601,X,,,ZCAG,X,X,,,,A,ZW,,,,,10,0,0,,0,0,0,,0,0,0,0,0,0,0,,1900-01-01 6:00:00,20021131301525,,,,,,,,,,,1,V,,,,0,M0318,0,,0,,0,,,,0,,,,,,,50,,0,0,0,0,70,0,0,0,,,,,0,,,0,0,,ZCHP,,,,,,,,,,1900-01-01 6:00:00,,,,,0,0,,0,4,4,0,,0,,0,,0,0,,L,73225,,,0,1900-01-01 22:00:00,,0,,,,,,0,0,,,,,0,0,,0,,,,,,,051MhZQ67jgrk7BB5UWXE0,0,0,,,0,,,,,,,,,,,,0,B,,,,,,,B,,,,2020-07-24 5:00:00,2022-01-15 6:00:00,0,,0,0,,,0,0,0,0,,,0,,,,,,B,B,0,0,,,,0,,0,0,,4,0,,0,,,,0,,,0,0,0,,0,0,,,,,,,,,,,,,,FALSE,
100,82085569,10,NLN,ZPD0104,1900-01-01 12:35:29,2020-07-30 5:00:00,6102800001,,62,4561,1,,,,FBGS0N5Z7538390001,0,CS,CS,1,1,0,0,LB,0,FT3,B,,0,0,,,2020-07-30 5:00:00,0,50195500004483 MCD MCGRDL192/1.75Z,,,0,,,4503191998,10,,0,J,1,1,C,140,X,916,82085569,,641,601,X,,,ZCAG,X,X,,,,A,ZN,,,,,10,0,0,,0,0,0,,0,0,0,0,0,0,0,,2020-07-30 5:00:00,20261028000012,,,,,,,,,,,1,V,,,,0,M3866,0,,0,,0,,,,0,,,,,,,50,,1568,36064,32928,2030.56,0,0,0,0,,LB,FT3,,0,,,0,0,,ZCHP,,,,,,,,,,1900-01-01 6:00:00,,,,,0,0,,0,0,0,1568,,0,,0,,0,0,,L,73225,,,0,1900-01-01 6:00:00,,0,,,,,,0,0,,,,,0,0,,0,,,,,,,051MhZJL7kgqonYWzlQr{W,0,0,,,0,,,,,,,,,,,,0,A,,,,,,,B,,,,2020-07-28 5:00:00,2021-04-24 5:00:00,0,,0,0,,,0,0,0,0,,,0,,,,,,B,B,0,0,,,,0,,0,0,,1568,0,,0,,,,0,,,0,0,0,,0,0,,,,,,,,,,,,,,FALSE,
100,82085705,10,NLN,CA_UNICENTER,1900-01-01 11:19:50,2020-07-29 5:00:00,5410001870,,10,4272,1,,,,ZSCJ1C71T800020001,0,CS,CS,1,1,0,0,LB,0,FT3,B,,0,0,,,2020-07-31 5:00:00,0,VL SWT RLSH 12/10FOZ,,,0,,,4503188688,10,,0,J,1,1,A,,,,,,641,0,,,,ZCAG,X,X,,,,A,ZN,,,,,10,0,0,,0,0,0,,0,0,0,0,0,0,0,,2020-07-31 5:00:00,10054100018707,,,,,,,,,,,1,V,,,,0,M4160,0,,0,,0,,,,0,,,,,,,50,,3059,41602.4,22942.5,835.107,0,0,0,0,,LB,FT3,,0,,,0,0,,ZCHP,,,,,,,,,,1900-01-01 6:00:00,,,,,0,0,,0,0,0,3059,,0,,0,,0,0,,L,73225,,,0,1900-01-01 6:00:00,,0,,,,,,0,0,,,,,0,0,,0,,,,,,,051MhZJK7jgqiA4c4k62h0,0,0,,,0,,,,,,,,,,,,0,B,,,,,,,,,,,1900-01-01 6:00:00,1900-01-01 6:00:00,0,,0,0,,,0,0,0,0,,,0,,,,,,B,B,0,0,,,,0,,0,0,,3060,0,,0,,,,0,,,0,0,0,,0,0,,,,,,,,,,,,,,FALSE,
100,82085719,10,NLN,CA_UNICENTER,1900-01-01 11:19:50,2020-07-29 5:00:00,5410017200,,10,4272,1,7220042B11,,,ZNCJ1C730D00010001,1440,CS,CS,1,1,34560,54129.6,LB,1074.24,FT3,B,,0,0,,,2020-07-31 5:00:00,1440,MILW KSHR DILL PCKL 12/32FOZ,,,0,,,4503190624,10,,0,J,1,1,A,,,,,,641,0,,,,ZCAG,X,X,,,,A,ZN,,,,,10,0,0,,0,0,0,,0,0,0,0,0,0,0,,2020-07-30 5:00:00,10054100172003,,,,,,,,,,,1,V,,,,0,M4276,0,,0,,0,,,,0,,,,,,,50,,0,0,0,0,0,0,0,0,,,,,0,,,0,0,,ZCHP,,,,,,,,,,1900-01-01 6:00:00,,,,,0,0,,0,1440,1440,0,,0,,0,,0,0,,L,73225,,,0,1900-01-01 6:00:00,,0,,,,,,0,0,,,,,0,0,,0,,,,,,,051MhZJK7jgqiA4c4kSYh0,0,0,,,0,,,,,,,,,,,,0,B,,,,,,,,,,,2020-07-24 5:00:00,2022-04-20 5:00:00,0,,0,0,,,0,0,0,0,,,0,,,,,,B,B,0,0,,,,0,,0,0,,1440,0,,0,,,,0,,,0,0,0,,0,0,,,,,,,,,,,,,,FALSE,
100,82085727,900002,NLN,CA_UNICENTER,1900-01-01 19:20:10,2020-07-30 5:00:00,5410000265,,10,4272,1,7224042B71,,,ZSCJ1C72XG00050001,1120,CS,CS,1,1,10080,16464,LB,328.16,FT3,B,,0,0,,,2020-07-31 5:00:00,1120,VL KSHR DILL SPRS 6/24FOZ,,,0,,,4503190642,10,,0,J,1,1,A,,,,,,641,0,,,,ZCAG,X,X,,,,A,ZN,,,,,10,0,0,,0,0,0,,0,0,0,0,0,0,0,,1900-01-01 6:00:00,10054100002652,,,,,,,,,,,1,V,,,,0,M4160,0,,0,,0,,,,0,,,,,,,50,,0,0,0,0,10,0,0,0,,,,,0,,,0,0,,ZCHP,,,,,,,,,,1900-01-01 6:00:00,,,,,0,0,,0,1120,1120,0,,0,,0,,0,0,,L,73225,,,0,1900-01-01 6:00:00,,0,,,,,,0,0,,,,,0,0,,0,,,,,,,051MhZJP7jgqqYcUI36UkG,0,0,,,0,,,,,,,,,,,,0,B,,,,,,,,,,,2020-07-28 5:00:00,2022-04-24 5:00:00,0,,0,0,,,0,0,0,0,,,0,,,,,,B,B,0,0,,,,0,,0,0,,1120,0,,0,,,,0,,,0,0,0,,0,0,,,,,,,,,,,,,,FALSE,
100,82085747,900005,ZZNL,Q004223,1900-01-01 19:13:10,2020-07-30 5:00:00,10009871,,RF009,5016,3,A0012327,A0012327,,,4440,LB,LB,1,1,4440,4440,LB,168.72,IN3,B,,0,0,,,2020-07-30 5:00:00,4440,"BEAN,GREEN,1 CUT,IQF,GRD A,TOTE",,,0,,,3355356,10,,0,J,1,1,A,,,,,,641,0,,,,ZROH,X,X,,,,A,2,,,,,10,0,0,,0,0,0,,0,0,0,0,0,0,0,,1900-01-01 6:00:00,,,,,,,,,,,,,V,,,,0,A0042,0,,0,,0,,,,0,,,,,,,41,,0,0,0,0,10,0,0,0,,,,,0,,,0,0,,ZCHP,,,,,,,,,,1900-01-01 6:00:00,,,,,0,0,,0,4440,4440,0,,0,,0,,0,0,,L,73225,,,0,1900-01-01 6:00:00,,0,,,,,,0,0,,,,,0,0,,0,,,,,,,051MhZQ67kgqqWfhfn}2Um,0,0,,,0,,,,,,,,,,,,0,A,,,,,,,,,,,2019-09-20 5:00:00,2021-03-13 6:00:00,0,,0,0,,,0,0,0,0,,,0,,,,,,B,B,0,0,,,,0,,0,0,,4440,0,,0,,,,0,,,0,0,0,,0,0,,,,,,,,,,,,,,FALSE,
100,82085774,10,NLN,ZDH3023,1900-01-01 15:22:52,2020-07-29 5:00:00,1020161,,SF001,5401,1,5401020920,,,ZZZZZZZNFG0001ZZZZ,1620,CS,CS,1,1,29160,39165.12,LB,0,,B,,0,0,,,2020-08-03 5:00:00,1620,"SFG,IPT,REPACK,PAM CS,SHRTOIL,27/24/12Z",,,0,,,3356219,10,,0,J,1,1,A,,,,,,641,0,,,,ZHLB,X,X,,,,A,2,,,,,10,0,0,,0,0,0,,0,0,0,0,0,0,0,,2020-08-03 5:00:00,,,,,,,,,,,,1,V,,,,0,A0042,0,,0,,0,,,,0,,,,,,,50,,0,0,0,0,0,0,0,0,,,,,0,,,0,0,,ZWHT,,,,,,,,,,1900-01-01 6:00:00,,,,,0,0,,0,1620,1620,0,,0,,0,,0,0,,L,73227,,,0,1900-01-01 6:00:00,,0,,,,,,0,0,,,,,0,0,,0,,,,,,,051MhZJK7jgqjD{9yTxJc0,0,0,,,0,,,,,,,,,,,,0,A,,,,,,,,,,,2020-07-27 5:00:00,2021-11-19 6:00:00,0,,0,0,,,0,0,0,0,,,0,,,,,,B,B,0,0,,,,0,,0,0,,1620,0,,0,,,,0,,,0,0,0,,0,0,,,,,,,,,,,,,,FALSE,
100,82085821,60,NLN,ZDL3030,1900-01-01 13:21:47,2020-08-05 5:00:00,3418300004,,20,5014,1,,,,DQBJD400SZ00020001,0,CS,CS,1,1,0,0,LB,0,FT3,B,,0,0,,,2020-08-06 5:00:00,0,ALX CLFLWR BTR SEASLT 8/12Z,,,0,,,4503191715,60,,0,J,1,1,C,103,X,916,82085821,,641,601,X,,,ZCAG,X,X,,,,A,ZW,,,,,10,0,0,,0,0,0,,0,0,0,0,0,0,0,,2020-08-06 5:00:00,20034183000049,,,,,,,,,,,1,V,,,,0,M0893,0,,0,,0,,,,0,,,,,,,50,,1800,13332.6,10800,709.2,0,0,0,0,,LB,FT3,,0,,,0,0,,ZCHP,,,,,,,,,,1900-01-01 6:00:00,,,,,0,0,,0,0,0,1800,,0,,0,,0,0,,L,73225,,,0,1900-01-01 6:00:00,,0,,,,,,0,0,,,,,0,0,,0,,,,,,,051MhZJK7kgruiTcM}k6yW,0,0,,,0,,,,,,,,,,,,0,A,,,,,,,B,,,,2020-08-03 5:00:00,2022-01-25 6:00:00,0,,0,0,,,0,0,0,0,,,0,,,,,,B,B,0,0,,,,0,,0,0,,1800,0,,0,,,,0,,,0,0,0,,0,0,,,,,,,,,,,,,,FALSE,
100,82085857,20,NLN,ZKZ0005,1900-01-02 2:46:19,2020-07-29 5:00:00,7615023214,,50,2163,1,2163021320,,,34CLB16W9800100001,105,CS,CS,1,1,649.95,865.62,LB,49.77,FT3,B,,0,0,,,2020-08-07 5:00:00,105,A2 6/6CT 16.50Z MTB,,,0,,,4503191964,20,,0,J,1,1,C,118,X,916,82085857,,641,601,X,,,ZCAG,X,X,,,,A,ZW,,,,,10,0,0,,0,0,0,,0,0,0,0,0,0,0,,2020-08-07 5:00:00,20076150232145,,,,,,,,,,,1,V,,,,0,M0003,0,,0,,0,,,,0,,,,,,,50,,0,0,0,0,0,0,0,0,,,,,0,,,0,0,,ZCHP,,,,,,,,,,1900-01-01 6:00:00,,,,,0,0,,0,105,105,0,,0,,0,,0,0,,L,74300,,,0,1900-01-01 20:00:00,,0,,,,,,0,0,,,,,0,0,,0,,,,,,,051MhZJK7jgqmCxi2}}ZM0,0,0,,,0,,,,,,,,,,,,0,B,,,,,,,B,,,,2020-07-31 5:00:00,2021-07-26 5:00:00,0,,0,0,,,0,0,0,0,,,0,,,,,,B,B,0,0,,,,0,,0,0,,105,0,,0,,,,0,,,0,0,0,,0,0,,,,,,,,,,,,,,FALSE,
100,82085866,900002,NLN,ZCH0278,1900-01-01 13:58:03,2020-08-04 5:00:00,6414415231,,50,2163,1,2163021620,,,69CLC21U8500020001,3096,CS,CS,1,1,10399.464,16854.624,LB,2043.36,FT3,B,,0,0,,,2020-08-04 5:00:00,3096,JFP BTR 12/4.5Z DRC,,,0,,,4503191979,50,,0,J,1,1,C,118,X,916,82085866,,641,601,X,,,ZCAG,X,X,,,,A,ZW,,,,,10,0,0,,0,0,0,,0,0,0,0,0,0,0,,2020-08-04 5:00:00,20064144152319,,,,,,,,,,,1,V,,,,0,M0632,0,,0,,0,,,,0,,,,,,,50,,0,0,0,0,40,0,0,0,,,,,0,,,0,0,,ZCHP,,,,,,,,,,1900-01-01 6:00:00,,,,,0,0,,0,3096,3096,0,,0,,0,,0,0,,L,74300,,,0,1900-01-01 21:00:00,,0,,,,,,0,0,,,,,0,0,,0,,,,,,,051MhZJJ7kgroaGrBZEZJW,0,0,,,0,,,,,,,,,,,,0,A,,,,,,,B,,,,2020-08-03 5:00:00,2021-04-30 5:00:00,0,,0,0,,,0,0,0,0,,,0,,,,,,B,B,0,0,,,,0,,0,0,,72,0,,0,,,,0,,,0,0,0,,0,0,,,,,,,,,,,,,,FALSE,
100,82085886,10,NLN,CA_UNICENTER,1900-01-01 11:19:07,2020-07-30 5:00:00,1878001265,,50,3880,1,2501019320,,,UOCUB5011K00040001,80,CS,CS,1,1,288,439.52,LB,194.32,FT3,B,,0,0,,,2020-08-01 5:00:00,80,ANG POPCRN SEASLT 12/4.8Z,,,0,,,4503187218,10,,0,J,1,1,A,,,,,,641,0,,,,ZCAG,X,X,,,,A,ZW,,,,,10,0,0,,0,0,0,,0,0,0,0,0,0,0,,2020-08-02 5:00:00,818780012652,,,,,,,,,,,1,V,,,,0,M4117,0,,0,,0,,,,0,,,,,,,50,,0,0,0,0,0,0,0,0,,,,,0,,,0,0,,ZCHP,,,,,,,,,,1900-01-01 6:00:00,,,,,0,0,,0,80,80,0,,0,,0,,0,0,,L,72400,,,0,1900-01-01 20:00:00,,0,,,,,,0,0,,,,,0,0,,0,,,,,,,051MhZJK7kgqoSDVrf3cw0,0,0,,,0,,,,,,,,,,,,0,B,,,,,,,,,,,2020-07-11 5:00:00,2021-02-06 6:00:00,0,,0,0,,,0,0,0,0,,,0,,,,,,B,B,0,0,,,,0,,0,0,,80,0,,0,,,,0,,,0,0,0,,0,0,,,,,,,,,,,,,,FALSE,
100,82085904,20,NLN,CA_UNICENTER,1900-01-01 11:19:07,2020-07-30 5:00:00,2700037234,,50,3880,1,2164019720,,,BCCLB16S7200070001,210,CS,CS,1,1,1271.76,1718.22,LB,99.54,FT3,B,,0,0,,,2020-08-01 5:00:00,210,OR NTRL LT SLTD 12/3/8.07Z,,,0,,,4503190690,20,,0,J,1,1,A,,,,,,641,0,,,,ZCAG,X,X,,,,A,ZW,,,,,10,0,0,,0,0,0,,0,0,0,0,0,0,0,,2020-08-04 5:00:00,20027000372344,,,,,,,,,,,1,V,,,,0,M0312,0,,0,,0,,,,0,,,,,,,50,,0,0,0,0,0,0,0,0,,,,,0,,,0,0,,ZCHP,,,,,,,,,,1900-01-01 6:00:00,,,,,0,0,,0,210,210,0,,0,,0,,0,0,,L,74300,,,0,1900-01-01 23:00:00,,0,,,,,,0,0,,,,,0,0,,0,,,,,,,051MhZJK7kgqoSFHpI0cw0,0,0,,,0,,,,,,,,,,,,0,B,,,,,,,,,,,2020-07-15 5:00:00,2021-07-10 5:00:00,0,,0,0,,,0,0,0,0,,,0,,,,,,B,B,0,0,,,,0,,0,0,,210,0,,0,,,,0,,,0,0,0,,0,0,,,,,,,,,,,,,,FALSE,