client,vendor_account_number,country_key,name,name_2,name_3,name_4,city,district,po_box,po_box_postal_code,postal_code,region,sort_field,matchcode_search_term_1,matchcode_search_term_2,matchcode_search_term_3,title_anred,train_station,international_location_number_1,international_location_number_2,authorization_group,industry_key,international_location_number_check_digit,data_communication_line_num,data_medium_exchange_indicator,data_medium_exchange_instruction_key,record_created_on,object_created_by,isr_susbcriber_num,group_key,vendor_account_group,competitor,master_record_central_deletion_flag,physical_inventory_blocking_indicator,centrally_imposed_purchasing_block,language_text,vat_liability,one_time_account_indicator,alternative_payee_allowed_indicator,company_id,natural_person,function_that_will_be_blocked,birthdate_of_person_withholding_tax,last_review,vendor_qm_system,one_time_account_reference_account_group,po_box_city,plant,vendor_subrange_indicator,plant_level_indicator,factory_calendar_key,data_transfer_status,tax_jurisdiction,payment_block,standard_carrier_access_code,forwarding_agent_freight_group,transportation_zone,alternative_payee_indicator,service_agent_procedure_group,profession,shipment_details,external_manufacturer_code_name,uniform_resource_locator,representative_name,business_type,industry_type,change_authorization_status,changes_confirmation_status,last_change_confirmation_time,master_record_central_deletion_block,certification_validity_date,vendor_proof_of_delivery_relevant_indicator,master_record_account_number,carrier_confirmation_indicator,micro_company_indicator,liability_terms,business_purpose_completed_flag,industry_main_type,company_size,declaration_regimen_pis_or_cofins,currency,agency_location_code,payment_office,processor_group,subledger_acct_preprocessing_procedure,name_1_pson1,name_2_pson2,name_3_pson3,first_name,title_psotl,transportation_chain,staging_time_in_days,schedule_procedure,cross_docking_for_collective_numbering,global_dnb_code,global_dnb_name,is_quarantined,__start_at,__end_at
100,0001000010,US,OLD DUTCH MUSTARD CO INC, , , ,GREAT NECK, , , ,11021-3010,NY,111148796,OLD DUTCH MUSTARD CO INC, ,GREAT NECK, , ,0,0, , ,0,X, , ,2008-02-10 06:00:00.000000,YDR0068, ,NS TRANSAC,ZKRD,0060001659, , , ,E, , , , , , ,1900-01-01 06:00:00.000000,1900-01-01 06:00:00.000000, , , , ,X,X, ,X,3305911300, , , , , , , , , , , ,SCM Heavy Vendor, , ,1900-01-01 06:00:00.000000,1900-01-01 06:00:00.000000, ,1900-01-01 06:00:00.000000, , , , , , , , , , , , , , , , , , , , ,0, , ,"","",false,2023-10-05 07:53:34.000000,""
100,0001000011,US,UNITED REFRIGERATION INC, , , ,PHILADELPHIA, ,820100, ,19154-2102,PA,231307731,UNITED REFRIGERATION INC, ,PHILADELPHIA, , ,0,0, , ,0, , , ,2008-02-10 06:00:00.000000,YDR0068, ,NS EXIT,ZKRD,0060001660, , , ,E, , , , , , ,1900-01-01 06:00:00.000000,1900-01-01 06:00:00.000000, , , , ,X,X, ,X,3910130000, , , , , , , , , , , ,EP_MROC_Capital, , ,1900-01-01 06:00:00.000000,1900-01-01 06:00:00.000000, ,1900-01-01 06:00:00.000000, , , , , , , , , , , , , , , , , , , , ,0, , ,"","",false,2023-10-05 07:53:27.000000,""
100,0001000013,US,VAC-U-MAX, , , ,BELLEVILLE, , , ,07109-3040,NJ,221615540,VAC-U-MAX, ,BELLEVILLE, , ,0,0, , ,0, , , ,2008-02-10 06:00:00.000000,YDR0068, ,NS EXIT,ZKRD,0060000433, , , ,E, , , , , , ,2011-01-18 06:00:00.000000,2011-01-17 06:00:00.000000, , , , ,X,X, ,X,3101365030, , , , , , , , , , , ,EP_MROC_MRO, , ,1900-01-01 06:00:00.000000,1900-01-01 06:00:00.000000, ,1900-01-01 06:00:00.000000, , , , , , , , , , , , , , , , , , , , ,0, , ,"","",false,2023-10-05 07:53:18.000000,2023-11-07 09:09:44.000000
100,0001000013,US,VAC-U-MAX, , , ,BELLEVILLE,ESSEX, , ,07109-3040,NJ,221615540,VAC-U-MAX, ,BELLEVILLE, , ,0,0, , ,0, , , ,2008-02-10 06:00:00.000000,YDR0068, ,NS EXIT,ZKRD,0060000433, , , ,E, , , , , , ,2011-01-18 06:00:00.000000,2011-01-17 06:00:00.000000, , , , ,X,X, ,X,3101365030, , , ,071, , , , , , , ,EP_MROC_MRO, , ,1900-01-01 06:00:00.000000,1900-01-01 06:00:00.000000, ,1900-01-01 06:00:00.000000, , , , , , , , , , , , , , , , , , , , ,0, , ,"","",false,2023-11-07 09:09:44.000000,""
100,0001000018,US,NEW AQUA LLC,DBA AQUA SYSTEMS, , ,AVON, , , ,46123-7973,IN,770156356,NEW AQUA LLC,DBA AQUA SYSTEMS,AVON, , ,0,0, , ,0, , , ,2008-02-10 06:00:00.000000,YDR0068, ,NS TRANSAC,ZKRD,0060001665, , , ,E, , , , , , ,1900-01-01 06:00:00.000000,1900-01-01 06:00:00.000000, , , , ,X,X, ,X,1506323570, , , , , , , , , , , ,SCM Heavy Vendor, , ,1900-01-01 06:00:00.000000,1900-01-01 06:00:00.000000, ,1900-01-01 06:00:00.000000, , , , , , , , , , , , , , , , , , , , ,0, , ,"","",false,2023-10-05 07:53:24.000000,""
100,0001000050,US,STAUFFER GLOVE & SAFETY, , , ,RED HILL, ,45, ,18076-1118,PA,231468619,STAUFFER GLOVE & SAFETY, ,RED HILL, , ,0,0, , ,0, , , ,2008-02-10 06:00:00.000000,YDR0068, ,NS EXIT,ZKRD,0060001692, , , ,E, , , , , , ,1900-01-01 06:00:00.000000,2012-03-22 05:00:00.000000, , , , ,X,X, ,X,3909167100, , , , , , , , , , , ,EP_MROC_MRO, , ,1900-01-01 06:00:00.000000,1900-01-01 06:00:00.000000, ,1900-01-01 06:00:00.000000, , , , , , , , , , , , , , , , , , , , ,0, , ,"","",false,2023-10-05 07:53:14.000000,""
100,0001000055,US,BARR-THORP ELECTRIC COMPANY, , , ,SHAWNEE MISSION,JOHNSON,2709,66201,66203-2111,KS,440617071,BARR-THORP ELECTRIC COMPA, ,SHAWNEE MISSION, , ,0,0, , ,0,X, , ,2008-02-10 06:00:00.000000,YDR0068, ,NS EXIT,ZKRD,0060001696, , , ,E, , , , , , ,1900-01-01 06:00:00.000000,1900-01-01 06:00:00.000000, , , , ,X,X, ,X,1709105700, , , , , , , , , , , ,EP_MROC_MRO, , ,1900-01-01 06:00:00.000000,1900-01-01 06:00:00.000000, ,1900-01-01 06:00:00.000000, , , , , , , , , , , , , , , , , , , , ,0, , ,"","",false,2023-10-05 07:53:24.000000,""
100,0001000060,US,SUNSHINE MARKET INC, , , ,WILKES BARRE,LUZERNE, , ,18702-7004,PA,231637148,SUNSHINE MARKET INC, ,WILKES BARRE, , ,0,0, , ,0,X, , ,2008-02-10 06:00:00.000000,YDR0068, ,NS TRANSAC,ZKRD,0060001701, , , ,E, , , , , , ,1900-01-01 06:00:00.000000,1900-01-01 06:00:00.000000, , , , ,X,X, ,X,3907941900, , , , , , , , , , , ,SCM Heavy Vendor, , ,1900-01-01 06:00:00.000000,1900-01-01 06:00:00.000000, ,1900-01-01 06:00:00.000000, , , , , , , , , , , , , , , , , , , , ,0, , ,"","",false,2023-10-05 07:53:19.000000,""
100,0001000070,US,SHAMROCK CORP, , , ,GREENSBORO,GUILFORD,19448, ,27410-6249,NC,561127571,SHAMROCK CORP, ,GREENSBORO, , ,0,0, , ,0, , , ,2008-02-10 06:00:00.000000,YDR0068, ,NS TRANSAC,ZKRD,0060001708, , , ,E, , , , , , ,1900-01-01 06:00:00.000000,1900-01-01 06:00:00.000000, , , , ,X,X, ,X,3408104700, , , , , , , , , , , ,SCM Heavy Vendor, , ,1900-01-01 06:00:00.000000,1900-01-01 06:00:00.000000, ,1900-01-01 06:00:00.000000, , , , , , , , , , , , , , , , , , , , ,0, , ,"","",false,2023-10-05 07:53:31.000000,""
100,0001000076,US,NORTHWEST LOCAL SCHOOL DISTRICT,ATTN FOODSERVICE DIRECTOR, , ,CINCINNATI,HAMILTON, , ,45239-5349,OH,NO TAX ID,NORTHWEST LOCAL SCHOOL DI,ATTN FOODSERVICE DIRECTOR,CINCINNATI, , ,0,0, , ,0,X, , ,2008-02-10 06:00:00.000000,YDR0068, ,NS TRANSAC,ZKRD, , , , ,E, , , , , , ,1900-01-01 06:00:00.000000,1900-01-01 06:00:00.000000, , , , ,X,X, ,X,3606104900, , , , , , , , , , , ,NEP__Commodity Cheese, , ,1900-01-01 06:00:00.000000,1900-01-01 06:00:00.000000, ,1900-01-01 06:00:00.000000, , , , , , , , , , , , , , , , , , , , ,0, , ,"","",false,2023-10-05 07:53:27.000000,""
100,0001000079,US,HOME LUMBER CO INC, , , ,JUNCTION CITY, ,346,66441-0346,66441-4226,KS,480761356,HOME LUMBER CO INC, ,JUNCTION CITY, , ,0,0, , ,0,X, , ,2008-02-10 06:00:00.000000,YDR0068, ,NS TRANSAC,ZKRD,0060001714, , , ,E, , , , , , ,1900-01-01 06:00:00.000000,1900-01-01 06:00:00.000000, , , , ,X,X, ,X,1706104300, , , , , , , , , , , ,SCM Heavy Vendor, , ,1900-01-01 06:00:00.000000,1900-01-01 06:00:00.000000, ,1900-01-01 06:00:00.000000, , , , , , , , , , , , , , , , , , , , ,0, , ,"","",false,2023-10-05 07:53:31.000000,""
100,0001000083,US,STAR CORPORATION,DBA BUTLER CO TRIBUNE JOURNAL, , ,ALLISON,BUTLER,8, ,50602,IA,421035187,STAR CORPORATION,DBA BUTLER CO TRIBUNE JOU,ALLISON, , ,0,0, , ,0,X, , ,2008-02-10 06:00:00.000000,YDR0068, ,NS TRANSAC,ZKRD,0060001718, , , ,E, , , , , , ,1900-01-01 06:00:00.000000,1900-01-01 06:00:00.000000, , , , ,X,X, ,X,1602323130, , , , , , , , , , , ,SCM Heavy Vendor, , ,1900-01-01 06:00:00.000000,1900-01-01 06:00:00.000000, ,1900-01-01 06:00:00.000000, , , , , , , , , , , , , , , , , , , , ,0, , ,"","",false,2023-10-05 07:53:22.000000,""
100,0001000088,US,DINOS TRUCKING INC, , , ,SAINT LOUIS, ,771190,63177-2190,63123-6222,MO,431444163,DINOS TRUCKING INC, ,SAINT LOUIS, , ,0,0, , ,0,X, , ,2008-02-10 06:00:00.000000,YDR0068, ,NS TRANSAC,ZKRD, , , , ,E, , , , , , ,1900-01-01 06:00:00.000000,2008-09-30 05:00:00.000000, , , , ,X,X, ,X,2618920900, , , , , , , , , , , ,NEP_Transportation, , ,1900-01-01 06:00:00.000000,1900-01-01 06:00:00.000000, ,1900-01-01 06:00:00.000000, , , , , , , , , , , , , , , , , , , , ,0, , ,"","",false,2023-10-05 07:53:14.000000,2024-01-25 08:53:48.000000
100,0001000088,US,DINOS TRUCKING INC, , , ,SAINT LOUIS,SAINT LOUIS,771190,63177-2190,63123-6222,MO,431444163,DINOS TRUCKING INC, ,SAINT LOUIS, , ,0,0, , ,0,X, , ,2008-02-10 06:00:00.000000,YDR0068, ,NS TRANSAC,ZKRD,0060009357, , , ,E, , , , , , ,1900-01-01 06:00:00.000000,2008-09-30 05:00:00.000000, , , , ,X,X, ,X,2618900000, , , ,631, , , , , , , ,NEP_Transportation, , ,1900-01-01 06:00:00.000000,1900-01-01 06:00:00.000000, ,1900-01-01 06:00:00.000000, , , , , , , , , , , , , , , , , , , , ,0, , ,"","",false,2024-01-25 08:53:48.000000,""
100,0001000093,US,UNIVERSITY OF CALIFORNIA, , , ,MANKATO,BLUE EARTH, , ,56001,MN,NO TAX ID,UNIVERSITY OF CALIFORNIA, ,MANKATO, , ,0,0, , ,0, , , ,2008-02-10 06:00:00.000000,YDR0068, ,NS TRANSAC,ZKRD, , , , ,E, , , , , , ,2010-07-31 05:00:00.000000,1900-01-01 06:00:00.000000, , , , ,X,X, ,X,2401306100, , , , , , , , , , , ,NEP_SGA_Charities, , ,1900-01-01 06:00:00.000000,1900-01-01 06:00:00.000000, ,1900-01-01 06:00:00.000000, , , , , , , , , , , , , , , , , , , , ,0, , ,"","",false,2023-10-05 07:53:18.000000,""
100,0001000095,US,YANCEYS FOOD SERVICE,ATTN: JODY JOHNSON, , ,LOVELAND,LARIMER, , ,80538-8803,CO,840646757,YANCEYS FOOD SERVICE,ATTN: JODY JOHNSON,LOVELAND, , ,0,0, , ,0,X, , ,2008-02-10 06:00:00.000000,YDR0068, ,NS TRANSAC,ZKRD,0060001725, , , ,E, , , , , , ,1900-01-01 06:00:00.000000,1900-01-01 06:00:00.000000, , , , ,X,X, ,X,0606903600, , , , , , , , , , , ,SCM Heavy Vendor, , ,1900-01-01 06:00:00.000000,1900-01-01 06:00:00.000000, ,1900-01-01 06:00:00.000000, , , , , , , , , , , , , , , , , , , , ,0, , ,"","",false,2023-10-05 07:53:27.000000,""
100,0001000099,US,WCR INC, , , ,DAYTON, , , ,45403-1005,OH,311343040,WCR INC, ,DAYTON, , ,0,0, , ,0, , , ,2008-02-10 06:00:00.000000,YDR0068, ,NS EXIT,ZKRD,0060001729, , , ,E, , , , , , ,1900-01-01 06:00:00.000000,1900-01-01 06:00:00.000000, , , , ,X,X, ,X,3611306300, , , , , , , , , , , ,EP_MROC_Capital, , ,1900-01-01 06:00:00.000000,1900-01-01 06:00:00.000000, ,1900-01-01 06:00:00.000000, , , , , , , , , , , , , , , , , , , , ,0, , ,"","",false,2023-10-05 07:53:16.000000,""
100,0001000100,US,THE DANNON COMPANY INC, , , ,WHITE PLAINS, ,7247-8978,19170-8978,10603,NY,112574007,THE DANNON COMPANY INC, ,WHITE PLAINS, , ,0,0, , ,0, , , ,2008-02-10 06:00:00.000000,YDR0068, ,NS TRANSAC,ZKRD,0060001730, , , ,E, , , , , , ,2017-09-25 05:00:00.000000,2017-10-03 05:00:00.000000, , ,PHILADELPHIA, ,X,X, ,X,3311931700, , , , , , , , , , , ,EP_Dairy_Milkfat, , ,1900-01-01 06:00:00.000000,1900-01-01 06:00:00.000000, ,1900-01-01 06:00:00.000000, , , , , , , , , , , , , , , , , , , , ,0, , ,"","",false,2023-10-05 07:53:09.000000,""
100,0001000107,US,STARFLEX CORP, , , ,JONESBORO,CLAYTON, , ,30236-5096,GA,581428611,STARFLEX CORP, ,JONESBORO, , ,0,0, , ,0,X, , ,2008-02-10 06:00:00.000000,YDR0068, ,NS TRANSAC,ZKRD,0060001734, , , ,E, , , , , , ,1900-01-01 06:00:00.000000,1900-01-01 06:00:00.000000, , , , ,X,X, ,X,1106306900, , , , , , , , , , , ,SCM Heavy Vendor, , ,1900-01-01 06:00:00.000000,1900-01-01 06:00:00.000000, ,1900-01-01 06:00:00.000000, , , , , , , , , , , , , , , , , , , , ,0, , ,"","",false,2023-10-05 07:53:18.000000,""
100,0001000127,US,POCATELLO PRECAST INC, , , ,POCATELLO,BANNOCK, , ,83201-6075,ID,820489325,POCATELLO PRECAST INC, ,POCATELLO, , ,0,0, , ,0,X, , ,2008-02-10 06:00:00.000000,YDR0068, ,NS TRANSAC,ZKRD,0060001751, , , ,E, , , , , , ,1900-01-01 06:00:00.000000,1900-01-01 06:00:00.000000, , , , ,X,X, ,X,1300502400, , , , , , , , , , , ,SCM Heavy Vendor, , ,1900-01-01 06:00:00.000000,1900-01-01 06:00:00.000000, ,1900-01-01 06:00:00.000000, , , , , , , , , , , , , , , , , , , , ,0, , ,"","",false,2023-10-05 07:53:09.000000,""
100,0001000137,US,CONE DRIVE OPERATIONS INC, , , ,TRAVERSE CITY,GRAND TRAVERSE,272, ,49685,MI,050425787,CONE DRIVE OPERATIONS INC, ,TRAVERSE CITY, , ,0,0, , ,0, , , ,2008-02-10 06:00:00.000000,YDR0068, ,STRT NICHE,ZKRD,0060001759, , , ,E, , , , , , ,2010-04-01 05:00:00.000000,2011-07-07 05:00:00.000000, , , , ,X,X, ,X,2305517700, , , , , , , , , , , ,EP_MROC_MRO, , ,1900-01-01 06:00:00.000000,1900-01-01 06:00:00.000000, ,1900-01-01 06:00:00.000000, , , , , , , , , , , , , , , , , , , , ,0, , ,"","",false,2023-10-05 07:53:20.000000,""
100,0001000141,US,FELLER TRUCKING, , , ,CALDWELL,CANYON, , ,83605-3431,ID,NO TAX ID,FELLER TRUCKING, ,CALDWELL, , ,0,0, , ,0,X, , ,2008-02-10 06:00:00.000000,YDR0068, ,NS TRANSAC,ZKRD, , , , ,E, , , , , , ,1900-01-01 06:00:00.000000,1900-01-01 06:00:00.000000, , , , ,X,X, ,X,1302700600, , , , , , , , , , , ,NEP_Transportation, , ,1900-01-01 06:00:00.000000,1900-01-01 06:00:00.000000, ,1900-01-01 06:00:00.000000, , , , , , , , , , , , , , , , , , , , ,0, , ,"","",false,2023-10-05 07:53:16.000000,""
100,0001000161,US,PECK DISTRIBUTORS INC, , , ,AURORA,PORTAGE, , ,44202-8066,OH,341479163,PECK DISTRIBUTORS INC, ,AURORA, , ,0,0, , ,0,X, , ,2008-02-10 06:00:00.000000,YDR0068, ,NS TRANSAC,ZKRD,0060001777, , , ,E, , , , , , ,1900-01-01 06:00:00.000000,1900-01-01 06:00:00.000000, , , , ,X,X, ,X,3613300900, , , , , , , , , , , ,SCM Heavy Vendor, , ,1900-01-01 06:00:00.000000,1900-01-01 06:00:00.000000, ,1900-01-01 06:00:00.000000, , , , , , , , , , , , , , , , , , , , ,0, , ,"","",false,2023-10-05 07:53:09.000000,""
100,0001000176,US,COUNTY OF LOGAN AR,TAX COLLECTOR, , ,PARIS,LOGAN, , ,72855-3845,AR,NO TAX ID,COUNTY OF LOGAN AR,TAX COLLECTOR,PARIS, , ,0,0, , ,0,X, , ,2008-02-10 06:00:00.000000,YDR0068, ,NS TRANSAC,ZKRD, , , , ,E, , , , , , ,1900-01-01 06:00:00.000000,1900-01-01 06:00:00.000000, , , , ,X,X, ,X,0408304600, , , , , , , , , , , ,NEP_SGA_Gov't Tax & Garnish, , ,1900-01-01 06:00:00.000000,1900-01-01 06:00:00.000000, ,1900-01-01 06:00:00.000000, , , , , , , , , , , , , , , , , , , , ,0, , ,"","",false,2023-10-05 07:53:16.000000,""
100,0001000183,US,FARMER BOY AG SYSTEMS INC, , , ,MYERSTOWN, ,435, ,17067-2213,PA,251778976,FARMER BOY AG SYSTEMS INC, ,MYERSTOWN, , ,0,0, , ,0, , , ,2008-02-10 06:00:00.000000,YDR0068, ,NS EXIT,ZKRD,0060001796, , , ,E, , , , , , ,1900-01-01 06:00:00.000000,1900-01-01 06:00:00.000000, , , , ,X,X, ,X,3907526000, , , , , , , , , , , ,EP_MROC_MRO, , ,1900-01-01 06:00:00.000000,1900-01-01 06:00:00.000000, ,1900-01-01 06:00:00.000000, , , , , , , , , , , , , , , , , , , , ,0, , ,"","",false,2023-10-05 07:53:35.000000,""
100,0001000197,US,SUMNER GROUP INC, , , ,SAINT LOUIS, , , ,63139-2904,MO,431332770,SUMNER GROUP INC, ,SAINT LOUIS, , ,0,0, , ,0, , , ,2008-02-10 06:00:00.000000,YDR0068, ,NS TRANSAC,ZKRD,0060001807, , , ,E, , , , , , ,2014-01-02 06:00:00.000000,2014-01-02 06:00:00.000000, , , , ,X,X, ,X,2651012700, , , , , , , , , , , ,NEP_SGA_Real Estate, , ,1900-01-01 06:00:00.000000,1900-01-01 06:00:00.000000, ,1900-01-01 06:00:00.000000, , , , , , , , , , , , , , , , , , , , ,0, , ,"","",false,2023-10-05 07:53:28.000000,""
100,0001000202,US,LAIPPLYS QUICKPRINT & GRAPHICS, , , ,MARION,MARION, , ,43302-4124,OH,310830844,LAIPPLYS QUICKPRINT & GRA, ,MARION, , ,0,0, , ,0,X, , ,2008-02-10 06:00:00.000000,YDR0068, ,NS TRANSAC,ZKRD,0060001812, , , ,E, , , , , , ,1900-01-01 06:00:00.000000,1900-01-01 06:00:00.000000, , , , ,X,X, ,X,3610114400, , , , , , , , , , , ,SCM Heavy Vendor, , ,1900-01-01 06:00:00.000000,1900-01-01 06:00:00.000000, ,1900-01-01 06:00:00.000000, , , , , , , , , , , , , , , , , , , , ,0, , ,"","",false,2023-10-05 07:53:20.000000,""
100,0001000203,US,STACK METALLURGICAL SVCS INC, , , ,PORTLAND,MULTNOMAH,17176, ,97217-3908,OR,930847903,STACK METALLURGICAL SVCS, ,PORTLAND, , ,0,0, , ,0,X, , ,2008-02-10 06:00:00.000000,YDR0068, ,NS TRANSAC,ZKRD,0060001813, , , ,E, , , , , , ,1900-01-01 06:00:00.000000,1900-01-01 06:00:00.000000, , , , ,X,X, ,X,3805104600, , , , , , , , , , , ,SCM Heavy Vendor, , ,1900-01-01 06:00:00.000000,1900-01-01 06:00:00.000000, ,1900-01-01 06:00:00.000000, , , , , , , , , , , , , , , , , , , , ,0, , ,"","",false,2023-10-05 07:53:28.000000,""
100,0001000213,US,RAILROAD PLANNING INC, , , ,AZLE,TARRANT, , ,76020-4135,TX,752842464,RAILROAD PLANNING INC, ,AZLE, , ,0,0, , ,0,X, , ,2008-02-10 06:00:00.000000,YDR0068, ,NS TRANSAC,ZKRD, , , , ,E, , , , , , ,1900-01-01 06:00:00.000000,1900-01-01 06:00:00.000000, , , , ,X,X, ,X,4443901600, , , , , , , , , , , ,NEP_Transportation, , ,1900-01-01 06:00:00.000000,1900-01-01 06:00:00.000000, ,1900-01-01 06:00:00.000000, , , , , , , , , , , , , , , , , , , , ,0, , ,"","",false,2023-10-05 07:53:30.000000,""
100,0001000231,US,FOODSERVICE MONTHLY INC, , , ,STERLING,LOUDOUN, , ,20166-9555,VA,020538385,FOODSERVICE MONTHLY INC, ,STERLING, , ,0,0, , ,0,X, , ,2008-02-10 06:00:00.000000,YDR0068, ,NS TRANSAC,ZKRD,0060001833, , , ,E, , , , , , ,1900-01-01 06:00:00.000000,1900-01-01 06:00:00.000000, , , , ,X,X, ,X,4710700000, , , , , , , , , , , ,SCM Heavy Vendor, , ,1900-01-01 06:00:00.000000,1900-01-01 06:00:00.000000, ,1900-01-01 06:00:00.000000, , , , , , , , , , , , , , , , , , , , ,0, , ,"","",false,2023-10-05 07:53:10.000000,""
100,0001000238,US,GRAND SIERRA OPERATING CORP,DBA GRAND SIERRA RESORT & CASINO, , ,RENO,WASHOE, , ,89595-0002,NV,204952699,GRAND SIERRA OPERATING CO,DBA GRAND SIERRA RESORT &,RENO, , ,0,0, , ,0,X, , ,2008-02-10 06:00:00.000000,YDR0068, ,NS TRANSAC,ZKRD,0060001840, , , ,E, , , , , , ,1900-01-01 06:00:00.000000,1900-01-01 06:00:00.000000, , , , ,X,X, ,X,2903101000, , , , , , , , , , , ,SCM Heavy Vendor, , ,1900-01-01 06:00:00.000000,1900-01-01 06:00:00.000000, ,1900-01-01 06:00:00.000000, , , , , , , , , , , , , , , , , , , , ,0, , ,"","",false,2023-10-05 07:53:38.000000,""
100,0001000244,US,DIXIE CANNER CO, , , ,ATHENS, , , ,30601-2827,GA,580507600,DIXIE CANNER CO, ,ATHENS, , ,0,0, , ,0,X, , ,2008-02-10 06:00:00.000000,YDR0068, ,STRT NICHE,ZKRD,0060001845, , , ,E, , , , , , ,1900-01-01 06:00:00.000000,2011-12-01 06:00:00.000000, , , , ,X,X, ,X,1105900700, , , , , , , , , , , ,EP_SGA_RQI, , ,1900-01-01 06:00:00.000000,1900-01-01 06:00:00.000000, ,1900-01-01 06:00:00.000000, , , , , , , , , , , , , , , , , , , , ,0, , ,"","",false,2023-10-05 07:53:38.000000,""
100,0001000250,US,PROCESSORS SERVICE LLP, , , ,VIDOR, ,1268,77670-1268,77662-8808,TX,331026659,PROCESSORS SERVICE LLP, ,VIDOR, , ,0,0, , ,0,X, , ,2008-02-10 06:00:00.000000,YDR0068, ,NS TRANSAC,ZKRD,0060001851, , , ,E, , , , , , ,1900-01-01 06:00:00.000000,1900-01-01 06:00:00.000000, , , , ,X,X, ,X,4436100000, , , , , , , , , , , ,EP_MROC_MRO, , ,1900-01-01 06:00:00.000000,1900-01-01 06:00:00.000000, ,1900-01-01 06:00:00.000000, , , , , , , , , , , , , , , , , , , , ,0, , ,"","",false,2023-10-05 07:53:14.000000,""
100,0001000268,US,MRS GRISSOM SALADS INC, , , ,NASHVILLE, ,40231,37204-0231,37204-2810,TN,620604308,MRS GRISSOM SALADS INC, ,NASHVILLE, , ,0,0, , ,0,X, , ,2008-02-10 06:00:00.000000,YDR0068, ,NS TRANSAC,ZKRD,0060001864, , , ,E, , , , , , ,1900-01-01 06:00:00.000000,1900-01-01 06:00:00.000000, , , , ,X,X, ,X,4303716860, , , , , , , , , , , ,SCM Heavy Vendor, , ,1900-01-01 06:00:00.000000,1900-01-01 06:00:00.000000, ,1900-01-01 06:00:00.000000, , , , , , , , , , , , , , , , , , , , ,0, , ,"","",false,2023-10-05 07:53:08.000000,""
100,0001000275,US,COUNTY OF MARION AR,TAX COLLECTOR, , ,YELLVILLE,MARION,509, ,72687-8809,AR,NO TAX ID,COUNTY OF MARION AR,TAX COLLECTOR,YELLVILLE, , ,0,0, , ,0,X, , ,2008-02-10 06:00:00.000000,YDR0068, ,NS TRANSAC,ZKRD, , , , ,E, , , , , , ,1900-01-01 06:00:00.000000,1900-01-01 06:00:00.000000, , , , ,X,X, ,X,0408913710, , , , , , , , , , , ,NEP_SGA_Gov't Tax & Garnish, , ,1900-01-01 06:00:00.000000,1900-01-01 06:00:00.000000, ,1900-01-01 06:00:00.000000, , , , , , , , , , , , , , , , , , , , ,0, , ,"","",false,2023-10-05 07:53:24.000000,""
100,0001000279,US,BRYCESON MARK A,DBA L H WELDING, , ,MACON, , , ,63552-4607,MO,421459061,BRYCESON MARK A,DBA L H WELDING,MACON, , ,0,0, , ,0,X, , ,2008-02-10 06:00:00.000000,YDR0068, ,NS TRANSAC,ZKRD,0060001872, , , ,E, , , , , , ,2010-04-01 05:00:00.000000,2008-12-15 06:00:00.000000, , , , ,X,X, ,X,2612100000, , , , , , , , , , , ,SCM Heavy Vendor, , ,1900-01-01 06:00:00.000000,1900-01-01 06:00:00.000000, ,1900-01-01 06:00:00.000000, , , , , , , , , , , , , , , , , , , , ,0, , ,"","",false,2023-10-05 07:53:36.000000,""
100,0001000290,US,PIONEER MANUFACTURING CO INC, , , ,CLEVELAND,CUYAHOGA,35311, ,44135-4541,OH,340464240,PIONEER MANUFACTURING CO, ,CLEVELAND, , ,0,0, , ,0,X, , ,2008-02-10 06:00:00.000000,YDR0068, ,NS EXIT,ZKRD,0060001881, , , ,E, , , , , , ,1900-01-01 06:00:00.000000,1900-01-01 06:00:00.000000, , , , ,X,X, ,X,3603505100, , , , , , , , , , , ,EP_MROC_MRO, , ,1900-01-01 06:00:00.000000,1900-01-01 06:00:00.000000, ,1900-01-01 06:00:00.000000, , , , , , , , , , , , , , , , , , , , ,0, , ,"","",false,2023-10-05 07:53:28.000000,""
100,0001000291,US,HANDY TWINE KNIFE CO, , , ,UPPER SANDUSKY, ,146,43351-0146,43351-1556,OH,340979257,HANDY TWINE KNIFE CO, ,UPPER SANDUSKY, , ,0,0, , ,0,X, , ,2008-02-10 06:00:00.000000,YDR0068, ,NS TRANSAC,ZKRD,0060001882, , , ,E, , , , , , ,1900-01-01 06:00:00.000000,1900-01-01 06:00:00.000000, , , , ,X,X, ,X,3617525800, , , , , , , , , , , ,SCM Heavy Vendor, , ,1900-01-01 06:00:00.000000,1900-01-01 06:00:00.000000, ,1900-01-01 06:00:00.000000, , , , , , , , , , , , , , , , , , , , ,0, , ,"","",false,2023-10-05 07:53:42.000000,""
100,0001000299,US,EMMI USA INC, , , ,VALLEY COTTAGE,ROCKLAND, , ,10989-2023,NY,135100294,EMMI USA INC, ,VALLEY COTTAGE, , ,0,0, , ,0,X, , ,2008-02-10 06:00:00.000000,YDR0068, ,NS TRANSAC,ZKRD,0060001889, , , ,E, , , , , , ,1900-01-01 06:00:00.000000,1900-01-01 06:00:00.000000, , , , ,X,X, ,X,3308751300, , , , , , , , , , , ,SCM Heavy Vendor, , ,1900-01-01 06:00:00.000000,1900-01-01 06:00:00.000000, ,1900-01-01 06:00:00.000000, , , , , , , , , , , , , , , , , , , , ,0, , ,"","",false,2023-10-05 07:53:11.000000,""
100,0001000301,US,JIM LAURSEN - GSI,C/O THE BELDEN-STRATFORD, , ,CHICAGO,COOK, , ,60614-3456,IL,473582215,JIM LAURSEN - GSI,C/O THE BELDEN-STRATFORD,CHICAGO, , ,0,0, , ,0,X, , ,2008-02-10 06:00:00.000000,YDR0068, ,NS TRANSAC,ZKRD,0060001890, , , ,E, , , , , , ,1900-01-01 06:00:00.000000,1900-01-01 06:00:00.000000, , , , ,X,X, ,X,1403184110, , , , , , , , , , , ,SCM Heavy Vendor, , ,1900-01-01 06:00:00.000000,1900-01-01 06:00:00.000000, ,1900-01-01 06:00:00.000000, , , , , , , , , , , , , , , , , , , , ,0, , ,"","",false,2023-10-05 07:53:36.000000,""
100,0001000308,US,INDUSTRIAL PROCESS EQUIPMENT, , , ,SAINT LOUIS,SAINT LOUIS CITY, , ,63103-1309,MO,430709525,INDUSTRIAL PROCESS EQUIPM, ,SAINT LOUIS, , ,0,0, , ,0,X, , ,2008-02-10 06:00:00.000000,YDR0068, ,NS TRANSAC,ZKRD,0060001895, , ,X,E, , , , , , ,1900-01-01 06:00:00.000000,1900-01-01 06:00:00.000000, , , , ,X,X, ,X,2651012700, , , , , , , , , , , ,EP_MROC_MRO, , ,1900-01-01 06:00:00.000000,1900-01-01 06:00:00.000000, ,1900-01-01 06:00:00.000000, , , , , , , , , , , , , , , , , , , , ,0, , ,"","",false,2023-10-05 07:53:18.000000,""
100,0001000311,CA,THEDE WARD SYSTEMS INC, , , ,LONDON, , , ,N6M 1A6,ON,482804487,THEDE WARD SYSTEMS INC, ,LONDON, , ,0,0, , ,0,X, , ,2008-02-10 06:00:00.000000,YDR0068, ,NS TRANSAC,ZKRD,0060001898, , , ,E, , , , , , ,1900-01-01 06:00:00.000000,1900-01-01 06:00:00.000000, , , , ,X,X, ,X,7001507800, , , , , , , , , , , ,SCM Heavy Vendor, , ,1900-01-01 06:00:00.000000,1900-01-01 06:00:00.000000, ,1900-01-01 06:00:00.000000, , , , , , , , , , , , , , , , , , , , ,0, , ,"","",false,2023-10-05 07:53:37.000000,""
100,0001000314,US,THOMAS E HARDEE & ASSOCIATES INC, , , ,PISGAH FOREST,TRANSYLVANIA, , ,28768-7733,NC,582210904,THOMAS E HARDEE & ASSOCIA, ,PISGAH FOREST, , ,0,0, , ,0,X, , ,2008-02-10 06:00:00.000000,YDR0068, ,NS TRANSAC,ZKRD,0060001901, , , ,E, , , , , , ,1900-01-01 06:00:00.000000,1900-01-01 06:00:00.000000, , , , ,X,X, ,X,3417514200, , , , , , , , , , , ,SCM Heavy Vendor, , ,1900-01-01 06:00:00.000000,1900-01-01 06:00:00.000000, ,1900-01-01 06:00:00.000000, , , , , , , , , , , , , , , , , , , , ,0, , ,"","",false,2023-10-05 07:53:16.000000,""
100,0001000319,US,GRAHAM PACKAGING PLASTIC PRODUCTS, , , ,YORK,YORK, , ,17402-9647,PA,NO TAX ID,GRAHAM PACKAGING PLASTIC, ,YORK, , ,0,0, , ,0, , , ,2008-02-10 06:00:00.000000,YDR0068, ,STRT CORE,ZKRD,0060001906, , , ,E, , , , , , ,1900-01-01 06:00:00.000000,2011-03-22 05:00:00.000000, , , , ,X,X, ,X,3913300000, , , , , , , , , , , ,EP_Resin Based_Rigid, , ,1900-01-01 06:00:00.000000,1900-01-01 06:00:00.000000, ,1900-01-01 06:00:00.000000, , , , , , , , , , , , , , , , , , , , ,0, , ,"","",false,2023-10-05 07:53:15.000000,""
100,0001000320,US,LINEAGE COLUMBIA LLC, , , ,COLTON,SAN BERNARDINO, , ,92324,CA,NO TAX ID,LINEAGE COLUMBIA LLC, ,COLTON, , ,0,0, , ,0, , , ,2008-02-10 06:00:00.000000,YDR0068, ,NS TRANSAC,ZKRD, , , , ,E, , , , , , ,1900-01-01 06:00:00.000000,2015-03-03 06:00:00.000000, , , , ,X,X, ,X,0507107000, , , , , , , , , , , ,NEP_Warehousing, , ,1900-01-01 06:00:00.000000,1900-01-01 06:00:00.000000, ,1900-01-01 06:00:00.000000, , , , , , , , , , , , , , , , , , , , ,0, , ,"","",false,2023-10-05 07:53:38.000000,""
100,0001000329,US,SOCKET HOLDINGS CORP,DBA SOCKET INTERNET, , ,COLUMBIA, ,7716,65205,65202-2432,MO,431698123,SOCKET HOLDINGS CORP,DBA SOCKET INTERNET,COLUMBIA, , ,0,0, , ,0,X, , ,2008-02-10 06:00:00.000000,YDR0068, ,NS TRANSAC,ZKRD,0060001915, , , ,E, , , , , , ,1900-01-01 06:00:00.000000,1900-01-01 06:00:00.000000, , , , ,X,X, ,X,2601903100, , , , , , , , , , , ,SCM Heavy Vendor, , ,1900-01-01 06:00:00.000000,1900-01-01 06:00:00.000000, ,1900-01-01 06:00:00.000000, , , , , , , , , , , , , , , , , , , , ,0, , ,"","",false,2023-10-05 07:53:37.000000,""
100,0001000331,US,FRIENDS OF COSTCO GUILD, , , ,SEATTLE,KING,19755, ,98109,WA,943102280,FRIENDS OF COSTCO GUILD, ,SEATTLE, , ,0,0, , ,0,X, , ,2008-02-10 06:00:00.000000,YDR0068, ,NS TRANSAC,ZKRD,0060001917, , , ,E, , , , , , ,1900-01-01 06:00:00.000000,1900-01-01 06:00:00.000000, , , , ,X,X, ,X,4803306500, , , , , , , , , , , ,SCM Heavy Vendor, , ,1900-01-01 06:00:00.000000,1900-01-01 06:00:00.000000, ,1900-01-01 06:00:00.000000, , , , , , , , , , , , , , , , , , , , ,0, , ,"","",false,2023-10-05 07:53:22.000000,""
100,0001000332,US,FRIENDS OF THE FAMILY SUPPORT CTR, , , ,OFFUTT A F B,SARPY,13492, ,68113,NE,NO TAX ID,FRIENDS OF THE FAMILY SUP, ,OFFUTT A F B, , ,0,0, , ,0,X, , ,2008-02-10 06:00:00.000000,YDR0068, ,STRT NICHE,ZKRD,0060001918, , , ,E, , , , , , ,1900-01-01 06:00:00.000000,1900-01-01 06:00:00.000000, , , , ,X,X, ,X,2815304700, , , , , , , , , , , ,EP_SGA_Human Resource, , ,1900-01-01 06:00:00.000000,1900-01-01 06:00:00.000000, ,1900-01-01 06:00:00.000000, , , , , , , , , , , , , , , , , , , , ,0, , ,"","",false,2023-10-05 07:53:15.000000,""
100,0001000333,US,NETWORK CARTAGE INC, , , ,EULESS, , , ,76039-7309,TX,752875320,NETWORK CARTAGE INC, ,EULESS, , ,0,0, , ,0, , , ,2008-02-10 06:00:00.000000,YDR0068, ,NS TRANSAC,ZKRD,0060001919, , , ,E, , , , , , ,1900-01-01 06:00:00.000000,1900-01-01 06:00:00.000000, , , , ,X,X, ,X,4443930850, , , , , , , , , , , ,SCM Heavy Vendor, , ,1900-01-01 06:00:00.000000,1900-01-01 06:00:00.000000, ,1900-01-01 06:00:00.000000, , , , , , , , , , , , , , , , , , , , ,0, , ,"","",false,2023-10-05 07:53:32.000000,""
100,0001000346,US,INTEK INDUSTRIES INC, , , ,GERMANTOWN,WASHINGTON, , ,53022-6313,WI,391478219,INTEK INDUSTRIES INC, ,GERMANTOWN, , ,0,0, , ,0,X, , ,2008-02-10 06:00:00.000000,YDR0068, ,NS TRANSAC,ZKRD,0060001932, , , ,E, , , , , , ,1900-01-01 06:00:00.000000,1900-01-01 06:00:00.000000, , , , ,X,X, ,X,5013117100, , , , , , , , , , , ,SCM Heavy Vendor, , ,1900-01-01 06:00:00.000000,1900-01-01 06:00:00.000000, ,1900-01-01 06:00:00.000000, , , , , , , , , , , , , , , , , , , , ,0, , ,"","",false,2023-10-05 07:53:37.000000,""
100,0001000363,US,VALUECLICK INC, , , ,WESTLAKE VILLAGE,LOS ANGELES, , ,91362-7319,CA,770495335,VALUECLICK INC, ,WESTLAKE VILLAGE, , ,0,0, , ,0, , , ,2008-02-10 06:00:00.000000,YDR0068, ,NS TRANSAC,ZKRD,0060001946, , , ,E, , , , , , ,1900-01-01 06:00:00.000000,1900-01-01 06:00:00.000000, , , , ,X,X, ,X,0503770000, , , , , , , , , , , ,SCM Heavy Vendor, , ,1900-01-01 06:00:00.000000,1900-01-01 06:00:00.000000, ,1900-01-01 06:00:00.000000, , , , , , , , , , , , , , , , , , , , ,0, , ,"","",false,2023-10-05 07:53:28.000000,""
100,0001000366,US,DONALD CORPORATION, , , ,ANKENY, , , ,50023-2744,IA,421317429,DONALD CORPORATION, ,ANKENY, , ,0,0, , ,0, , , ,2008-02-10 06:00:00.000000,YDR0068, ,NS TRANSAC,ZKRD,0060001949, , , ,E, , , , , , ,2013-12-17 06:00:00.000000,2013-12-17 06:00:00.000000, , , , ,X,X, ,X,1615300500, , , , , , , , , , , ,EP_MROC_MRO_SERVICE VEND, , ,1900-01-01 06:00:00.000000,1900-01-01 06:00:00.000000, ,1900-01-01 06:00:00.000000, , , , , , , , , , , , , , , , , , , , ,0, , ,"","",false,2023-10-05 07:53:34.000000,""
100,0001000379,US,FRYEBURG ACADEMY, , , ,FRYEBURG,OXFORD, , ,04037-1322,ME,NO TAX ID,FRYEBURG ACADEMY, ,FRYEBURG, , ,0,0, , ,0,X, , ,2008-02-10 06:00:00.000000,YDR0068, ,NS TRANSAC,ZKRD,0060001961, , , ,E, , , , , , ,1900-01-01 06:00:00.000000,1900-01-01 06:00:00.000000, , , , ,X,X, ,X,2001712030, , , , , , , , , , , ,SCM Heavy Vendor, , ,1900-01-01 06:00:00.000000,1900-01-01 06:00:00.000000, ,1900-01-01 06:00:00.000000, , , , , , , , , , , , , , , , , , , , ,0, , ,"","",false,2023-10-05 07:53:23.000000,""
100,0001000381,US,PRATER HAROLD F,DBA HAROLDS ROOTER SERVICE, , ,MARION, , , ,43302-3140,OH,310935419,PRATER HAROLD F,DBA HAROLDS ROOTER SERVIC,MARION, , ,0,0, , ,0, , , ,2008-02-10 06:00:00.000000,YDR0068, ,NS TRANSAC,ZKRD,0060001962, , , ,E, , , , , , ,1900-01-01 06:00:00.000000,1900-01-01 06:00:00.000000, , , , ,X,X, ,X,3610114400, , , , , , , , , , , ,EP_SGA_Supply Chain, , ,1900-01-01 06:00:00.000000,1900-01-01 06:00:00.000000, ,1900-01-01 06:00:00.000000, , , , , , , , , , , , , , , , , , , , ,0, , ,"","",false,2023-10-05 07:53:34.000000,""
100,0001000384,US,C-TECH INDUSTRIES INC, , , ,CAMAS, , , ,98607-8801,WA,NO TAX ID,C-TECH INDUSTRIES INC, ,CAMAS, , ,0,0, , ,0, , , ,2008-02-10 06:00:00.000000,YDR0068, ,NS EXIT,ZKRD,0060001965, , , ,E, , , , , , ,1900-01-01 06:00:00.000000,2012-03-20 05:00:00.000000, , , , ,X,X, ,X,4801100900, , , , , , , , , , , ,EP_MROC_MRO, , ,1900-01-01 06:00:00.000000,1900-01-01 06:00:00.000000, ,1900-01-01 06:00:00.000000, , , , , , , , , , , , , , , , , , , , ,0, , ,"","",false,2023-10-05 07:53:27.000000,""
100,0001000391,US,TECHNOMIC INC, , , ,CHICAGO, ,844640,02284-4640,60606-6637,IL,362590096,TECHNOMIC INC, ,CHICAGO, , ,0,0, , ,0, , , ,2008-02-10 06:00:00.000000,YDR0068, ,STRT NICHE,ZKRD,0060001972, , , ,E, , , , , , ,1900-01-01 06:00:00.000000,2015-06-01 05:00:00.000000, , ,BOSTON, ,X,X, ,X,1403184110, , , ,606, , , , , , , ,EP_SGA_Consumer Insights, , ,1900-01-01 06:00:00.000000,1900-01-01 06:00:00.000000, ,1900-01-01 06:00:00.000000, , , , , , , , , , , , , , , , , , , , ,0, , ,"","",false,2023-10-05 07:53:25.000000,""
100,0001000402,US,FULMER BROTHERS INC, , , ,VERO BEACH, ,202056,75320-2056,32966-6619,FL,NO TAX ID,FULMER BROTHERS INC, ,VERO BEACH, , ,0,0, , ,0,X, , ,2008-02-10 06:00:00.000000,YDR0068, ,NS TRANSAC,ZKRD,0060001980, , , ,E, , , , , , ,1900-01-01 06:00:00.000000,1900-01-01 06:00:00.000000, , ,DALLAS, ,X,X, ,X,1006100000, , , , , , , , , , , ,SCM Heavy Vendor, , ,1900-01-01 06:00:00.000000,1900-01-01 06:00:00.000000, ,1900-01-01 06:00:00.000000, , , , , , , , , , , , , , , , , , , , ,0, , ,"","",false,2023-10-05 07:53:25.000000,""
100,0001000404,US,FULTON COUNTY HEALTH CENTER, , , ,ARCHBOLD,FULTON,220, ,43502,OH,344428214,FULTON COUNTY HEALTH CENT, ,ARCHBOLD, , ,0,0, , ,0,X, , ,2008-02-10 06:00:00.000000,YDR0068, ,NS TRANSAC,ZKRD,0060001982, , , ,E, , , , , , ,1900-01-01 06:00:00.000000,1900-01-01 06:00:00.000000, , , , ,X,X, ,X,3605133000, , , , , , , , , , , ,SCM Heavy Vendor, , ,1900-01-01 06:00:00.000000,1900-01-01 06:00:00.000000, ,1900-01-01 06:00:00.000000, , , , , , , , , , , , , , , , , , , , ,0, , ,"","",false,2023-10-05 07:53:29.000000,""
100,0001000438,US,SOUTH OMAHA ARTS INSTITUTE, , , ,OMAHA,DOUGLAS,7350, ,68107-2741,NE,363932154,SOUTH OMAHA ARTS INSTITUT, ,OMAHA, , ,0,0, , ,0,X, , ,2008-02-10 06:00:00.000000,YDR0068, ,NS TRANSAC,ZKRD,0060002007, , , ,E, , , , , , ,1900-01-01 06:00:00.000000,1900-01-01 06:00:00.000000, , , , ,X,X, ,X,2805503000, , , , , , , , , , , ,SCM Heavy Vendor, , ,1900-01-01 06:00:00.000000,1900-01-01 06:00:00.000000, ,1900-01-01 06:00:00.000000, , , , , , , , , , , , , , , , , , , , ,0, , ,"","",false,2023-10-05 07:53:22.000000,""
100,0001000442,US,THERMO FISHER SCIENTIFIC INC, , , ,WALTHAM, ,712480,45271-2480,02451-1223,MA,NO TAX ID,THERMO FISHER SCIENTIFIC, ,WALTHAM, , ,0,0, , ,0, , , ,2008-02-10 06:00:00.000000,YDR0068, ,STRT NICHE,ZKRD,0060000673, , , ,E, , , , , , ,2012-06-06 05:00:00.000000,2011-08-16 05:00:00.000000, , ,CINCINNATI, ,X,X, ,X,2201710400, , , ,024, , , , , , , ,EP_MROC_MRO, , ,1900-01-01 06:00:00.000000,1900-01-01 06:00:00.000000, ,1900-01-01 06:00:00.000000, , , , , , , , , , , , , , , , , , , , ,0, , ,"","",false,2023-10-05 07:53:29.000000,""
100,0001000447,US,LARAIAS CHEESE CO INC, , , ,NANUET, ,9214,10954-9214,10954-2301,NY,133018680,LARAIAS CHEESE CO INC, ,NANUET, , ,0,0, , ,0,X, , ,2008-02-10 06:00:00.000000,YDR0068, ,NS TRANSAC,ZKRD,0060002012, , , ,E, , , , , , ,1900-01-01 06:00:00.000000,1900-01-01 06:00:00.000000, , , , ,X,X, ,X,3308739000, , , , , , , , , , , ,SCM Heavy Vendor, , ,1900-01-01 06:00:00.000000,1900-01-01 06:00:00.000000, ,1900-01-01 06:00:00.000000, , , , , , , , , , , , , , , , , , , , ,0, , ,"","",false,2023-10-05 07:53:20.000000,""
100,0001000456,US,LEDERMANS, , , ,EVANSDALE,BLACK HAWK, , ,50707-1025,IA,420713885,LEDERMANS, ,EVANSDALE, , ,0,0, , ,0,X, , ,2008-02-10 06:00:00.000000,YDR0068, ,NS TRANSAC,ZKRD,0060002020, , , ,E, , , , , , ,1900-01-01 06:00:00.000000,1900-01-01 06:00:00.000000, , , , ,X,X, ,X,1601303900, , , , , , , , , , , ,SCM Heavy Vendor, , ,1900-01-01 06:00:00.000000,1900-01-01 06:00:00.000000, ,1900-01-01 06:00:00.000000, , , , , , , , , , , , , , , , , , , , ,0, , ,"","",false,2023-10-05 07:53:37.000000,""
100,0001000462,US,PIKE COUNTY SCHOOL,FOOD SERVICES DIRECTOR, , ,PETERSBURG,PIKE, , ,47567-8378,IN,703909030,PIKE COUNTY SCHOOL,FOOD SERVICES DIRECTOR,PETERSBURG, , ,0,0, , ,0,X, , ,2008-02-10 06:00:00.000000,YDR0068, ,NS TRANSAC,ZKRD, , , , ,E, , , , , , ,1900-01-01 06:00:00.000000,1900-01-01 06:00:00.000000, , , , ,X,X, ,X,1512510400, , , , , , , , , , , ,NEP__Commodity Cheese, , ,1900-01-01 06:00:00.000000,1900-01-01 06:00:00.000000, ,1900-01-01 06:00:00.000000, , , , , , , , , , , , , , , , , , , , ,0, , ,"","",false,2023-10-05 07:53:21.000000,""
100,0001000463,US,POHL SPRING WORKS INC, , , ,SPOKANE VALLEY,SPOKANE, , ,99212-1023,WA,916030961,POHL SPRING WORKS INC, ,SPOKANE VALLEY, , ,0,0, , ,0,X, , ,2008-02-10 06:00:00.000000,YDR0068, ,NS TRANSAC,ZKRD,0060002026, , , ,E, , , , , , ,1900-01-01 06:00:00.000000,1900-01-01 06:00:00.000000, , , , ,X,X, ,X,4806300140, , , , , , , , , , , ,SCM Heavy Vendor, , ,1900-01-01 06:00:00.000000,1900-01-01 06:00:00.000000, ,1900-01-01 06:00:00.000000, , , , , , , , , , , , , , , , , , , , ,0, , ,"","",false,2023-10-05 07:53:35.000000,""
100,0001000467,US,MEYER PLASTICS INC, , , ,INDIANAPOLIS, , , ,46220-4816,IN,350859281,MEYER PLASTICS INC, ,INDIANAPOLIS, , ,0,0, , ,0, , , ,2008-02-10 06:00:00.000000,YDR0068, ,NS TRANSAC,ZKRD,0060002029, , , ,E, , , , , , ,1900-01-01 06:00:00.000000,2011-06-08 05:00:00.000000, , , , ,X,X, ,X,1509706700, , , , , , , , , , , ,EP_MROC_MRO, , ,1900-01-01 06:00:00.000000,1900-01-01 06:00:00.000000, ,1900-01-01 06:00:00.000000, , , , , , , , , , , , , , , , , , , , ,0, , ,"","",false,2023-10-05 07:53:42.000000,""
100,0001000469,US,BEARING DISTRIBUTORS INC, , , ,CLEVELAND, , , ,44125,OH,NO TAX ID,BEARING DISTRIBUTORS INC, ,CLEVELAND, , ,0,0, , ,0, , , ,2008-02-10 06:00:00.000000,YDR0068, ,NS EXIT,ZKRD,0060002030, , , ,E, , , , , , ,2010-06-08 05:00:00.000000,2011-06-07 05:00:00.000000, , , , ,X,X, ,X,3603509000, , , , , , , , , , , ,EP_MROC_MRO_MATERIAL VEND, , ,1900-01-01 06:00:00.000000,1900-01-01 06:00:00.000000, ,1900-01-01 06:00:00.000000, , , , , , , , , , , , , , , , , , , , ,0, , ,"","",false,2023-10-05 07:53:08.000000,""
100,0001000482,US,ZENZINGER INC,DBA WORKFORCE, , ,SUNBURY,NORTHUMBERLAND, , ,17801-3404,PA,232469836,ZENZINGER INC,DBA WORKFORCE,SUNBURY, , ,0,0, , ,0,X, , ,2008-02-10 06:00:00.000000,YDR0068, ,STRT NICHE,ZKRD,0060002038, , , ,E, , , , , , ,1900-01-01 06:00:00.000000,1900-01-01 06:00:00.000000, , , , ,X,X, ,X,3909737300, , , , , , , , , , , ,EP_SGA_Contingent Labor, , ,1900-01-01 06:00:00.000000,1900-01-01 06:00:00.000000, ,1900-01-01 06:00:00.000000, , , , , , , , , , , , , , , , , , , , ,0, , ,"","",false,2023-10-05 07:53:21.000000,""
100,0001000522,US,MANUFACTURES ASSOC OF CENTRAL PA, , , ,WILLIAMSPORT, , , ,17701-4193,PA,240773274,MANUFACTURES ASSOC OF CEN, ,WILLIAMSPORT, , ,0,0, , ,0,X, , ,2008-02-10 06:00:00.000000,YDR0068, ,NS TRANSAC,ZKRD,0060002073, , , ,E, , , , , , ,1900-01-01 06:00:00.000000,2008-12-04 06:00:00.000000, , , , ,X,X, ,X,3908142200, , , , , , , , , , , ,SCM Heavy Vendor, , ,1900-01-01 06:00:00.000000,1900-01-01 06:00:00.000000, ,1900-01-01 06:00:00.000000, , , , , , , , , , , , , , , , , , , , ,0, , ,"","",false,2023-10-05 07:53:23.000000,""
100,0001000523,US,YOAS SERVICES INC, , , ,WILLIAMSPORT,LYCOMING, , ,17701-6003,PA,231745292,YOAS SERVICES INC, ,WILLIAMSPORT, , ,0,0, , ,0,X, , ,2008-02-10 06:00:00.000000,YDR0068, ,NS EXIT,ZKRD,0060002074, , , ,E, , , , , , ,1900-01-01 06:00:00.000000,1900-01-01 06:00:00.000000, , , , ,X,X, ,X,3908142200, , , , , , , , , , , ,EP_MROC_MRO, , ,1900-01-01 06:00:00.000000,1900-01-01 06:00:00.000000, ,1900-01-01 06:00:00.000000, , , , , , , , , , , , , , , , , , , , ,0, , ,"","",false,2023-10-05 07:53:30.000000,""
100,0001000530,US,JUNIOR ACHIEVEMENT OF EASTERN,IOWA INC, , ,CEDAR RAPIDS, , , ,52401-1527,IA,420919209,JUNIOR ACHIEVEMENT OF EAS,IOWA INC,CEDAR RAPIDS, , ,0,0, , ,0, , , ,2008-02-10 06:00:00.000000,YDR0068, ,NS EXIT,ZKRD,0060002079, , , ,E, , , , , , ,1900-01-01 06:00:00.000000,2012-02-06 06:00:00.000000, , , , ,X,X, ,X,1611301600, , , , , , , , , , , ,EP_MROC_MRO, , ,1900-01-01 06:00:00.000000,1900-01-01 06:00:00.000000, ,1900-01-01 06:00:00.000000, , , , , , , , , , , , , , , , , , , , ,0, , ,"","",false,2023-10-05 07:53:20.000000,""
100,0001000531,US,VETERANS OF FOREIGN WARS,% JOHN KOSMAN, , ,MENOMONIE,DUNN, , ,54751-1058,WI,390831364,VETERANS OF FOREIGN WARS,% JOHN KOSMAN,MENOMONIE, , ,0,0, , ,0,X, , ,2008-02-10 06:00:00.000000,YDR0068, ,STRT NICHE,ZKRD,0060002080, , , ,E, , , , , , ,2011-06-27 05:00:00.000000,1900-01-01 06:00:00.000000, , , , ,X,X, ,X,5003306700, , , , , , , , , , , ,EP_SGA_Sponsorships, , ,1900-01-01 06:00:00.000000,1900-01-01 06:00:00.000000, ,1900-01-01 06:00:00.000000, , , , , , , , , , , , , , , , , , , , ,0, , ,"","",false,2023-10-05 07:53:26.000000,""
100,0001000533,US,PACKAGING & TECHNOLOGY INTEGRATED,SOLUTIONS LLC, , ,KALAMAZOO,KALAMAZOO, , ,49009-7724,MI,383570690,PACKAGING & TECHNOLOGY IN,SOLUTIONS LLC,KALAMAZOO, , ,0,0, , ,0,X, , ,2008-02-10 06:00:00.000000,YDR0068, ,NS TRANSAC,ZKRD,0060002082, , , ,E, , , , , , ,1900-01-01 06:00:00.000000,1900-01-01 06:00:00.000000, , , , ,X,X, ,X,2307709400, , , , , , , , , , , ,SCM Heavy Vendor, , ,1900-01-01 06:00:00.000000,1900-01-01 06:00:00.000000, ,1900-01-01 06:00:00.000000, , , , , , , , , , , , , , , , , , , , ,0, , ,"","",false,2023-10-05 07:53:30.000000,""
100,0001000535,US,MANISTEE AREA PUBLIC SCHOOLS,ATTN FOODSERVICE DIRECTOR, , ,MANISTEE,MANISTEE, , ,49660-2053,MI,NO TAX ID,MANISTEE AREA PUBLIC SCHO,ATTN FOODSERVICE DIRECTOR,MANISTEE, , ,0,0, , ,0,X, , ,2008-02-10 06:00:00.000000,YDR0068, ,NS TRANSAC,ZKRD, , , , ,E, , , , , , ,1900-01-01 06:00:00.000000,1900-01-01 06:00:00.000000, , , , ,X,X, ,X,2310110900, , , , , , , , , , , ,NEP__Commodity Cheese, , ,1900-01-01 06:00:00.000000,1900-01-01 06:00:00.000000, ,1900-01-01 06:00:00.000000, , , , , , , , , , , , , , , , , , , , ,0, , ,"","",false,2023-10-05 07:53:22.000000,""
100,0001000536,US,PIONEER SCHOOL DIST,FOOD SERVICES DIRECTOR, , ,ROYAL CENTER,CASS, , ,46978-9088,IN,351078773,PIONEER SCHOOL DIST,FOOD SERVICES DIRECTOR,ROYAL CENTER, , ,0,0, , ,0,X, , ,2008-02-10 06:00:00.000000,YDR0068, ,NS TRANSAC,ZKRD, , , , ,E, , , , , , ,1900-01-01 06:00:00.000000,1900-01-01 06:00:00.000000, , , , ,X,X, ,X,1501721530, , , , , , , , , , , ,NEP__Commodity Cheese, , ,1900-01-01 06:00:00.000000,1900-01-01 06:00:00.000000, ,1900-01-01 06:00:00.000000, , , , , , , , , , , , , , , , , , , , ,0, , ,"","",false,2023-10-05 07:53:20.000000,""
100,0001000548,US,LOWES INC,ATTN MAX SMITHEY, , ,LUBBOCK,LUBBOCK, , ,79404-3544,TX,751574481,LOWES INC,ATTN MAX SMITHEY,LUBBOCK, , ,0,0, , ,0,X, , ,2008-02-10 06:00:00.000000,YDR0068, ,NS TRANSAC,ZKRD,0060002093, , , ,E, , , , , , ,1900-01-01 06:00:00.000000,1900-01-01 06:00:00.000000, , , , ,X,X, ,X,4430318400, , , , , , , , , , , ,SCM Heavy Vendor, , ,1900-01-01 06:00:00.000000,1900-01-01 06:00:00.000000, ,1900-01-01 06:00:00.000000, , , , , , , , , , , , , , , , , , , , ,0, , ,"","",false,2023-10-05 07:53:22.000000,""
100,0001000552,US,UNITED WAY OF AMERICA, , , ,ALEXANDRIA, , , ,22314-2058,VA,NO TAX ID,UNITED WAY OF AMERICA, ,ALEXANDRIA, , ,0,0, , ,0, , , ,2008-02-10 06:00:00.000000,YDR0068, ,NS TRANSAC,ZKRD,0060002097, , , ,E, , , , , , ,2011-08-09 05:00:00.000000,1900-01-01 06:00:00.000000, , , , ,X,X, ,X,4751000200, , , , , , , , , , , ,NEP_SGA_Corp Comm, , ,1900-01-01 06:00:00.000000,1900-01-01 06:00:00.000000, ,1900-01-01 06:00:00.000000, , , , , , , , , , , , , , , , , , , , ,0, , ,"","",false,2023-10-05 07:53:42.000000,""
100,0001000558,US,BRIEM ENGINEERING, , , ,EARTH CITY,SAINT LOUIS, , ,63045-1120,MO,431633333,BRIEM ENGINEERING, ,EARTH CITY, , ,0,0, , ,0,X, , ,2008-02-10 06:00:00.000000,YDR0068, ,NS EXIT,ZKRD,0060002102, , , ,E, , , , , , ,1900-01-01 06:00:00.000000,1900-01-01 06:00:00.000000, , , , ,X,X, ,X,2618927090, , , , , , , , , , , ,EP_MROC_MRO, , ,1900-01-01 06:00:00.000000,1900-01-01 06:00:00.000000, ,1900-01-01 06:00:00.000000, , , , , , , , , , , , , , , , , , , , ,0, , ,"","",false,2023-10-05 07:53:08.000000,""
100,0001000560,US,STEPHENSONS CITY ELECTRIC INC,DBA CITY ELECTRIC INC, , ,RIVERSIDE, , , ,92503-1706,CA,330298653,STEPHENSONS CITY ELECTRIC,DBA CITY ELECTRIC INC,RIVERSIDE, , ,0,0, , ,0,X, , ,2008-02-10 06:00:00.000000,YDR0068, ,NS TRANSAC,ZKRD,0060002104, , , ,E, , , , , , ,2010-10-26 05:00:00.000000,2010-10-18 05:00:00.000000, , , , ,X,X, ,X,0506528700, , , , , , , , , , , ,Niche, , ,1900-01-01 06:00:00.000000,1900-01-01 06:00:00.000000, ,1900-01-01 06:00:00.000000, , , , , , , , , , , , , , , , , , , , ,0, , ,"","",false,2023-10-05 07:53:17.000000,""
100,0001000584,US,HAIFA CHEMICALS USA LLC, , , ,ALTAMONTE SPRINGS, , , ,32714-2589,FL,113416313,HAIFA CHEMICALS USA LLC, ,ALTAMONTE SPRINGS, , ,0,0, , ,0, , , ,2008-02-10 06:00:00.000000,YDR0068, ,STRT NICHE,ZKRD,0060004320, , , ,E, , , , , , ,1900-01-01 06:00:00.000000,2009-11-20 06:00:00.000000, , , , ,X,X, ,X,1011720800, , , , , , , , , , , ,EP_Non-Comm_Food Chemicals, , ,1900-01-01 06:00:00.000000,1900-01-01 06:00:00.000000, ,1900-01-01 06:00:00.000000, , , , , , , , , , , , , , , , , , , , ,0, , ,"","",false,2023-10-05 07:53:29.000000,""
100,0001000585,US,MARYVILLE UNIVERSITY,DEVELOPMENT, , ,SAINT LOUIS,SAINT LOUIS, , ,63141-5849,MO,430653369,MARYVILLE UNIVERSITY,DEVELOPMENT,SAINT LOUIS, , ,0,0, , ,0,X, , ,2008-02-10 06:00:00.000000,YDR0068, ,NS TRANSAC,ZKRD, , , , ,E, , , , , , ,1900-01-01 06:00:00.000000,1900-01-01 06:00:00.000000, , , , ,X,X, ,X,2618922000, , , , , , , , , , , ,NEP_SGA_Charities, , ,1900-01-01 06:00:00.000000,1900-01-01 06:00:00.000000, ,1900-01-01 06:00:00.000000, , , , , , , , , , , , , , , , , , , , ,0, , ,"","",false,2023-10-05 07:53:31.000000,""
100,0001000587,US,NETDESK CORPORATION, , , ,SEATTLE,KING, , ,98101-4074,WA,911675399,NETDESK CORPORATION, ,SEATTLE, , ,0,0, , ,0,X, , ,2008-02-10 06:00:00.000000,YDR0068, ,NS TRANSAC,ZKRD, , , , ,E, , , , , , ,1900-01-01 06:00:00.000000,1900-01-01 06:00:00.000000, , , , ,X,X, ,X,4803306500, , , , , , , , , , , ,SCM Heavy Vendor, , ,1900-01-01 06:00:00.000000,1900-01-01 06:00:00.000000, ,1900-01-01 06:00:00.000000, , , , , , , , , , , , , , , , , , , , ,0, , ,"","",false,2023-10-05 07:53:35.000000,""
100,0001000598,US,FIELDWORK CHICAGO-OHARE INC, , , ,CHICAGO, , , ,60631-3485,IL,363667298,FIELDWORK CHICAGO-OHARE I, ,CHICAGO, , ,0,0, , ,0, , , ,2008-02-10 06:00:00.000000,YDR0068, ,NS TRANSAC,ZKRD, , , , ,E, , , , , , ,1900-01-01 06:00:00.000000,1900-01-01 06:00:00.000000, , , , ,X,X, ,X,1403105100, , , , , , , , , , , ,SCM Heavy Vendor, , ,1900-01-01 06:00:00.000000,1900-01-01 06:00:00.000000, ,1900-01-01 06:00:00.000000, , , , , , , , , , , , , , , , , , , , ,0, , ,"","",false,2023-10-05 07:53:34.000000,""
100,0001000603,US,CHAMBER OF COMMERCE, , , ,CONNELL,FRANKLIN,401, ,99326,WA,911280855,CHAMBER OF COMMERCE, ,CONNELL, , ,0,0, , ,0,X, , ,2008-02-10 06:00:00.000000,YDR0068, ,NS TRANSAC,ZKRD, , , , ,E, , , , , , ,1900-01-01 06:00:00.000000,1900-01-01 06:00:00.000000, , , , ,X,X, ,X,4802116790, , , , , , , , , , , ,SCM Heavy Vendor, , ,1900-01-01 06:00:00.000000,1900-01-01 06:00:00.000000, ,1900-01-01 06:00:00.000000, , , , , , , , , , , , , , , , , , , , ,0, , ,"","",false,2023-10-05 07:53:37.000000,""
100,0001000621,US,STOLLE MACHINERY COMPANY LLC, , , ,ENGLEWOOD, , , ,80110-3460,CO,770616243,STOLLE MACHINERY COMPANY, ,ENGLEWOOD, , ,0,0, , ,0, , , ,2008-02-10 06:00:00.000000,YDR0068, ,STRT NICHE,ZKRD, , , , ,E, , , , , , ,1900-01-01 06:00:00.000000,2013-02-01 06:00:00.000000, , , , ,X,X, ,X,0600501800, , , , , , , , , , , ,EP_MROC_MRO, , ,1900-01-01 06:00:00.000000,1900-01-01 06:00:00.000000, ,1900-01-01 06:00:00.000000, , , , , , , , , , , , , , , , , , , , ,0, , ,"","",false,2023-10-05 07:53:25.000000,""
100,0001000632,US,KALMBACH STEVE,DBA KASCO, , ,GOLDEN, , , ,80401-3634,CO,521784133,KALMBACH STEVE,DBA KASCO,GOLDEN, , ,0,0, ,0005,0,X, , ,2008-02-10 06:00:00.000000,YDR0068, ,NS TRANSAC,ZKRD, , , , ,E, , , , , , ,1900-01-01 06:00:00.000000,1900-01-01 06:00:00.000000, , , , ,X,X, ,X,0605902300, , , , , , , , , , , ,SCM Heavy Vendor, , ,1900-01-01 06:00:00.000000,1900-01-01 06:00:00.000000, ,1900-01-01 06:00:00.000000, , , , , , , , , , , , , , , , , , , , ,0, , ,"","",false,2023-10-05 07:53:23.000000,""
100,0001000638,US,NETHER INDUSTRIES INC, , , ,ENUMCLAW, , , ,98022,WA,911732158,NETHER INDUSTRIES INC, ,ENUMCLAW, , ,0,0, , ,0, , , ,2008-02-10 06:00:00.000000,YDR0068, ,NS TRANSAC,ZKRD, , , , ,E, , , , , , ,2018-04-24 05:00:00.000000,1900-01-01 06:00:00.000000, , , , ,X,X, ,X,4803302100, , , , , , , , , , , ,EP_MROC_MRO_MATERIAL VEND, , ,1900-01-01 06:00:00.000000,1900-01-01 06:00:00.000000, ,1900-01-01 06:00:00.000000, , , , , , , , , , , , , , , , , , , , ,0, , ,"","",false,2023-10-05 07:53:28.000000,""
100,0001000646,US,OCCIDENTAL CHEMICAL CORP, , , ,DALLAS,DALLAS, , ,75254,TX,160484732,OCCIDENTAL CHEMICAL CORP, ,DALLAS, , ,0,0, , ,0, , , ,2008-02-10 06:00:00.000000,YDR0068, ,STRT CORE,ZKRD,0060004322, , , ,E, , , , , , ,2010-07-28 05:00:00.000000,2010-06-18 05:00:00.000000, , , , ,X,X, ,X,4411307600, , , , , , , , , , , ,EP_Non-Comm_Food Chemicals, , ,1900-01-01 06:00:00.000000,1900-01-01 06:00:00.000000, ,1900-01-01 06:00:00.000000, , , , , , , , , , , , , , , , , , , , ,0, , ,"","",false,2023-10-05 07:53:29.000000,""
100,0001000654,US,FUJITSU CONSULTING INC,MS122, , ,SUNNYVALE, , , ,94085-5401,CA,222584339,FUJITSU CONSULTING INC,MS122,SUNNYVALE, , ,0,0, , ,0, , , ,2008-02-10 06:00:00.000000,YDR0068, ,STRT CORE,ZKRD, , , , ,E, , , , , , ,1900-01-01 06:00:00.000000,2009-05-06 05:00:00.000000, , , , ,X,X, ,X,0508535300, , , , , , , , , , , ,EP_SGA_IT Consultants, , ,1900-01-01 06:00:00.000000,1900-01-01 06:00:00.000000, ,1900-01-01 06:00:00.000000, , , , , , , , , , , , , , , , , , , , ,0, , ,"","",false,2023-10-05 07:53:41.000000,""
100,0001000655,US,VIMPEX INTERNATIONAL CORP, , , ,NEWPORT BEACH, , , ,92660,CA,953593555,VIMPEX INTERNATIONAL CORP, ,NEWPORT BEACH, , ,0,0, , ,0, , , ,2008-02-10 06:00:00.000000,YDR0068, ,STRT NICHE,ZKRD,0060003613, , , ,E, , , , , , ,1900-01-01 06:00:00.000000,2013-08-08 05:00:00.000000, , , , ,X,X, ,X,0505922700, , , , , , , , , , , ,EP_Fruits & Vegetables_Veggies, , ,1900-01-01 06:00:00.000000,1900-01-01 06:00:00.000000, ,1900-01-01 06:00:00.000000, , , , , , , , , , , , , , , , , , , , ,0, , ,"","",false,2023-10-05 07:53:13.000000,""
100,0001000675,AR,BREA SOLANS & ASOCIADOS SC,AUDITORES Y CONSULTORES, , ,BUENOS AIRES, , , ,1106,01,NO TAX ID,BREA SOLANS & ASOCIADOS S,AUDITORES Y CONSULTORES,BUENOS AIRES, , ,0,0, , ,0,X, , ,2008-02-10 06:00:00.000000,YDR0068, ,NS TRANSAC,ZKRD, , , , ,E, , , , , , ,1900-01-01 06:00:00.000000,1900-01-01 06:00:00.000000, , , , ,X,X, ,X, , , , , , , , , , , , ,SCM Heavy Vendor, , ,1900-01-01 06:00:00.000000,1900-01-01 06:00:00.000000, ,1900-01-01 06:00:00.000000, , , , , , , , , , , , , , , , , , , , ,0, , ,"","",false,2023-10-05 07:53:29.000000,""
100,0001000679,US,C3RESEARCH LLC, , , ,ORLANDO, , , ,32817-1430,FL,043697547,C3RESEARCH LLC, ,ORLANDO, , ,0,0, , ,0,X, , ,2008-02-10 06:00:00.000000,YDR0068, ,NS TRANSAC,ZKRD, , , , ,E, , , , , , ,1900-01-01 06:00:00.000000,1900-01-01 06:00:00.000000, , , , ,X,X, ,X,1009500000, , , , , , , , , , , ,SCM Heavy Vendor, , ,1900-01-01 06:00:00.000000,1900-01-01 06:00:00.000000, ,1900-01-01 06:00:00.000000, , , , , , , , , , , , , , , , , , , , ,0, , ,"","",false,2023-10-05 07:53:37.000000,""
100,0001000682,CR,EL ANGEL SA,RESPONSABLE #7386-ED 1684, , ,SAN JOSE, , , ,1000,CR,NO TAX ID,EL ANGEL SA,RESPONSABLE #7386-ED 1684,SAN JOSE, , ,0,0, , ,0,X, , ,2008-02-10 06:00:00.000000,YDR0068, ,NS TRANSAC,ZKRD, , , , ,E, , , , , , ,1900-01-01 06:00:00.000000,1900-01-01 06:00:00.000000, , , , ,X,X, ,X, , , , , , , , , , , , ,SCM Heavy Vendor, , ,1900-01-01 06:00:00.000000,1900-01-01 06:00:00.000000, ,1900-01-01 06:00:00.000000, , , , , , , , , , , , , , , , , , , , ,0, , ,"","",false,2023-10-05 07:53:37.000000,""
100,0001000685,US,ACE SECURITY CENTER INC, , , ,INDIANAPOLIS,MARION, , ,46202-1734,IN,351872342,ACE SECURITY CENTER INC, ,INDIANAPOLIS, , ,0,0, , ,0,X, , ,2008-02-10 06:00:00.000000,YDR0068, ,NS TRANSAC,ZKRD, , , , ,E, , , , , , ,1900-01-01 06:00:00.000000,1900-01-01 06:00:00.000000, , , , ,X,X, ,X,1509706700, , , , , , , , , , , ,SCM Heavy Vendor, , ,1900-01-01 06:00:00.000000,1900-01-01 06:00:00.000000, ,1900-01-01 06:00:00.000000, , , , , , , , , , , , , , , , , , , , ,0, , ,"","",false,2023-10-05 07:53:37.000000,""
100,0001000689,US,VENTURE FOODS INC, , , ,FOND DU LAC, , , ,54935-2255,WI,954589254,VENTURE FOODS INC, ,FOND DU LAC, , ,0,0, , ,0, , , ,2008-02-10 06:00:00.000000,YDR0068, ,NS TRANSAC,ZKRD, , , , ,E, , , , , , ,1900-01-01 06:00:00.000000,1900-01-01 06:00:00.000000, , , , ,X,X, ,X,5003903000, , , , , , , , , , , ,SCM Heavy Vendor, , ,1900-01-01 06:00:00.000000,1900-01-01 06:00:00.000000, ,1900-01-01 06:00:00.000000, , , , , , , , , , , , , , , , , , , , ,0, , ,"","",false,2023-10-05 07:53:37.000000,""
100,0001000691,US,MILLIKEN & COMPANY, , , ,SPARTANBURG, ,1926, ,29303-4906,SC,570988687,MILLIKEN & COMPANY, ,SPARTANBURG, , ,0,0, , ,0, , , ,2008-02-10 06:00:00.000000,YDR0068, ,NS EXIT,ZKRD, , , , ,E, , , , , , ,1900-01-01 06:00:00.000000,2012-06-05 05:00:00.000000, , , , ,X,X, ,X,4108300000, , , , , , , , , , , ,EP_SGA_Supply Chain, , ,1900-01-01 06:00:00.000000,1900-01-01 06:00:00.000000, ,1900-01-01 06:00:00.000000, , , , , , , , , , , , , , , , , , , , ,0, , ,"","",false,2023-10-05 07:53:38.000000,""
100,0001000706,US,RYANS PORTABLE WASH, , , ,OAKDALE,STANISLAUS,965, ,95361,CA,943048688,RYANS PORTABLE WASH, ,OAKDALE, , ,0,0, , ,0,X, , ,2008-02-10 06:00:00.000000,YDR0068, ,NS TRANSAC,ZKRD, , , , ,E, , , , , , ,1900-01-01 06:00:00.000000,1900-01-01 06:00:00.000000, , , , ,X,X, ,X,0509923400, , , , , , , , , , , ,SCM Heavy Vendor, , ,1900-01-01 06:00:00.000000,1900-01-01 06:00:00.000000, ,1900-01-01 06:00:00.000000, , , , , , , , , , , , , , , , , , , , ,0, , ,"","",false,2023-10-05 07:53:41.000000,""
100,0001000710,US,NORTH CENTRAL COMPANIES INC, , , ,MINNETONKA,HENNEPIN, , ,55305-5226,MN,411468686,NORTH CENTRAL COMPANIES I, ,MINNETONKA, , ,0,0, , ,0, , , ,2008-02-10 06:00:00.000000,YDR0068, ,NS TRANSAC,ZKRD, , , , ,E, , , , , , ,1900-01-01 06:00:00.000000,1900-01-01 06:00:00.000000, , , , ,X,X, ,X,2405306600, , , , , , , , , , , ,SCM Heavy Vendor, , ,1900-01-01 06:00:00.000000,1900-01-01 06:00:00.000000, ,1900-01-01 06:00:00.000000, , , , , , , , , , , , , , , , , , , , ,0, , ,"","",false,2023-10-05 07:53:12.000000,""
100,0001000720,US,NATIONALEASE OF KANSAS CITY INC, , , ,KANSAS CITY,WYANDOTTE, , ,66118-1126,KS,440648226,NATIONALEASE OF KANSAS CI, ,KANSAS CITY, , ,0,0, , ,0,X, , ,2008-02-10 06:00:00.000000,YDR0068, ,NS TRANSAC,ZKRD, , , , ,E, , , , , , ,1900-01-01 06:00:00.000000,1900-01-01 06:00:00.000000, , , , ,X,X, ,X,1720904400, , , , , , , , , , , ,SCM Heavy Vendor, , ,1900-01-01 06:00:00.000000,1900-01-01 06:00:00.000000, ,1900-01-01 06:00:00.000000, , , , , , , , , , , , , , , , , , , , ,0, , ,"","",false,2023-10-05 07:53:17.000000,""
100,0001000721,DE,MARITIME FREIGHT FORWARDERS GMBH, , , ,SYKE, , , ,28857,03,NO TAX ID,MARITIME FREIGHT FORWARDE, ,SYKE, , ,0,0, , ,0, , , ,2008-02-10 06:00:00.000000,YDR0068, ,NS TRANSAC,ZKRD, , , , ,E, , , , , , ,1900-01-01 06:00:00.000000,1900-01-01 06:00:00.000000, , , , ,X,X, ,X, , , , , , , , , , , , ,NEP_Transportation, , ,1900-01-01 06:00:00.000000,1900-01-01 06:00:00.000000, ,1900-01-01 06:00:00.000000, , , , , , , , , , , , , , , , , , , , ,0, , ,"","",false,2023-10-05 07:53:38.000000,""
100,0001000733,US,NORTHWEST MOTION INC, , , ,ISSAQUAH,KING, , ,98027-2707,WA,911502847,NORTHWEST MOTION INC, ,ISSAQUAH, , ,0,0, , ,0,X, , ,2008-02-10 06:00:00.000000,YDR0068, ,NS TRANSAC,ZKRD, , , , ,E, , , , , , ,1900-01-01 06:00:00.000000,1900-01-01 06:00:00.000000, , , , ,X,X, ,X,4803314100, , , , , , , , , , , ,EP_MROC_MRO, , ,1900-01-01 06:00:00.000000,1900-01-01 06:00:00.000000, ,1900-01-01 06:00:00.000000, , , , , , , , , , , , , , , , , , , , ,0, , ,"","",false,2023-10-05 07:53:29.000000,""
