client,customer_number,country_key,name,name_2,city,postal_code,region,sort_field,one_time_account_indicator,address,matchcode_search_term_1,matchcode_search_term_2,matchcode_search_term_3,title_anred,central_order_block_customer,express_train_station,train_station,international_location_number_1,international_location_number_2,authorization_group,industry_key,check_digit_international_location,data_communication_line_num,record_created_on,object_created_by,unloading_points_exist_ind,central_billing_block_customer,working_time_calendar,group_key,customer_account_group,customer_classification,acc_num_vendor_creditor,central_delivery_block_customer,city_coordinates,master_record_central_deletion_flag,name_3,name_4,nielsen_id,district,po_box,po_box_postal_code,county_code,city_code,regional_market,central_posting_block,language_text,transportation_zone,alternate_payer_allowed_ind,company_id,competitor_indicator,sales_partner_indicator,ales_prospect_indicator,customer_type_4_indicator,id_default_sold_party,legal_status,industry_code_1,industry_code_2,industry_code_3,industry_code_4,industry_code_5,initial_contact,annual_sales_umsat,year_sales_given,currency_sales_figure,yearly_number_of_employees,year_number_of_employees_given,attribute_1,attribute_2,attribute_3,attribute_4,attribute_5,attribute_6,attribute_7,attribute_8,attribute_9,attribute_10,natural_person,annual_sales_umsa1,fiscal_year_variant,usage_indicator,inspection_carried_by_customer,inspection_note_outbound_delivery,reference_account_group_one_time_account,po_box_city,plant,data_medium_exchange_indicator,data_medium_exchange_instruction_key,data_transfer_status,assignment_hierarchy,payment_block,isrlabeling_customer_plant_group,id_non_military_use,id_military_use,customer_condition_group_1,customer_condition_group_2,customer_condition_group_3,customer_condition_group_4,customer_condition_group_5,alternative_payer_account_number_ind,customer_icms_exempt,customer_ipi_exempt,tax_substitution_calc,customer_cfop_category,tax_law_icms,tax_law_ipi,biochemical_warfare_control_ind,nuclear_nonproliferation_control_ind,national_security_legal_control_ind,missile_technology_control_indicator,central_sales_block_customer,uniform_resource_locator,representative_name,business_type,industry_type,change_authorization_status_central,changes_confirmation_status,last_change_confirmation_time,master_record_central_deletion_block,indicator_consumer,business_purpose_completed_flag,suframa_code,rg_number,issued_by,state,rg_issuing_date,ric_number,foreign_national_registration,rne_issuing_date,cnae,legal_nature,crt_number,icms_taxpayer,industry_main_type,tax_declaration_type,company_size,declaration_regimen_pis_or_cofins,customer_group_cgr1,customer_group_cgr2,customer_group_cgr3,customer_group_cgr4,customer_group_cgr5,automatic_indicator,max_stacking_height_packaging_material,unit_length_packaging_material,customer_packaging_material_vso,packaging_material_customer_vso,layers_under_inter_pallet,specific_packaging_material,package_type_each_pkm,side_preference_loading_unloading,loading_unloading_preference_vso,collective_unloading_point,agency_location_code,payment_office,processor_group,subledger_acct_preprocessing_procedure,name_1_pson1,name_2_pson2,name_3_pson3,first_name,title_psotl,description_soo1,description_soo2,description_soo3,description_soo4,description_soo5,tdlinx_account_code,tdlinx_store_code,freight_zone,delivery_carrier,delivery_options,f3_truck,uom,f3_rail,uom_f3_rail,is_quarantined,__start_at,__end_at
100,0000000540,US,MOTLEY PLANT, ,MOTLEY,56466,MN,MOTLEY PLA, ,0000281740,MOTLEY PLANT, ,MOTLEY, , , , ,0,0, , ,0, ,2009-08-05 05:00:00.000000,ZPS0093, , , , ,Z210, , , , , , , , ,MORRISON,188,56466-0000, , , , ,E,564, , , , , , , , , , , , , , ,0.00,0, ,0,0,Y,5A, , , , , , , , , ,0.00, , , , , , , , , ,X,0, , , , , , , , , , , , , , , , , , , , , , , , , , ,1900-01-01 06:00:00.000000,1900-01-01 06:00:00.000000, , , , , , , ,1900-01-01 06:00:00.000000,0, ,1900-01-01 06:00:00.000000, ,0, , , , , , , , , , , , ,0.000, , , ,0, , ,0,0, , , , , , , , , , , , , , , , , , , , ,0.000, ,0.000, ,false,2023-09-06 18:23:43.000000,2023-10-20 08:35:08.000000
100,0000000540,US,MOTLEY PLANT, ,MOTLEY,56466,MN,MOTLEY PLA, ,0000259007,MOTLEY PLANT, ,MOTLEY, , , , ,0,0, , ,0, ,2007-06-11 05:00:00.000000,YGV0001, , , , ,Z210, , , , , , , , ,MORRISON,188,56466-0000, , , , ,E,564, , , , , , , , , , , , , , ,0.00,0, ,0,0,Y,5A, , , , , , , , , ,0.00, , , , , , , , , ,X,0, , , , , , , , , , , , , , , , , , , , , , , , , , ,1900-01-01 06:00:00.000000,1900-01-01 06:00:00.000000, , , , , , , ,1900-01-01 06:00:00.000000,0, ,1900-01-01 06:00:00.000000, ,0, , , , , , , , , , , , ,0.000, , , ,0, , ,0,0, , , , , , , , , , , , , , , , , , , , ,0.000, ,0.000, ,false,2023-10-20 08:35:08.000000,""
100,0000000663,US,OWENSBORO - UNILEVER, ,OWENSBORO,42303,KY,BERTOLLI, ,0000536535,OWENSBORO - UNILEVER, ,OWENSBORO, , , , ,0,0, , ,0, ,2012-09-05 05:00:00.000000,ZSA0145, , , , ,Z210, , , , , , , , ,DAVIESS, , , , , , ,E,423, , , , , , , , , , , , , , ,0.00,0, ,0,0, , , , , , , , , , , ,0.00, , , , , , , , , ,X,0, , , , , , , , , , , , , , , , , , , , , , , , , , ,1900-01-01 06:00:00.000000,1900-01-01 06:00:00.000000, , , , , , , ,1900-01-01 06:00:00.000000,0, ,1900-01-01 06:00:00.000000, ,0, , , , , , , , , , , , ,0.000, , , ,0, , ,0,0, , , , , , , , , , , , , , , , , , , , ,0.000, ,0.000, ,false,2023-09-06 18:23:44.000000,2023-10-20 08:35:15.000000
100,0000000663,US,OWENSBORO - UNILEVER, ,Owensboro,42303-1421,KY,OWENSBORO, ,0000851004,OWENSBORO - UNILEVER, ,OWENSBORO, , , , ,0,0, , ,0, ,2012-09-27 05:00:00.000000,ZAL0102, , , , ,Z210, , , , , , , , ,DAVIESS, , , , , , ,E,423, ,001000, , , , , , , , , , , , ,0.00,0, ,0,0,Y,4Z, , , , , , , , , ,0.00, , , , , , , , , ,X,0, , , , , , , , , , , , , , , , , , , , , , , , , , ,1900-01-01 06:00:00.000000,1900-01-01 06:00:00.000000, , , , , , , ,1900-01-01 06:00:00.000000,0, ,1900-01-01 06:00:00.000000, ,0, , , , , , , , , , , , ,0.000, , , ,0, , ,0,0, , , , , , , , , , , , , , , , , , , , ,0.000, ,0.000, ,false,2023-10-20 08:35:15.000000,""
100,0000000665,US,MONTCHEVRE-BETIN, ,BELMONT,53510,WI,MONTCHEVRE, ,0000281749,MONTCHEVRE-BETIN, ,BELMONT, , , , ,0,0, , ,0, ,2009-08-05 05:00:00.000000,ZPS0093, , , , ,Z210, , , , , , , , ,LAFAYETTE, , , , , , ,E,535, , , , , , , , , , , , , , ,0.00,0, ,0,0, ,3D, , , , , , , , , ,0.00, , , , , , , , , ,X,0, , , , , , , , , , , , , , , , , , , , , , , , , , ,1900-01-01 06:00:00.000000,1900-01-01 06:00:00.000000, , , , , , , ,1900-01-01 06:00:00.000000,0, ,1900-01-01 06:00:00.000000, ,0, , , , , , , , , , , , ,0.000, , , ,0, , ,0,0, , , , , , , , , , , , , , , , , , , , ,0.000, ,0.000, ,false,2023-09-06 18:23:43.000000,2023-10-20 08:35:09.000000
100,0000000665,US,MONTCHEVRE-BETIN, ,BELMONT,53510,WI,MONTCHEVRE, ,0000259121,MONTCHEVRE-BETIN, ,BELMONT, , , , ,0,0, , ,0, ,2007-06-11 05:00:00.000000,YGV0001, , , , ,Z210, , , , , , , , ,LAFAYETTE, , , , , , ,E,535, , , , , , , , , , , , , , ,0.00,0, ,0,0, ,3D, , , , , , , , , ,0.00, , , , , , , , , ,X,0, , , , , , , , , , , , , , , , , , , , , , , , , , ,1900-01-01 06:00:00.000000,1900-01-01 06:00:00.000000, , , , , , , ,1900-01-01 06:00:00.000000,0, ,1900-01-01 06:00:00.000000, ,0, , , , , , , , , , , , ,0.000, , , ,0, , ,0,0, , , , , , , , , , , , , , , , , , , , ,0.000, ,0.000, ,false,2023-10-20 08:35:09.000000,""
100,0000000714,US,"SCHREIBER FOODS, INC.", ,WISCONSIN RAPIDS,54495,WI,SCHREIBER, ,0000281765,"SCHREIBER FOODS, INC.", ,WISCONSIN RAPIDS, , , , ,0,0, , ,0, ,2009-08-05 05:00:00.000000,ZPS0093, , , , ,Z210, , , , , , , , ,WOOD, , , , , , ,E,544, , , , , , , , , , , , , , ,0.00,0, ,0,0, ,4Z, , , , , , , , , ,0.00, , , , , , , , , ,X,0, , , , , , , , , , , , , , , , , , , , , , , , , , ,1900-01-01 06:00:00.000000,1900-01-01 06:00:00.000000, , , , , , , ,1900-01-01 06:00:00.000000,0, ,1900-01-01 06:00:00.000000, ,0, , , , , , , , , , , , ,0.000, , , ,0, , ,0,0, , , , , , , , , , , , , , , , , , , , ,0.000, ,0.000, ,false,2023-09-06 18:23:32.000000,2023-10-20 08:35:17.000000
100,0000000714,US,"SCHREIBER FOODS, INC.", ,WISCONSIN RAPIDS,54495,WI,SCHREIBER, ,0000259184,"SCHREIBER FOODS, INC.", ,WISCONSIN RAPIDS, , , , ,0,0, , ,0, ,2007-06-11 05:00:00.000000,YGV0001, , , , ,Z210, , , , , , , , ,WOOD, , , , , , ,E,544, , , , , , , , , , , , , , ,0.00,0, ,0,0, ,4Z, , , , , , , , , ,0.00, , , , , , , , , ,X,0, , , , , , , , , , , , , , , , , , , , , , , , , , ,1900-01-01 06:00:00.000000,1900-01-01 06:00:00.000000, , , , , , , ,1900-01-01 06:00:00.000000,0, ,1900-01-01 06:00:00.000000, ,0, , , , , , , , , , , , ,0.000, , , ,0, , ,0,0, , , , , , , , , , , , , , , , , , , , ,0.000, ,0.000, ,false,2023-10-20 08:35:17.000000,""
100,0000002102,US,NEWPORT  PLANT, ,NEWPORT,37821,TN,NEWPORT  P, ,0000226903,NEWPORT  PLANT, ,NEWPORT, , , , ,0,0, , ,0, ,2007-04-24 05:00:00.000000,ZNS0008, , , , ,Z210, , , , , , , , ,COCKE, , , , , , ,E,378, , , , , , , , , , , , , , ,0.00,0, ,0,0,Y,4K, , , , , , , , , ,0.00, , , , , , , , , ,X,0, , , , , , , , , , , , , , , , , , , , , , , , , , ,1900-01-01 06:00:00.000000,1900-01-01 06:00:00.000000, , , , , , , ,1900-01-01 06:00:00.000000,0, ,1900-01-01 06:00:00.000000, ,0, , , , , , , , , , , , ,0.000, , , ,0, , ,0,0, , , , , , , , , , , , , , , , , , , , ,0.000, ,0.000, ,false,2023-09-06 18:23:28.000000,2023-10-20 08:35:13.000000
100,0000002102,US,NEWPORT  PLANT, ,Newport,37821-5951,TN,NEWPORT  P, ,0000259082,NEWPORT  PLANT, ,NEWPORT, , , , ,0,0, , ,0, ,2007-06-11 05:00:00.000000,YGV0001, , , , ,Z210, , , , , , , , ,COCKE, , , , , , ,E,378, , , , , , , , , , , , , , ,0.00,0, ,0,0,Y,4K, , , , , , , , , ,0.00, , , , , , , , , ,X,0, , , , , , , , , , , , , , , , , , , , , , , , , , ,1900-01-01 06:00:00.000000,1900-01-01 06:00:00.000000, , , , , , , ,1900-01-01 06:00:00.000000,0, ,1900-01-01 06:00:00.000000, ,0, , , , , , , , , , , , ,0.000, , , ,0, , ,0,0, , , , , , , , , , , , , , , , , , , , ,0.000, ,0.000, ,false,2023-10-20 08:35:13.000000,""
100,0000002106,US,HUMBOLDT PLANT, ,HUMBOLDT,38343,TN,HUMBOLDT P, ,0000226687,HUMBOLDT PLANT, ,HUMBOLDT, , , , ,0,0, , ,0, ,2007-04-10 05:00:00.000000,ZJZ0020, , , , ,Z210, , , , , , , , ,GIBSON, , , , , , ,E,383, , , , , , , , , , , , , , ,0.00,0, ,0,0,Y,4K, , , , , , , , , ,0.00, , , , , , , , , ,X,0, , , , , , , , , , , , , , , , , , , , , , , , , , ,1900-01-01 06:00:00.000000,1900-01-01 06:00:00.000000, , , , , , , ,1900-01-01 06:00:00.000000,0, ,1900-01-01 06:00:00.000000, ,0, , , , , , , , , , , , ,0.000, , , ,0, , ,0,0, , , , , , , , , , , , , , , , , , , , ,0.000, ,0.000, ,false,2023-09-06 18:23:35.000000,2023-10-20 08:35:13.000000
100,0000002106,US,HUMBOLDT PLANT, ,HUMBOLDT,38343,TN,HUMBOLDT P, ,0000258986,HUMBOLDT PLANT, ,HUMBOLDT, , , , ,0,0, , ,0, ,2007-06-11 05:00:00.000000,YGV0001, , , , ,Z210, , , , , , , , ,GIBSON, , , , , , ,E,383, , , , , , , , , , , , , , ,0.00,0, ,0,0,Y,4K, , , , , , , , , ,0.00, , , , , , , , , ,X,0, , , , , , , , , , , , , , , , , , , , , , , , , , ,1900-01-01 06:00:00.000000,1900-01-01 06:00:00.000000, , , , , , , ,1900-01-01 06:00:00.000000,0, ,1900-01-01 06:00:00.000000, ,0, , , , , , , , , , , , ,0.000, , , ,0, , ,0,0, , , , , , , , , , , , , , , , , , , , ,0.000, ,0.000, ,false,2023-10-20 08:35:13.000000,""
100,0000002123,MX,CONAGRA, ,OBRERO IRAPUATO,36680,GTO,CONAGRA, ,0000281771,CONAGRA, ,OBRERO IRAPUATO, , , , ,0,0, , ,0, ,2009-08-05 05:00:00.000000,ZPS0093, , , , ,Z210, , , , , , , , , , , , , , , ,E,MX, , , , , , , , , , , , , , ,0.00,0, ,0,0, ,5C, , , , , , , , , ,0.00, , , , , , , , , ,X,0, , , , , , , , , , , , , , , , , , , , , , , , , , ,1900-01-01 06:00:00.000000,1900-01-01 06:00:00.000000, , , , , , , ,1900-01-01 06:00:00.000000,0, ,1900-01-01 06:00:00.000000, ,0, , , , , , , , , , , , ,0.000, , , ,0, , ,0,0, , , , , , , , , , , , , , , , , , , , ,0.000, ,0.000, ,false,2023-09-06 18:23:32.000000,2023-10-20 08:35:16.000000
100,0000002123,MX,IRAPUATO PLANT, ,OBRERO IRAPUATO,36680,GTO,IRAPUATO P, ,0000259164,IRAPUATO PLANT, ,OBRERO IRAPUATO, , , , ,0,0, , ,0, ,2007-06-11 05:00:00.000000,YGV0001, , , , ,Z210, , , , , , , , , , , , , , , ,E,366, , , , , , , , , , , , , , ,0.00,0, ,0,0, ,4K, , , , , , , , , ,0.00, , , , , , , , , ,X,0, , , , , , , , , , , , , , , , , , , , , , , , , , ,1900-01-01 06:00:00.000000,1900-01-01 06:00:00.000000, , , , , , , ,1900-01-01 06:00:00.000000,0, ,1900-01-01 06:00:00.000000, ,0, , , , , , , , , , , , ,0.000, , , ,0, , ,0,0, , , , , , , , , , , , , , , , , , , , ,0.000, ,0.000, ,false,2023-10-20 08:35:16.000000,2023-11-28 09:15:52.000000
100,0000002123,MX,IRAPUATO PLANT, ,OBRERO IRAPUATO,36680,GTO,IRAPUATO P, ,0000259164,IRAPUATO PLANT, ,OBRERO IRAPUATO, , , , ,0,0, , ,0, ,2007-06-11 05:00:00.000000,YGV0001, , , , ,Z210, , , , , , , , ,District Test, , , , , , ,E,366, , , , , , , , , , , , , , ,0.00,0, ,0,0, ,4K, , , , , , , , , ,0.00, , , , , , , , , ,X,0, , , , , , , , , , , , , , , , , , , , , , , , , , ,1900-01-01 06:00:00.000000,1900-01-01 06:00:00.000000, , , , , , , ,1900-01-01 06:00:00.000000,0, ,1900-01-01 06:00:00.000000, ,0, , , , , , , , , , , , ,0.000, , , ,0, , ,0,0, , , , , , , , , , , , , , , , , , , , ,0.000, ,0.000, ,false,2023-11-28 09:15:52.000000,2024-01-10 09:23:27.000000
100,0000002123,MX,IRAPUATO PLANT, ,IRAPUATO,36680,GUA,IRAPUATO P, ,0000259164,IRAPUATO PLANT, ,IRAPUATO, , , , ,0,0, , ,0, ,2007-06-11 05:00:00.000000,YGV0001, , , , ,Z210, , , , , , , , ,IRAPUATO, , , , , , ,E,366, , , , , , , , , , , , , , ,0.00,0, ,0,0, ,4K, , , , , , , , , ,0.00, , , , , , , , , ,X,0, , , , , , , , , , , , , , , , , , , , , , , , , , ,1900-01-01 06:00:00.000000,1900-01-01 06:00:00.000000, , , , , , , ,1900-01-01 06:00:00.000000,0, ,1900-01-01 06:00:00.000000, ,0, , , , , , , , , , , , ,0.000, , , ,0, , ,0,0, , , , , , , , , , , , , , , , , , , , ,0.000, ,0.000, ,false,2024-01-10 09:23:27.000000,""
100,0000002128,US,TRENTON PLANTA1, ,TRENTON,64683,MO,TRENTON PL, ,0000277041,TRENTON PLANTA1, ,TRENTON, , , , ,0,0, , ,0, ,2009-05-26 05:00:00.000000,YCL0049, , , , ,Z210, , , , , , , , ,GRUNDY, , , , , , ,E,646, , , , , , , , , , , , , , ,0.00,0, ,0,0,Y,4K, , , , , , , , , ,0.00, , , , , , , , , ,X,0, , , , , , , , , , , , , , , , , , , , , , , , , , ,1900-01-01 06:00:00.000000,1900-01-01 06:00:00.000000, , , , , , , ,1900-01-01 06:00:00.000000,0, ,1900-01-01 06:00:00.000000, ,0, , , , , , , , , , , , ,0.000, , , ,0, , ,0,0, , , , , , , , , , , , , , , , , , , , ,0.000, ,0.000, ,false,2023-09-06 18:23:35.000000,2023-10-20 08:35:11.000000
100,0000002128,US,TRENTON PLANT, ,TRENTON,64683,MO,TRENTON PL, ,0000259110,TRENTON PLANT, ,TRENTON, , , , ,0,0, , ,0, ,2007-06-11 05:00:00.000000,YGV0001, , , , ,Z210, , , , , , , , ,GRUNDY, , , , , , ,E,646, , , , , , , , , , , , , , ,0.00,0, ,0,0,Y,4K, , , , , , , , , ,0.00, , , , , , , , , ,X,0, , , , , , , , , , , , , , , , , , , , , , , , , , ,1900-01-01 06:00:00.000000,1900-01-01 06:00:00.000000, , , , , , , ,1900-01-01 06:00:00.000000,0, ,1900-01-01 06:00:00.000000, ,0, , , , , , , , , , , , ,0.000, , , ,0, , ,0,0, , , , , , , , , , , , , , , , , , , , ,0.000, ,0.000, ,false,2023-10-20 08:35:11.000000,""
100,0000002152,US,ROSSVILLE, ,HOOPESTON,60942-1101,IL,ROSSVILLE, ,0000232241,ROSSVILLE, ,HOOPESTON, , , , ,0,0, , ,0, ,2007-08-09 05:00:00.000000,ZVK0013, , , , ,Z210, , , , , , , , ,VERMILION, , , , , , ,E,609, , , , , , , , , , , , , , ,0.00,0, ,0,0,Y,4K, , , , , , , , , ,0.00, , , , , , , , , ,X,0, , , , , , , , , , , , , , , , , , , , , , , , , , ,1900-01-01 06:00:00.000000,1900-01-01 06:00:00.000000, , , , , , , ,1900-01-01 06:00:00.000000,0, ,1900-01-01 06:00:00.000000, ,0, , , , , , , , , , , , ,0.000, , , ,0, , ,0,0, , , , , , , , , , , , , , , , , , , , ,0.000, ,0.000, ,false,2023-09-06 18:23:29.000000,2023-10-20 08:35:35.000000
100,0000002152,US,ROSSVILLE PLANT, ,HOOPESTON,60942-1101,IL,ROSSVILLE, ,0000258832,ROSSVILLE PLANT, ,HOOPESTON, , , , ,0,0, , ,0, ,2007-06-11 05:00:00.000000,YGV0001, , , , ,Z210, , , , , , , , ,VERMILION, , , , , , ,E,609, , , , , , , , , , , , , , ,0.00,0, ,0,0,Y,4K, , , , , , , , , ,0.00, , , , , , , , , ,X,0, , , , , , , , , , , , , , , , , , , , , , , , , , ,1900-01-01 06:00:00.000000,1900-01-01 06:00:00.000000, , , , , , , ,1900-01-01 06:00:00.000000,0, ,1900-01-01 06:00:00.000000, ,0, , , , , , , , , , , , ,0.000, , , ,0, , ,0,0, , , , , , , , , , , , , , , , , , , , ,0.000, ,0.000, ,false,2023-10-20 08:35:35.000000,""
100,0000002161,US,EDINA DC, ,EDINA,55439,MN,EDINA DC, ,0000281773,EDINA DC, ,EDINA, , , , ,0,0, , ,0, ,2009-08-05 05:00:00.000000,ZPS0093, , , , ,Z210, , , , , , , , ,HENNEPIN, , , , , , ,E,554, , , , , , , , , , , , , , ,0.00,0, ,0,0,Y,3F, , , , , , , , , ,0.00, , , , , , , , , ,X,0, , , , , , , , , , , , , , , , , , , , , , , , , , ,1900-01-01 06:00:00.000000,1900-01-01 06:00:00.000000, , , , , , , ,1900-01-01 06:00:00.000000,0, ,1900-01-01 06:00:00.000000, ,0, , , , , , , , , , , , ,0.000, , , ,0, , ,0,0, , , , , , , , , , , , , , , , , , , , ,0.000, ,0.000, ,false,2023-09-06 18:23:36.000000,2023-10-20 08:35:11.000000
100,0000002161,US,EDINA DC, ,EDINA,55439,MN,EDINA DC, ,0000259008,EDINA DC, ,EDINA, , , , ,0,0, , ,0, ,2007-06-11 05:00:00.000000,YGV0001, , , , ,Z210, , , , , , , , ,HENNEPIN, , , , , , ,E,554, , , , , , , , , , , , , , ,0.00,0, ,0,0,Y,3F, , , , , , , , , ,0.00, , , , , , , , , ,X,0, , , , , , , , , , , , , , , , , , , , , , , , , , ,1900-01-01 06:00:00.000000,1900-01-01 06:00:00.000000, , , , , , , ,1900-01-01 06:00:00.000000,0, ,1900-01-01 06:00:00.000000, ,0, , , , , , , , , , , , ,0.000, , , ,0, , ,0,0, , , , , , , , , , , , , , , , , , , , ,0.000, ,0.000, ,false,2023-10-20 08:35:11.000000,""
100,0000002173,US,VOGEL MORRAL, ,MORRAL,43337,OH,VOGEL MORR, ,0000263143,VOGEL MORRAL, ,MORRAL, , , , ,0,0, , ,0, ,2008-04-15 05:00:00.000000,YCL0049, , , , ,Z210, , , , , , , , ,MARION, , , , , , ,E,433, , , , , , , , , , , , , , ,0.00,0, ,0,0,Y,3F, , , , , , , , , ,0.00, , , , , , , , , ,X,0, , , , , , , , , , , , , , , , , , , , , , , , , , ,1900-01-01 06:00:00.000000,1900-01-01 06:00:00.000000, , , , , , , ,1900-01-01 06:00:00.000000,0, ,1900-01-01 06:00:00.000000, ,0, , , , , , , , , , , , ,0.000, , , ,0, , ,0,0, , , , , , , , , , , , , , , , , , , , ,0.000, ,0.000, ,false,2023-09-06 18:23:35.000000,2023-10-20 08:35:08.000000
100,0000002173,US,VOGEL MORRAL, ,MORRAL,43337,OH,VOGEL MORR, ,0000258797,VOGEL MORRAL, ,MORRAL, , , , ,0,0, , ,0, ,2007-06-11 05:00:00.000000,YGV0001, , , , ,Z210, , , , , , , , ,MARION, , , , , , ,E,433, , , , , , , , , , , , , , ,0.00,0, ,0,0,Y,3F, , , , , , , , , ,0.00, , , , , , , , , ,X,0, , , , , , , , , , , , , , , , , , , , , , , , , , ,1900-01-01 06:00:00.000000,1900-01-01 06:00:00.000000, , , , , , , ,1900-01-01 06:00:00.000000,0, ,1900-01-01 06:00:00.000000, ,0, , , , , , , , , , , , ,0.000, , , ,0, , ,0,0, , , , , , , , , , , , , , , , , , , , ,0.000, ,0.000, ,false,2023-10-20 08:35:08.000000,""
100,0000002219,US,HOLLAND PLANT, ,HOLLAND,49423,MI,HOLLAND PL, ,0000226691,HOLLAND PLANT, ,HOLLAND, , , , ,0,0, , ,0, ,2007-04-10 05:00:00.000000,ZJZ0020, , , , ,Z210, , , , , , , , ,OTTAWA, , , , , , ,E,494, , , , , , , , , , , , , , ,0.00,0, ,0,0,Y,3D, , , , , , , , , ,0.00, , , , , , , , , ,X,0, , , , , , , , , , , , , , , , , , , , , , , , , , ,1900-01-01 06:00:00.000000,1900-01-01 06:00:00.000000, , , , , , , ,1900-01-01 06:00:00.000000,0, ,1900-01-01 06:00:00.000000, ,0, , , , , , , , , , , , ,0.000, , , ,0, , ,0,0, , , , , , , , , , , , , , , , , , , , ,0.000, ,0.000, ,false,2023-09-06 18:23:35.000000,2023-10-20 08:35:14.000000
100,0000002219,US,HOLLAND PLANT, ,HOLLAND,49423,MI,HOLLAND PL, ,0000258943,HOLLAND PLANT, ,HOLLAND, , , , ,0,0, , ,0, ,2007-06-11 05:00:00.000000,YGV0001, , , , ,Z210, , , , , , , , ,OTTAWA, , , , , , ,E,494, , , , , , , , , , , , , , ,0.00,0, ,0,0,Y,3D, , , , , , , , , ,0.00, , , , , , , , , ,X,0, , , , , , , , , , , , , , , , , , , , , , , , , , ,1900-01-01 06:00:00.000000,1900-01-01 06:00:00.000000, , , , , , , ,1900-01-01 06:00:00.000000,0, ,1900-01-01 06:00:00.000000, ,0, , , , , , , , , , , , ,0.000, , , ,0, , ,0,0, , , , , , , , , , , , , , , , , , , , ,0.000, ,0.000, ,false,2023-10-20 08:35:14.000000,""
100,0000003082,US,TURPACK, ,SIOUX CITY,51111,IA,TURPACK, ,0000281799,TURPACK, ,SIOUX CITY, , , , ,0,0, , ,0, ,2009-08-05 05:00:00.000000,ZPS0093, , , , ,Z210, , , , , , , , ,WOODBURY, , , , , , ,E,511, , , , , , , , , , , , , , ,0.00,0, ,0,0,Y,3D, , , , , , , , , ,0.00, , , , , , , , , ,X,0, , , , , , , , , , , , , , , , , , , , , , , , , , ,1900-01-01 06:00:00.000000,1900-01-01 06:00:00.000000, , , , , , , ,1900-01-01 06:00:00.000000,0, ,1900-01-01 06:00:00.000000, ,0, , , , , , , , , , , , ,0.000, , , ,0, , ,0,0, , , , , , , , , , , , , , , , , , , , ,0.000, ,0.000, ,false,2023-09-06 18:23:25.000000,2023-10-20 08:35:16.000000
100,0000003082,US,TURPACK, ,SIOUX CITY,51111,IA,TURPACK, ,0000259139,TURPACK, ,SIOUX CITY, , , , ,0,0, , ,0, ,2007-06-11 05:00:00.000000,YGV0001, , , , ,Z210, , , , , , , , ,WOODBURY, , , , , , ,E,511, , , , , , , , , , , , , , ,0.00,0, ,0,0,Y,3D, , , , , , , , , ,0.00, , , , , , , , , ,X,0, , , , , , , , , , , , , , , , , , , , , , , , , , ,1900-01-01 06:00:00.000000,1900-01-01 06:00:00.000000, , , , , , , ,1900-01-01 06:00:00.000000,0, ,1900-01-01 06:00:00.000000, ,0, , , , , , , , , , , , ,0.000, , , ,0, , ,0,0, , , , , , , , , , , , , , , , , , , , ,0.000, ,0.000, ,false,2023-10-20 08:35:16.000000,""
100,0000003130,MX,GALDISA, ,MEXICO CITY,14210,DF,GALDISA, ,0000281812,GALDISA, ,MEXICO CITY, , , , ,0,0, , ,0, ,2009-08-05 05:00:00.000000,ZPS0093, , , , ,Z210, , , , , , , , , , , , , , , ,E,MX, , , , , , , , , , , , , , ,0.00,0, ,0,0, ,4Z, , , , , , , , , ,0.00, , , , , , , , , ,X,0, , , , , , , , , , , , , , , , , , , , , , , , , , ,1900-01-01 06:00:00.000000,1900-01-01 06:00:00.000000, , , , , , , ,1900-01-01 06:00:00.000000,0, ,1900-01-01 06:00:00.000000, ,0, , , , , , , , , , , , ,0.000, , , ,0, , ,0,0, , , , , , , , , , , , , , , , , , , , ,0.000, ,0.000, ,false,2023-09-06 18:23:33.000000,2023-10-20 08:35:17.000000
100,0000003130,MX,GALDISA, ,MEXICO CITY,14210,DF,GALDISA, ,0000259198,GALDISA, ,MEXICO CITY, , , , ,0,0, , ,0, ,2007-06-11 05:00:00.000000,YGV0001, , , , ,Z210, , , , , , , , , , , , , , , ,E,MX, , , , , , , , , , , , , , ,0.00,0, ,0,0, ,4Z, , , , , , , , , ,0.00, , , , , , , , , ,X,0, , , , , , , , , , , , , , , , , , , , , , , , , , ,1900-01-01 06:00:00.000000,1900-01-01 06:00:00.000000, , , , , , , ,1900-01-01 06:00:00.000000,0, ,1900-01-01 06:00:00.000000, ,0, , , , , , , , , , , , ,0.000, , , ,0, , ,0,0, , , , , , , , , , , , , , , , , , , , ,0.000, ,0.000, ,false,2023-10-20 08:35:17.000000,""
100,0000003197,US,MILLARD COLD - LINCOLN, ,LINCOLN,68521,NE,MILLARD CO, ,0000281823,MILLARD COLD - LINCOLN, ,LINCOLN, , , , ,0,0, , ,0, ,2009-08-05 05:00:00.000000,ZPS0093, , , , ,Z210, , , , , , , , ,LANCASTER, , , , , , ,E,685, , , , , , , , , , , , , , ,0.00,0, ,0,0,Y,3E, , , , , , , , , ,0.00, , , , , , , , , ,X,0, , , , , , , , , , , , , , , , , , , , , , , , , , ,1900-01-01 06:00:00.000000,1900-01-01 06:00:00.000000, , , , , , , ,1900-01-01 06:00:00.000000,0, ,1900-01-01 06:00:00.000000, ,0, , , , , , , , , , , , ,0.000, , , ,0, , ,0,0, , , , , , , , , , , , , , , , , , , , ,0.000, ,0.000, ,false,2023-09-06 18:23:33.000000,2023-10-20 08:35:10.000000
100,0000003197,US,MILLARD LINCOLN, ,LINCOLN,68521,NE,MILLARD LI, ,0000259221,MILLARD LINCOLN, ,LINCOLN, , , , ,0,0, , ,0, ,2007-06-11 05:00:00.000000,YGV0001, , , , ,Z210, , , , , , , , ,LANCASTER, , , , , , ,E,685, , , , , , , , , , , , , , ,0.00,0, ,0,0,Y,3E, , , , , , , , , ,0.00, , , , , , , , , ,X,0, , , , , , , , , , , , , , , , , , , , , , , , , , ,1900-01-01 06:00:00.000000,1900-01-01 06:00:00.000000, , , , , , , ,1900-01-01 06:00:00.000000,0, ,1900-01-01 06:00:00.000000, ,0, , , , , , , , , , , , ,0.000, , , ,0, , ,0,0, , , , , , , , , , , , , , , , , , , , ,0.000, ,0.000, ,false,2023-10-20 08:35:10.000000,""
100,0000003453,US,H. LONDON NORTH CANTON, ,NORTH CANTON,44720,OH,H. LONDON, ,0000281835,H. LONDON NORTH CANTON, ,NORTH CANTON, , , , ,0,0, , ,0, ,2009-08-05 05:00:00.000000,ZPS0093, , , , ,Z210, , , , , , , , ,STARK, , , , , , ,E,447, , , , , , , , , , , , , , ,0.00,0, ,0,0,Y,3F, , , , , , , , , ,0.00, , , , , , , , , ,X,0, , , , , , , , , , , , , , , , , , , , , , , , , , ,1900-01-01 06:00:00.000000,1900-01-01 06:00:00.000000, , , , , , , ,1900-01-01 06:00:00.000000,0, ,1900-01-01 06:00:00.000000, ,0, , , , , , , , , , , , ,0.000, , , ,0, , ,0,0, , , , , , , , , , , , , , , , , , , , ,0.000, ,0.000, ,false,2023-09-06 18:23:39.000000,2023-10-20 08:35:39.000000
100,0000003453,US,H. LONDON NORTH CANTON, ,NORTH CANTON,44720,OH,H. LONDON, ,0000259236,H. LONDON NORTH CANTON, ,NORTH CANTON, , , , ,0,0, , ,0, ,2007-06-11 05:00:00.000000,YGV0001, , , , ,Z210, , , , , , , , ,STARK, , , , , , ,E,447, , , , , , , , , , , , , , ,0.00,0, ,0,0,Y,3F, , , , , , , , , ,0.00, , , , , , , , , ,X,0, , , , , , , , , , , , , , , , , , , , , , , , , , ,1900-01-01 06:00:00.000000,1900-01-01 06:00:00.000000, , , , , , , ,1900-01-01 06:00:00.000000,0, ,1900-01-01 06:00:00.000000, ,0, , , , , , , , , , , , ,0.000, , , ,0, , ,0,0, , , , , , , , , , , , , , , , , , , , ,0.000, ,0.000, ,false,2023-10-20 08:35:39.000000,""
100,0000003506,US,DEAN SPECIALITY FOODS GR, ,DIXON,61021,IL,DEAN SPECI, ,0000281843,DEAN SPECIALITY FOODS GR, ,DIXON, , , , ,0,0, , ,0, ,2009-08-05 05:00:00.000000,ZPS0093, , , , ,Z210, , , , , , , , ,LEE, , , , , , ,E,610, , , , , , , , , , , , , , ,0.00,0, ,0,0, ,4Z, , , , , , , , , ,0.00, , , , , , , , , ,X,0, , , , , , , , , , , , , , , , , , , , , , , , , , ,1900-01-01 06:00:00.000000,1900-01-01 06:00:00.000000, , , , , , , ,1900-01-01 06:00:00.000000,0, ,1900-01-01 06:00:00.000000, ,0, , , , , , , , , , , , ,0.000, , , ,0, , ,0,0, , , , , , , , , , , , , , , , , , , , ,0.000, ,0.000, ,false,2023-09-06 18:23:42.000000,2023-10-20 08:35:15.000000
100,0000003506,US,DEAN SPECIALITY FOODS GR, ,DIXON,61021,IL,DEAN SPECI, ,0000259224,DEAN SPECIALITY FOODS GR, ,DIXON, , , , ,0,0, , ,0, ,2007-06-11 05:00:00.000000,YGV0001, , , , ,Z210, , , , , , , , ,LEE, , , , , , ,E,610, , , , , , , , , , , , , , ,0.00,0, ,0,0, ,4Z, , , , , , , , , ,0.00, , , , , , , , , ,X,0, , , , , , , , , , , , , , , , , , , , , , , , , , ,1900-01-01 06:00:00.000000,1900-01-01 06:00:00.000000, , , , , , , ,1900-01-01 06:00:00.000000,0, ,1900-01-01 06:00:00.000000, ,0, , , , , , , , , , , , ,0.000, , , ,0, , ,0,0, , , , , , , , , , , , , , , , , , , , ,0.000, ,0.000, ,false,2023-10-20 08:35:15.000000,""
100,0000003535,US,GOOD FORTUNES INC, ,EASTLAKE,44095,OH,GOOD FORTU, ,0000281852,GOOD FORTUNES INC, ,EASTLAKE, , , , ,0,0, , ,0, ,2009-08-05 05:00:00.000000,ZPS0093, , , , ,Z210, , , , , , , , ,LAKE, , , , , , ,E,440, , , , , , , , , , , , , , ,0.00,0, ,0,0, ,4Z, , , , , , , , , ,0.00, , , , , , , , , ,X,0, , , , , , , , , , , , , , , , , , , , , , , , , , ,1900-01-01 06:00:00.000000,1900-01-01 06:00:00.000000, , , , , , , ,1900-01-01 06:00:00.000000,0, ,1900-01-01 06:00:00.000000, ,0, , , , , , , , , , , , ,0.000, , , ,0, , ,0,0, , , , , , , , , , , , , , , , , , , , ,0.000, ,0.000, ,false,2023-09-06 18:23:33.000000,2023-10-20 08:35:12.000000
100,0000003535,US,GOOD FORTUNES INC, ,EASTLAKE,44095,OH,GOOD FORTU, ,0000259132,GOOD FORTUNES INC, ,EASTLAKE, , , , ,0,0, , ,0, ,2007-06-11 05:00:00.000000,YGV0001, , , , ,Z210, , , , , , , , ,LAKE, , , , , , ,E,440, , , , , , , , , , , , , , ,0.00,0, ,0,0, ,4Z, , , , , , , , , ,0.00, , , , , , , , , ,X,0, , , , , , , , , , , , , , , , , , , , , , , , , , ,1900-01-01 06:00:00.000000,1900-01-01 06:00:00.000000, , , , , , , ,1900-01-01 06:00:00.000000,0, ,1900-01-01 06:00:00.000000, ,0, , , , , , , , , , , , ,0.000, , , ,0, , ,0,0, , , , , , , , , , , , , , , , , , , , ,0.000, ,0.000, ,false,2023-10-20 08:35:12.000000,""
100,0000003544,US,Ebro Chicago, ,Chicago,60609,IL,EBRO CHICA, ,0000281854,EBRO CHICAGO, ,CHICAGO, , , , ,0,0, , ,0, ,2009-08-05 05:00:00.000000,ZPS0093, , , , ,Z210, , , , , , , , ,COOK, , , , , , ,E,606, , , , , , , , , , , , , , ,0.00,0, ,0,0,Y,4Z, , , , , , , , , ,0.00, , , , , , , , , ,X,0, , , , , , , , , , , , , , , , , , , , , , , , , , ,1900-01-01 06:00:00.000000,1900-01-01 06:00:00.000000, , , , , , , ,1900-01-01 06:00:00.000000,0, ,1900-01-01 06:00:00.000000, ,0, , , , , , , , , , , , ,0.000, , , ,0, , ,0,0, , , , , , , , , , , , , , , , , , , , ,0.000, ,0.000, ,false,2023-09-06 18:23:33.000000,2023-10-20 08:35:35.000000
100,0000003544,US,EBRO CHICAGO, ,Chicago,60609,IL,EBRO CHICA, ,0000258954,EBRO CHICAGO, ,CHICAGO, , , , ,0,0, , ,0, ,2007-06-11 05:00:00.000000,YGV0001, , , , ,Z210, , , , , , , , ,COOK, , , , , , ,E,606, , , , , , , , , , , , , , ,0.00,0, ,0,0,Y,4Z, , , , , , , , , ,0.00, , , , , , , , , ,X,0, , , , , , , , , , , , , , , , , , , , , , , , , , ,1900-01-01 06:00:00.000000,1900-01-01 06:00:00.000000, , , , , , , ,1900-01-01 06:00:00.000000,0, ,1900-01-01 06:00:00.000000, ,0, , , , , , , , , , , , ,0.000, , , ,0, , ,0,0, , , , , , , , , , , , , , , , , , , , ,0.000, ,0.000, ,false,2023-10-20 08:35:35.000000,""
100,0000003547,US,IPS BENTON, ,Millersburg,44654-8822,OH,IPS BENTON, ,0000560871,IPS BENTON, ,MILLERSBURG, , , , ,0,0, , ,0, ,2015-07-09 05:00:00.000000,ZAB0371, , , , ,Z210, , , , , , , , ,COSHOCTON, , , , , , ,E,446, , , , , , , , , , , , , , ,0.00,0, ,0,0, , , , , , , , , , , ,0.00, , , , , , , , , ,X,0, , , , , , , , , , , , , , , , , , , , , , , , , , ,1900-01-01 06:00:00.000000,1900-01-01 06:00:00.000000, , , , , , , ,1900-01-01 06:00:00.000000,0, ,1900-01-01 06:00:00.000000, ,0, , , , , , , , , , , , ,0.000, , , ,0, , ,0,0, , , , , , , , , , , , , , , , , , , , ,0.000, ,0.000, ,false,2023-09-06 18:23:44.000000,2023-10-20 08:35:24.000000
100,0000003547,US,IPS Benton, ,Millersburg,44654-8822,OH,IPS BENTON, ,0001086774,IPS BENTON, ,MILLERSBURG, , , , ,0,0, , ,0, ,2015-07-24 05:00:00.000000,YLW0035, , , , ,Z210, , , , , , , , , , , , , , , ,E,446, , , , , , , , , , , , , , ,0.00,0, ,0,0, ,4Z, , , , , , , , , ,0.00, , , , , , , , , ,X,0, , , , , , , , , , , , , , , , , , , , , , , , , , ,1900-01-01 06:00:00.000000,1900-01-01 06:00:00.000000, , , , , , , ,1900-01-01 06:00:00.000000,0, ,1900-01-01 06:00:00.000000, ,0, , , , , , , , , , , , ,0.000, , , ,0, , ,0,0, , , , , , , , , , , , , , , , , , , , ,0.000, ,0.000, ,false,2023-10-20 08:35:24.000000,""
100,0000003612,US,WB WAREHOUSING & LOGISTICS, ,MANTECA,95336,CA,WB WAREHOU, ,0000281864,WB WAREHOUSING & LOGISTIC, ,MANTECA, , , , ,0,0, , ,0, ,2009-08-05 05:00:00.000000,ZPS0093, , , , ,Z210, , , , , , , , ,SAN JOAQUIN, , , , , , ,E,953, , , , , , , , , , , , , , ,0.00,0, ,0,0,Y,4Z, , , , , , , , , ,0.00, , , , , , , , , ,X,0, , , , , , , , , , , , , , , , , , , , , , , , , , ,1900-01-01 06:00:00.000000,1900-01-01 06:00:00.000000, , , , , , , ,1900-01-01 06:00:00.000000,0, ,1900-01-01 06:00:00.000000, ,0, , , , , , , , , , , , ,0.000, , , ,0, , ,0,0, , , , , , , , , , , , , , , , , , , , ,0.000, ,0.000, ,false,2023-09-06 18:23:39.000000,2023-10-20 08:35:08.000000
100,0000003612,US,WB WAREHOUSING AND LOGISTICS, ,Manteca,95336-8939,CA,WB WAREHOU, ,0000259001,WB WAREHOUSING AND LOGIST, ,MANTECA, , , , ,0,0, , ,0, ,2007-06-11 05:00:00.000000,YGV0001, , , , ,Z210, , , , , , , , ,SAN JOAQUIN, , , , , , ,E,953, , , , , , , , , , , , , , ,0.00,0, ,0,0,Y,4Z, , , , , , , , , ,0.00, , , , , , , , , ,X,0, , , , , , , , , , , , , , , , , , , , , , , , , , ,1900-01-01 06:00:00.000000,1900-01-01 06:00:00.000000, , , , , , , ,1900-01-01 06:00:00.000000,0, ,1900-01-01 06:00:00.000000, ,0, , , , , , , , , , , , ,0.000, , , ,0, , ,0,0, , , , , , , , , , , , , , , , , , , , ,0.000, ,0.000, ,false,2023-10-20 08:35:08.000000,""
100,0000003645,US,CRYSTAL DIST SVC, ,Cedar Falls,50613,IA,CRYSTAL DI, ,0000281872,CRYSTAL DIST SVC, ,CEDAR FALLS, , , , ,0,0, , ,0, ,2009-08-05 05:00:00.000000,ZPS0093, , , , ,Z210, , , , , , , , ,BLACK HAWK, , , , , , ,E,506, , , , , , , , , , , , , , ,0.00,0, ,0,0,Y,5C, , , , , , , , , ,0.00, , , , , , , , , ,X,0, , , , , , , , , , , , , , , , , , , , , , , , , , ,1900-01-01 06:00:00.000000,1900-01-01 06:00:00.000000, , , , , , , ,1900-01-01 06:00:00.000000,0, ,1900-01-01 06:00:00.000000, ,0, , , , , , , , , , , , ,0.000, , , ,0, , ,0,0, , , , , , , , , , , , , , , , , , , , ,0.000, ,0.000, ,false,2023-09-06 18:23:40.000000,2023-10-20 08:35:11.000000
100,0000003645,US,CRYSTAL DIST SVC, ,Cedar Falls,50613,IA,CRYSTAL DI, ,0000259156,CRYSTAL DIST SVC, ,CEDAR FALLS, , , , ,0,0, , ,0, ,2007-06-11 05:00:00.000000,YGV0001, , , , ,Z210, , , , , , , , ,BLACK HAWK, , , , , , ,E,506, , , , , , , , , , , , , , ,0.00,0, ,0,0,Y,5C, , , , , , , , , ,0.00, , , , , , , , , ,X,0, , , , , , , , , , , , , , , , , , , , , , , , , , ,1900-01-01 06:00:00.000000,1900-01-01 06:00:00.000000, , , , , , , ,1900-01-01 06:00:00.000000,0, ,1900-01-01 06:00:00.000000, ,0, , , , , , , , , , , , ,0.000, , , ,0, , ,0,0, , , , , , , , , , , , , , , , , , , , ,0.000, ,0.000, ,false,2023-10-20 08:35:11.000000,""
100,0000003744,US,SO-PAK-CO, ,Greeneville,37743,TN,SO-PAK-CO, ,0000273270,SO-PAK-CO, ,GREENEVILLE, , , , ,0,0, , ,0, ,2008-10-09 05:00:00.000000,ZHS0067, , , , ,Z210, , , , , , , , ,GREENE, , , , , , ,E,377, ,001000, , , , , , , , , , , , ,0.00,0, ,0,0,Y,4Z, , , , , , , , , ,0.00, , , , , , , , , ,X,0, , , , , , , , , , , , , , , , , , , , , , , , , , ,1900-01-01 06:00:00.000000,1900-01-01 06:00:00.000000, , , , , , , ,1900-01-01 06:00:00.000000,0, ,1900-01-01 06:00:00.000000, ,0, , , , , , , , , , , , ,0.000, , , ,0, , ,0,0, , , , , , , , , , , , , , , , , , , , ,0.000, ,0.000, ,false,2023-09-06 18:23:29.000000,2023-10-20 08:35:35.000000
100,0000003744,US,SO-PAK-CO, ,Greeneville,37743,TN,SO-PAK-CO, ,0000480755,SO-PAK-CO, ,GREENEVILLE, , , , ,0,0, , ,0, ,2008-10-09 05:00:00.000000,ZCH0194, , , , ,Z210, , , , , , , , ,GREENE, , , , , , ,E,377, ,001000, , , , , , , , , , , , ,0.00,0, ,0,0,Y,4Z, , , , , , , , , ,0.00, , , , , , , , , ,X,0, , , , , , , , , , , , , , , , , , , , , , , , , , ,1900-01-01 06:00:00.000000,1900-01-01 06:00:00.000000, , , , , , , ,1900-01-01 06:00:00.000000,0, ,1900-01-01 06:00:00.000000, ,0, , , , , , , , , , , , ,0.000, , , ,0, , ,0,0, , , , , , , , , , , , , , , , , , , , ,0.000, ,0.000, ,false,2023-10-20 08:35:35.000000,""
100,0000003760,US,H & H LOWLAND, ,LOWLAND,37778,TN,H & H LOWL, ,0000281895,H & H LOWLAND, ,LOWLAND, , , , ,0,0, , ,0, ,2009-08-05 05:00:00.000000,ZPS0093, , , , ,Z210, , , , , , , , ,HAMBLEN, , , , , , ,E,377, , , , , , , , , , , , , , ,0.00,0, ,0,0,Y,4Z, , , , , , , , , ,0.00, , , , , , , , , ,X,0, , , , , , , , , , , , , , , , , , , , , , , , , , ,1900-01-01 06:00:00.000000,1900-01-01 06:00:00.000000, , , , , , , ,1900-01-01 06:00:00.000000,0, ,1900-01-01 06:00:00.000000, ,0, , , , , , , , , , , , ,0.000, , , ,0, , ,0,0, , , , , , , , , , , , , , , , , , , , ,0.000, ,0.000, ,false,2023-09-06 18:23:26.000000,2023-10-20 08:35:14.000000
100,0000003760,US,H & H LOWLAND, ,LOWLAND,37778,TN,H & H LOWL, ,0000258959,H & H LOWLAND, ,LOWLAND, , , , ,0,0, , ,0, ,2007-06-11 05:00:00.000000,YGV0001, , , , ,Z210, , , , , , , , ,HAMBLEN, , , , , , ,E,377, , , , , , , , , , , , , , ,0.00,0, ,0,0,Y,4Z, , , , , , , , , ,0.00, , , , , , , , , ,X,0, , , , , , , , , , , , , , , , , , , , , , , , , , ,1900-01-01 06:00:00.000000,1900-01-01 06:00:00.000000, , , , , , , ,1900-01-01 06:00:00.000000,0, ,1900-01-01 06:00:00.000000, ,0, , , , , , , , , , , , ,0.000, , , ,0, , ,0,0, , , , , , , , , , , , , , , , , , , , ,0.000, ,0.000, ,false,2023-10-20 08:35:14.000000,""
100,0000003766,US,HONEE BEAR LAWTON, ,LAWTON,49065,MI,HONEE BEAR, ,0000281897,HONEE BEAR LAWTON, ,LAWTON, , , , ,0,0, , ,0, ,2009-08-05 05:00:00.000000,ZPS0093, , , , ,Z210, , , , , , , , ,VAN BUREN, , , , , , ,E,490, , , , , , , , , , , , , , ,0.00,0, ,0,0,Y,4Z, , , , , , , , , ,0.00, , , , , , , , , ,X,0, , , , , , , , , , , , , , , , , , , , , , , , , , ,1900-01-01 06:00:00.000000,1900-01-01 06:00:00.000000, , , , , , , ,1900-01-01 06:00:00.000000,0, ,1900-01-01 06:00:00.000000, ,0, , , , , , , , , , , , ,0.000, , , ,0, , ,0,0, , , , , , , , , , , , , , , , , , , , ,0.000, ,0.000, ,false,2023-09-06 18:23:26.000000,2023-10-20 08:35:15.000000
100,0000003766,US,HONEE BEAR LAWTON, ,LAWTON,49065,MI,HONEE BEAR, ,0000259097,HONEE BEAR LAWTON, ,LAWTON, , , , ,0,0, , ,0, ,2007-06-11 05:00:00.000000,YGV0001, , , , ,Z210, , , , , , , , ,VAN BUREN, , , , , , ,E,490, , , , , , , , , , , , , , ,0.00,0, ,0,0,Y,4Z, , , , , , , , , ,0.00, , , , , , , , , ,X,0, , , , , , , , , , , , , , , , , , , , , , , , , , ,1900-01-01 06:00:00.000000,1900-01-01 06:00:00.000000, , , , , , , ,1900-01-01 06:00:00.000000,0, ,1900-01-01 06:00:00.000000, ,0, , , , , , , , , , , , ,0.000, , , ,0, , ,0,0, , , , , , , , , , , , , , , , , , , , ,0.000, ,0.000, ,false,2023-10-20 08:35:15.000000,""
100,0000003941,US,FREMONT (HICKORY) COMPANY, ,ROCKFORD,45882,OH,FREMONT (H, ,0000281913,FREMONT (HICKORY) COMPANY, ,ROCKFORD, , , , ,0,0, , ,0, ,2009-08-05 05:00:00.000000,ZPS0093, , , , ,Z210, , , , , , , , ,MERCER, , , , , , ,E,458, , , , , , , , , , , , , , ,0.00,0, ,0,0,Y,4Z, , , , , , , , , ,0.00, , , , , , , , , ,X,0, , , , , , , , , , , , , , , , , , , , , , , , , , ,1900-01-01 06:00:00.000000,1900-01-01 06:00:00.000000, , , , , , , ,1900-01-01 06:00:00.000000,0, ,1900-01-01 06:00:00.000000, ,0, , , , , , , , , , , , ,0.000, , , ,0, , ,0,0, , , , , , , , , , , , , , , , , , , , ,0.000, ,0.000, ,false,2023-09-06 18:23:37.000000,2023-10-20 08:35:31.000000
100,0000003941,US,FREMONT CO HICKORY, ,ROCKFORD,45882,OH,FREMONT CO, ,0000258794,FREMONT CO HICKORY, ,ROCKFORD, , , , ,0,0, , ,0, ,2007-06-11 05:00:00.000000,YGV0001, , , , ,Z210, , , , , , , , ,MERCER, , , , , , ,E,458, , , , , , , , , , , , , , ,0.00,0, ,0,0,Y,4Z, , , , , , , , , ,0.00, , , , , , , , , ,X,0, , , , , , , , , , , , , , , , , , , , , , , , , , ,1900-01-01 06:00:00.000000,1900-01-01 06:00:00.000000, , , , , , , ,1900-01-01 06:00:00.000000,0, ,1900-01-01 06:00:00.000000, ,0, , , , , , , , , , , , ,0.000, , , ,0, , ,0,0, , , , , , , , , , , , , , , , , , , , ,0.000, ,0.000, ,false,2023-10-20 08:35:31.000000,""
100,0000003947,US,KINGS MOUNTAIN SEDC,"CONAGRA BRANDS, INC.",Kings Mountain,28086-9225,NC,KINGS, ,0000565226,KINGS MOUNTAIN SEDC,"CONAGRA BRANDS, INC.",KINGS MOUNTAIN, , , , ,0,0, , ,0, ,2016-11-21 06:00:00.000000,ZKV0068, , , , ,Z210, , , , , , , , ,CLEVELAND, , , , , , ,E,280, , , , , , , , , , , , , , ,0.00,0, ,0,0, , , , , , , , , , , ,0.00, , , , , , , , , ,X,0, , , , , , , , , , , , , , , , , , , , , , , , , , ,1900-01-01 06:00:00.000000,1900-01-01 06:00:00.000000, , , , , , , ,1900-01-01 06:00:00.000000,0, ,1900-01-01 06:00:00.000000, ,0, , , , , , , , , , , , ,0.000, , , ,0, , ,0,0, , , , , , , , , , , , , , , , , , , , ,0.000, ,0.000, ,false,2023-09-06 18:23:44.000000,2023-10-20 08:35:05.000000
100,0000004015,US,PHOENIX PKG - PRINTING, ,MAPLE GROVE,55369,MN,PHOENIX PK, ,0000272769,PHOENIX PKG - PRINTING, ,MAPLE GROVE, , , , ,0,0, , ,0, ,2008-07-14 05:00:00.000000,ZDP0014, , , , ,Z210, , , , , , , , ,HENNEPIN, , , , , , ,E,553, , , , , , , , , , , , , , ,0.00,0, ,0,0,Y,4K, , , , , , , , , ,0.00, , , , , , , , , ,X,0, , , , , , , , , , , , , , , , , , , , , , , , , , ,1900-01-01 06:00:00.000000,1900-01-01 06:00:00.000000, , , , , , , ,1900-01-01 06:00:00.000000,0, ,1900-01-01 06:00:00.000000, ,0, , , , , , , , , , , , ,0.000, , , ,0, , ,0,0, , , , , , , , , , , , , , , , , , , , ,0.000, ,0.000, ,false,2023-09-06 18:23:37.000000,2023-10-20 08:35:12.000000
100,0000004015,US,MAPLE GROVE PLANT, ,MAPLE GROVE,55369,MN,MAPLE GROV, ,0000259124,MAPLE GROVE PLANT, ,MAPLE GROVE, , , , ,0,0, , ,0, ,2007-06-11 05:00:00.000000,YGV0001, , , , ,Z210, , , , , , , , ,HENNEPIN, , , , , , ,E,553, , , , , , , , , , , , , , ,0.00,0, ,0,0,Y,4K, , , , , , , , , ,0.00, , , , , , , , , ,X,0, , , , , , , , , , , , , , , , , , , , , , , , , , ,1900-01-01 06:00:00.000000,1900-01-01 06:00:00.000000, , , , , , , ,1900-01-01 06:00:00.000000,0, ,1900-01-01 06:00:00.000000, ,0, , , , , , , , , , , , ,0.000, , , ,0, , ,0,0, , , , , , , , , , , , , , , , , , , , ,0.000, ,0.000, ,false,2023-10-20 08:35:12.000000,""
100,0000004200,CA,PINNACLE FOODS CANADA C/O HG L, ,BRAMPTON,L4T 3X2,ON,NOTAXID, ,0001277299,PINNACLE FOODS CANADA C/O, ,BRAMPTON, , , , ,0,0, , ,0, ,2019-04-10 05:00:00.000000,ZDF0013, , , , ,Z210, , , , , , , , , , , , , , , ,E,ON, , , , , , , , , , , , , , ,0.00,0, ,0,0, , , , , , , , , , , ,0.00, , , , , , , , , ,X,0, , , , , , , , , , , , , , , , , , , , , , , , , , ,1900-01-01 06:00:00.000000,1900-01-01 06:00:00.000000, , , , , , , ,1900-01-01 06:00:00.000000,0, ,1900-01-01 06:00:00.000000, ,0, , , , , , , , , , , , ,0.000, , , ,0, , ,0,0, , , , , , , , , , , , , , , , , , , , ,0.000, ,0.000, ,false,2023-10-20 08:35:31.000000,""
100,0000004208,US,FT MADISON PLANT, ,Fort Madison,52627,IA,NO TAX ID, ,0000567041,FT MADISON PLANT, ,FORT MADISON, , , , ,0,0, , ,0, ,2018-12-17 06:00:00.000000,ZKK3022, , , , ,Z210, , , , , , , , ,LEE, , , , , , ,E,526, , , , , , , , , , , , , , ,0.00,0, ,0,0, , , , , , , , , , , ,0.00, , , , , , , , , ,X,0, , , , , , , , , , , , , , , , , , , , , , , , , , ,1900-01-01 06:00:00.000000,1900-01-01 06:00:00.000000, , , , , , , ,1900-01-01 06:00:00.000000,0, ,1900-01-01 06:00:00.000000, ,0, , , , , , , , , , , , ,0.000, , , ,0, , ,0,0, , , , , , , , , , , , , , , , , , , , ,0.000, ,0.000, ,false,2023-09-06 18:23:36.000000,2023-10-20 08:35:33.000000
100,0000004208,US,FT MADISON PLANT, ,Fort Madison,52627,IA,NOTAXID, ,0001276961,FT MADISON PLANT, ,FORT MADISON, , , , ,0,0, , ,0, ,2019-04-08 05:00:00.000000,ZDF0013, , , , ,Z210, , , , , , , , ,LEE, , , , , , ,E,526, , , , , , , , , , , , , , ,0.00,0, ,0,0, ,4K, , , , , , , , , ,0.00, , , , , , , , , ,X,0, , , , , , , , , , , , , , , , , , , , , , , , , , ,1900-01-01 06:00:00.000000,1900-01-01 06:00:00.000000, , , , , , , ,1900-01-01 06:00:00.000000,0, ,1900-01-01 06:00:00.000000, ,0, , , , , , , , , , , , ,0.000, , , ,0, , ,0,0, , , , , , , , , , , , , , , , , , , , ,0.000, ,0.000, ,false,2023-10-20 08:35:33.000000,""
100,0000004238,US,FAYETTEVILLE PLANT, ,Fayetteville,72701,AR,NO TAX ID, ,0000567245,FAYETTEVILLE PLANT, ,FAYETTEVILLE, , , , ,0,0, , ,0, ,2019-01-09 06:00:00.000000,ZKK3022, , , , ,Z210, , , , , , , , ,WASHINGTON, , , , , , ,E,727, , , , , , , , , , , , , , ,0.00,0, ,0,0, , , , , , , , , , , ,0.00, , , , , , , , , ,X,0, , , , , , , , , , , , , , , , , , , , , , , , , , ,1900-01-01 06:00:00.000000,1900-01-01 06:00:00.000000, , , , , , , ,1900-01-01 06:00:00.000000,0, ,1900-01-01 06:00:00.000000, ,0, , , , , , , , , , , , ,0.000, , , ,0, , ,0,0, , , , , , , , , , , , , , , , , , , , ,0.000, ,0.000, ,false,2023-09-06 18:23:44.000000,2023-10-20 08:35:35.000000
100,0000004238,US,FAYETTEVILLE PLANT, ,Fayetteville,72701,AR,NOTAXID, ,0001277194,FAYETTEVILLE PLANT, ,FAYETTEVILLE, , , , ,0,0, , ,0, ,2019-04-10 05:00:00.000000,ZDF0013, , , , ,Z210, , , , , , , , ,WASHINGTON, , , , , , ,E,727, , , , , , , , , , , , , , ,0.00,0, ,0,0, ,4K, , , , , , , , , ,0.00, , , , , , , , , ,X,0, , , , , , , , , , , , , , , , , , , , , , , , , , ,1900-01-01 06:00:00.000000,1900-01-01 06:00:00.000000, , , , , , , ,1900-01-01 06:00:00.000000,0, ,1900-01-01 06:00:00.000000, ,0, , , , , , , , , , , , ,0.000, , , ,0, , ,0,0, , , , , , , , , , , , , , , , , , , , ,0.000, ,0.000, ,false,2023-10-20 08:35:35.000000,""
100,0000004242,US,WASECA PLANT GJ, ,WASECA,56093,MN,WASECA PLA, ,0000578521,WASECA PLANT GJ, ,WASECA, , , , ,0,0, , ,0, ,2021-08-30 05:00:00.000000,ZNR3022, , , , ,Z210, , , , , , , , ,WASECA, , , , , , ,E,560, , , , , , , , , , , , , , ,0.00,0, ,0,0, , , , , , , , , , , ,0.00, , , , , , , , , ,X,0, , , , , , , , , , , , , , , , , , , , , , , , , , ,1900-01-01 06:00:00.000000,1900-01-01 06:00:00.000000, , , , , , , ,1900-01-01 06:00:00.000000,0, ,1900-01-01 06:00:00.000000, ,0, , , , , , , , , , , , ,0.000, , , ,0, , ,0,0, , , , , , , , , , , , , , , , , , , , ,0.000, ,0.000, ,false,2023-09-06 18:23:44.000000,2023-10-20 08:35:10.000000
100,0000004242,US,Waseca Plant GJ, ,Waseca,56093,MN,WASECA PLA, ,0001436346,WASECA PLANT GJ, ,WASECA, , , , ,0,0, , ,0, ,2021-09-17 05:00:00.000000,ZAM3128, , , , ,Z210, , , , , , , , ,WASECA, , , , , , ,E,560, ,001000, , , , , , , , , , , , ,0.00,0, ,0,0, ,4K, , , , , , , , , ,0.00, , , , , , , , , ,X,0, , , , , , , , , , , , , , , , , , , , , , , , , , ,1900-01-01 06:00:00.000000,1900-01-01 06:00:00.000000, , , , , , , ,1900-01-01 06:00:00.000000,0, ,1900-01-01 06:00:00.000000, ,0, , , , , , , , , , , , ,0.000, , , ,0, , ,0,0, , , , , , , , , , , , , , , , , , , , ,0.000, ,0.000, ,false,2023-10-20 08:35:10.000000,""
100,0000004257,US,MATTOON PLANT, ,Mattoon,61938,IL,NO TAX ID, ,0000567250,MATTOON PLANT, ,MATTOON, , , , ,0,0, , ,0, ,2019-01-09 06:00:00.000000,ZKK3022, , , , ,Z210, , , , , , , , ,COLES, , , , , , ,E,619, , , , , , , , , , , , , , ,0.00,0, ,0,0, , , , , , , , , , , ,0.00, , , , , , , , , ,X,0, , , , , , , , , , , , , , , , , , , , , , , , , , ,1900-01-01 06:00:00.000000,1900-01-01 06:00:00.000000, , , , , , , ,1900-01-01 06:00:00.000000,0, ,1900-01-01 06:00:00.000000, ,0, , , , , , , , , , , , ,0.000, , , ,0, , ,0,0, , , , , , , , , , , , , , , , , , , , ,0.000, ,0.000, ,false,2023-09-06 18:23:36.000000,2023-10-20 08:35:12.000000
100,0000004257,US,MATTOON PLANT, ,Mattoon,61938,IL,NOTAXID, ,0001277282,MATTOON PLANT, ,MATTOON, , , , ,0,0, , ,0, ,2019-04-10 05:00:00.000000,ZDF0013, , , , ,Z210, , , , , , , , ,COLES, , , , , , ,E,619, , , , , , , , , , , , , , ,0.00,0, ,0,0, , , , , ,084, , , , , ,0.00, , , , , , , , , ,X,0, , , , , , , , , , , , , , , , , , , , , , , , , , ,1900-01-01 06:00:00.000000,1900-01-01 06:00:00.000000, , , , , , , ,1900-01-01 06:00:00.000000,0, ,1900-01-01 06:00:00.000000, ,0, , , , , , , , , , , , ,0.000, , , ,0, , ,0,0, , , , , , , , , , , , , , , , , , , , ,0.000, ,0.000, ,false,2023-10-20 08:35:12.000000,""
100,0000004284,US,GENCO EFFINGHAM IMC, ,Effingham,62401,IL,NO TAX ID, ,0000567076,GENCO EFFINGHAM IMC, ,EFFINGHAM, , , , ,0,0, , ,0, ,2018-12-21 06:00:00.000000,ZKK3022, , , , ,Z210, , , , , , , , ,EFFINGHAM, , , , , , ,E,624, , , , , , , , , , , , , , ,0.00,0, ,0,0, , , , , , , , , , , ,0.00, , , , , , , , , ,X,0, , , , , , , , , , , , , , , , , , , , , , , , , , ,1900-01-01 06:00:00.000000,1900-01-01 06:00:00.000000, , , , , , , ,1900-01-01 06:00:00.000000,0, ,1900-01-01 06:00:00.000000, ,0, , , , , , , , , , , , ,0.000, , , ,0, , ,0,0, , , , , , , , , , , , , , , , , , , , ,0.000, ,0.000, ,false,2023-09-06 18:23:44.000000,2023-10-20 08:35:08.000000
100,0000004284,US,GENCO EFFINGHAM IMC, ,Effingham,62401,IL,NOTAXID, ,0001277294,GENCO EFFINGHAM IMC, ,EFFINGHAM, , , , ,0,0, , ,0, ,2019-04-10 05:00:00.000000,ZDF0013, , , , ,Z210, , , , , , , , ,EFFINGHAM, , , , , , ,E,624, , , , , , , , , , , , , , ,0.00,0, ,0,0, , , , , , , , , , , ,0.00, , , , , , , , , ,X,0, , , , , , , , , , , , , , , , , , , , , , , , , , ,1900-01-01 06:00:00.000000,1900-01-01 06:00:00.000000, , , , , , , ,1900-01-01 06:00:00.000000,0, ,1900-01-01 06:00:00.000000, ,0, , , , , , , , , , , , ,0.000, , , ,0, , ,0,0, , , , , , , , , , , , , , , , , , , , ,0.000, ,0.000, ,false,2023-10-20 08:35:08.000000,""
100,0000004289,US,FEDDERS EFFINGHAM, ,ST ELMO,62458,IL,NO TAX ID, ,0000580706,FEDDERS EFFINGHAM, ,ST ELMO, , , , ,0,0, , ,0, ,2022-06-30 05:00:00.000000,SA_320RFC100, , , , ,Z210, , , , , , , , ,FAYETTE, , , , , , ,E,624, , , , , , , , , , , , , , ,0.00,0, ,0,0, , , , , , , , , , , ,0.00, , , , , , , , , ,X,0, , , , , , , , , , , , , , , , , , , , , , , , , , ,1900-01-01 06:00:00.000000,1900-01-01 06:00:00.000000, , , , , , , ,1900-01-01 06:00:00.000000,0, ,1900-01-01 06:00:00.000000, ,0, , , , , , , , , , , , ,0.000, , , ,0, , ,0,0, , , , , , , , , , , , , , , , , , , , ,0.000, ,0.000, ,false,2023-09-06 18:23:44.000000,2023-10-20 08:35:36.000000
100,0000004289,US,CSS COMMUNITY SUPPORT SERVICES, ,TEUTOPOLIS,62467,IL,NOTAXID, ,0001277297,CSS COMMUNITY SUPPORT SER, ,TEUTOPOLIS, , , , ,0,0, , ,0, ,2019-04-10 05:00:00.000000,ZDF0013, , , , ,Z210, , , , , , , , ,EFFINGHAM, , , , , , ,E,624, , , , , , , , , , , , , , ,0.00,0, ,0,0, , , , , , , , , , , ,0.00, , , , , , , , , ,X,0, , , , , , , , , , , , , , , , , , , , , , , , , , ,1900-01-01 06:00:00.000000,1900-01-01 06:00:00.000000, , , , , , , ,1900-01-01 06:00:00.000000,0, ,1900-01-01 06:00:00.000000, ,0, , , , , , , , , , , , ,0.000, , , ,0, , ,0,0, , , , , , , , , , , , , , , , , , , , ,0.000, ,0.000, ,false,2023-10-20 08:35:36.000000,""
100,0000004549,US,EMPIRE LOGISTICS, ,KANSAS CITY,64120,MO,EMPIRE LOG, ,0000580675,EMPIRE LOGISTICS, ,KANSAS CITY, , , , ,0,0, , ,0, ,2022-06-30 05:00:00.000000,SA_320RFC100, , , , ,Z210, , , , , , , , ,JACKSON, , , , , , ,E,641, , , , , , , , , , , , , , ,0.00,0, ,0,0, , , , , , , , , , , ,0.00, , , , , , , , , ,X,0, , , , , , , , , , , , , , , , , , , , , , , , , , ,1900-01-01 06:00:00.000000,1900-01-01 06:00:00.000000, , , , , , , ,1900-01-01 06:00:00.000000,0, ,1900-01-01 06:00:00.000000, ,0, , , , , , , , , , , , ,0.000, , , ,0, , ,0,0, , , , , , , , , , , , , , , , , , , , ,0.000, ,0.000, ,false,2023-09-06 18:23:45.000000,2023-10-20 08:35:08.000000
100,0000004549,US,EMPIRE LOGISTICS, ,KANSAS CITY,64120,MO,EMPIRE LOG, ,0001471914,EMPIRE LOGISTICS, ,KANSAS CITY, , , , ,0,0, , ,0, ,2022-06-30 05:00:00.000000,SA_R3DRFCR3P, , , , ,Z210, , , , , , , , ,JACKSON, , , , , , ,E,641, , , , , , , , , , , , , , ,0.00,0, ,0,0, , , , , , , , , , , ,0.00, , , , , , , , , ,X,0, , , , , , , , , , , , , , , , , , , , , , , , , , ,1900-01-01 06:00:00.000000,1900-01-01 06:00:00.000000, , , , , , , ,1900-01-01 06:00:00.000000,0, ,1900-01-01 06:00:00.000000, ,0, , , , , , , , , , , , ,0.000, , , ,0, , ,0,0, , , , , , , , , , , , , , , , , , , , ,0.000, ,0.000, ,false,2023-10-20 08:35:08.000000,""
100,0000004565,US,STREATOR PLANT,"CONAGRA FOODS, INC.",STREATOR,61364,IL,STREATOR P, ,0000560126,STREATOR PLANT,"CONAGRA FOODS, INC.",STREATOR, , , , ,0,0, , ,0, ,2014-11-14 06:00:00.000000,ZZD0004, , , , ,Z210, , , , , , , , ,LA SALLE, , , , , , ,E,613, ,001000, , , , , , , , , , , , ,0.00,0, ,0,0, , , , , , , , , , , ,0.00, , , , , , , , , ,X,0, , , , , , , , , , , , , , , , , , , , , , , , , , ,1900-01-01 06:00:00.000000,1900-01-01 06:00:00.000000, , , , , , , ,1900-01-01 06:00:00.000000,0, ,1900-01-01 06:00:00.000000, ,0, , , , , , , , , , , , ,0.000, , , ,0, , ,0,0, , , , , , , , , , , , , , , , , , , , ,0.000, ,0.000, ,false,2023-09-06 18:23:44.000000,2023-10-20 08:35:05.000000
100,0000004570,US,CEDAR RAPIDS PLANT,CEREAL,CEDAR RAPIDS,52402,IA,CEDAR RAPI, ,0000557367,CEDAR RAPIDS PLANT,CEREAL,CEDAR RAPIDS, , , , ,0,0, , ,0, ,2014-05-09 05:00:00.000000,ZDP0238, , , , ,Z210, , , , , , , , ,LINN, , , , , , ,E,524, , , , , , , , , , , , , , ,0.00,0, ,0,0, , , , , , , , , , , ,0.00, , , , , , , , , ,X,0, , , , , , , , , , , , , , , , , , , , , , , , , , ,1900-01-01 06:00:00.000000,1900-01-01 06:00:00.000000, , , , , , , ,1900-01-01 06:00:00.000000,0, ,1900-01-01 06:00:00.000000, ,0, , , , , , , , , , , , ,0.000, , , ,0, , ,0,0, , , , , , , , , , , , , , , , , , , , ,0.000, ,0.000, ,false,2023-09-06 18:23:45.000000,2023-10-20 08:35:05.000000
100,0000004570,US,CEDAR RAPIDS PLANT, ,Cedar Rapids,52402-5138,IA,CEDAR RAPI, ,0000998022,CEDAR RAPIDS PLANT, ,CEDAR RAPIDS, , , , ,0,0, , ,0, ,2014-07-11 05:00:00.000000,YKC0048, , , , ,Z210, , , , , , , , ,LINN, , , , , , ,E,CRI, ,001000, , , , , , , , , , , , ,0.00,0, ,0,0,Y,4K, , , , , , , , , ,0.00, , , , , , , , , ,X,0, , , , , , , , , , , , , , , , , , , , , , , , , , ,1900-01-01 06:00:00.000000,1900-01-01 06:00:00.000000, , , , , , , ,1900-01-01 06:00:00.000000,0, ,1900-01-01 06:00:00.000000, ,0, , , , , , , , , , , , ,0.000, , , ,0, , ,0,0, , , , , , , , , , , , , , , , , , , , ,0.000, ,0.000, ,false,2023-10-20 08:35:05.000000,""
100,0000004576,CA,KITCHENER PLANT,SNACK,KITCHENER,N2R 1E9,ON,KITCHENER, ,0000560120,KITCHENER PLANT,SNACK,KITCHENER, , , , ,0,0, , ,0, ,2014-11-14 06:00:00.000000,ZZD0004, , , , ,Z210, , , , , , , , , , , , , , , ,E,ON, , , , , , , , , , , , , , ,0.00,0, ,0,0, , , , , , , , , , , ,0.00, , , , , , , , , ,X,0, , , , , , , , , , , , , , , , , , , , , , , , , , ,1900-01-01 06:00:00.000000,1900-01-01 06:00:00.000000, , , , , , , ,1900-01-01 06:00:00.000000,0, ,1900-01-01 06:00:00.000000, ,0, , , , , , , , , , , , ,0.000, , , ,0, , ,0,0, , , , , , , , , , , , , , , , , , , , ,0.000, ,0.000, ,false,2023-09-06 18:23:45.000000,2023-10-20 08:35:13.000000
100,0000004576,CA,KITCHENER PLANT,SNACK,KITCHENER,N2R 1E9,ON,KITCHENER, ,0001471995,KITCHENER PLANT,SNACK,KITCHENER, , , , ,0,0, , ,0, ,2022-06-30 05:00:00.000000,SA_R3DRFCR3P, , , , ,Z210, , , , , , , , , , , , , , , ,E,ON, , , , , , , , , , , , , , ,0.00,0, ,0,0, , , , , , , , , , , ,0.00, , , , , , , , , ,X,0, , , , , , , , , , , , , , , , , , , , , , , , , , ,1900-01-01 06:00:00.000000,1900-01-01 06:00:00.000000, , , , , , , ,1900-01-01 06:00:00.000000,0, ,1900-01-01 06:00:00.000000, ,0, , , , , , , , , , , , ,0.000, , , ,0, , ,0,0, , , , , , , , , , , , , , , , , , , , ,0.000, ,0.000, ,false,2023-10-20 08:35:13.000000,""
100,0000004590,US,GRAND RAPIDS BAKERY PLANT,RETAIL BAKERY,WYOMING,49519,MI,GRAND RAPI, ,0000580680,GRAND RAPIDS BAKERY PLANT,RETAIL BAKERY,WYOMING, , , , ,0,0, , ,0, ,2022-06-30 05:00:00.000000,SA_320RFC100, , , , ,Z210, , , , , , , , ,KENT, , , , , , ,E,495, , , , , , , , , , , , , , ,0.00,0, ,0,0, , , , , , , , , , , ,0.00, , , , , , , , , ,X,0, , , , , , , , , , , , , , , , , , , , , , , , , , ,1900-01-01 06:00:00.000000,1900-01-01 06:00:00.000000, , , , , , , ,1900-01-01 06:00:00.000000,0, ,1900-01-01 06:00:00.000000, ,0, , , , , , , , , , , , ,0.000, , , ,0, , ,0,0, , , , , , , , , , , , , , , , , , , , ,0.000, ,0.000, ,false,2023-09-06 18:23:45.000000,2023-10-20 08:35:20.000000
100,0000004590,US,GRAND RAPIDS BAKERY PLANT,RETAIL BAKERY,WYOMING,49519,MI,GRAND RAPI, ,0001471992,GRAND RAPIDS BAKERY PLANT,RETAIL BAKERY,WYOMING, , , , ,0,0, , ,0, ,2022-06-30 05:00:00.000000,SA_R3DRFCR3P, , , , ,Z210, , , , , , , , ,KENT, , , , , , ,E,495, , , , , , , , , , , , , , ,0.00,0, ,0,0, , , , , , , , , , , ,0.00, , , , , , , , , ,X,0, , , , , , , , , , , , , , , , , , , , , , , , , , ,1900-01-01 06:00:00.000000,1900-01-01 06:00:00.000000, , , , , , , ,1900-01-01 06:00:00.000000,0, ,1900-01-01 06:00:00.000000, ,0, , , , , , , , , , , , ,0.000, , , ,0, , ,0,0, , , , , , , , , , , , , , , , , , , , ,0.000, ,0.000, ,false,2023-10-20 08:35:20.000000,""
100,0000004592,CA,TH - DELTA,RETAIL BAKERY,Delta,V3M 6H9,BC,DELTA PLAN, ,0000563166,TH - DELTA,RETAIL BAKERY,DELTA, , , , ,0,0, , ,0, ,2016-03-15 05:00:00.000000,ZSD0162, , , , ,Z210, , , , , , , , , , , , , , , ,E,BC, , , , , , , , , , , , , , ,0.00,0, ,0,0, , , , , , , , , , , ,0.00, , , , , , , , , ,X,0, , , , , , , , , , , , , , , , , , , , , , , , , , ,1900-01-01 06:00:00.000000,1900-01-01 06:00:00.000000, , , , , , , ,1900-01-01 06:00:00.000000,0, ,1900-01-01 06:00:00.000000, ,0, , , , , , , , , , , , ,0.000, , , ,0, , ,0,0, , , , , , , , , , , , , , , , , , , , ,0.000, ,0.000, ,false,2023-09-06 18:23:44.000000,2023-10-20 08:35:13.000000
100,0000004592,CA,Delta Plant, ,Delta,V3M 6H9,BC,DELTA PLAN, ,0001131766,DELTA PLANT, ,DELTA, , , , ,0,0, , ,0, ,2016-03-21 05:00:00.000000,ZLA0141, , , , ,Z210, , , , , , , , , , , , , , , ,E,BC, ,001000, , , , , , , , , , , , ,0.00,0, ,0,0, ,4Z, , , , , , , , , ,0.00, , , , , , , , , ,X,0, , , , , , , , , , , , , , , , , , , , , , , , , , ,1900-01-01 06:00:00.000000,1900-01-01 06:00:00.000000, , , , , , , ,1900-01-01 06:00:00.000000,0, ,1900-01-01 06:00:00.000000, ,0, , , , , , , , , , , , ,0.000, , , ,0, , ,0,0, , , , , , , , , , , , , , , , , , , , ,0.000, ,0.000, ,false,2023-10-20 08:35:13.000000,""
100,0000004614,CA,RICHARDSON'S,CEREAL,Portage la Prairie,R1N 3W1,MB,RICHARDSON, ,0000557372,RICHARDSON'S,CEREAL,PORTAGE LA PRAIRIE, , , , ,0,0, , ,0, ,2014-05-09 05:00:00.000000,ZDP0238, , , , ,Z210, , , , , , , , , , , , , , , ,E,MB, , , , , , , , , , , , , , ,0.00,0, ,0,0, , , , , , , , , , , ,0.00, , , , , , , , , ,X,0, , , , , , , , , , , , , , , , , , , , , , , , , , ,1900-01-01 06:00:00.000000,1900-01-01 06:00:00.000000, , , , , , , ,1900-01-01 06:00:00.000000,0, ,1900-01-01 06:00:00.000000, ,0, , , , , , , , , , , , ,0.000, , , ,0, , ,0,0, , , , , , , , , , , , , , , , , , , , ,0.000, ,0.000, ,false,2023-09-06 18:23:29.000000,2023-10-20 08:35:09.000000
100,0000004614,CA,RICHARDSON MILLING, ,Portage la Prairie,R1N 3W1,MB,RICHARDSON, ,0001001097,RICHARDSON MILLING, ,PORTAGE LA PRAIRIE, , , , ,0,0, , ,0, ,2014-07-25 05:00:00.000000,YKC0048, , , , ,Z210, , , , , , , , , , , , , , , ,E,MB, ,001000, , , , , , , , , , , , ,0.00,0, ,0,0, ,4Z, , , , , , , , , ,0.00, , , , , , , , , ,X,0, , , , , , , , , , , , , , , , , , , , , , , , , , ,1900-01-01 06:00:00.000000,1900-01-01 06:00:00.000000, , , , , , , ,1900-01-01 06:00:00.000000,0, ,1900-01-01 06:00:00.000000, ,0, , , , , , , , , , , , ,0.000, , , ,0, , ,0,0, , , , , , , , , , , , , , , , , , , , ,0.000, ,0.000, ,false,2023-10-20 08:35:09.000000,""
100,0000004618,CA,POST NIAGARA CANADA,CEREAL,NIAGARA FALLS,L2E 6V9,ON,POST NIAGA, ,0000557376,POST NIAGARA CANADA,CEREAL,NIAGARA FALLS, , , , ,0,0, , ,0, ,2014-05-09 05:00:00.000000,ZDP0238, , , , ,Z210, , , , , , , , , , , , , , , ,E,ON, , , , , , , , , , , , , , ,0.00,0, ,0,0, , , , , , , , , , , ,0.00, , , , , , , , , ,X,0, , , , , , , , , , , , , , , , , , , , , , , , , , ,1900-01-01 06:00:00.000000,1900-01-01 06:00:00.000000, , , , , , , ,1900-01-01 06:00:00.000000,0, ,1900-01-01 06:00:00.000000, ,0, , , , , , , , , , , , ,0.000, , , ,0, , ,0,0, , , , , , , , , , , , , , , , , , , , ,0.000, ,0.000, ,false,2023-09-06 18:23:44.000000,2023-10-20 08:35:33.000000
100,0000004618,CA,POST NIAGARA CANADA, ,Niagara Falls,L2G 3R8,ON,POST NIAGA, ,0001001297,POST NIAGARA CANADA, ,NIAGARA FALLS, , , , ,0,0, , ,0, ,2014-07-25 05:00:00.000000,YKC0048, , , , ,Z210, , , , , , , , , , , , , , , ,E,ON, ,001000, , , , , , , , , , , , ,0.00,0, ,0,0, ,4Z, , , , , , , , , ,0.00, , , , , , , , , ,X,0, , , , , , , , , , , , , , , , , , , , , , , , , , ,1900-01-01 06:00:00.000000,1900-01-01 06:00:00.000000, , , , , , , ,1900-01-01 06:00:00.000000,0, ,1900-01-01 06:00:00.000000, ,0, , , , , , , , , , , , ,0.000, , , ,0, , ,0,0, , , , , , , , , , , , , , , , , , , , ,0.000, ,0.000, ,false,2023-10-20 08:35:33.000000,""
100,0000004625,CA,METRO MISSISSAUGA,"CONAGRA FOODS, INC.",MALTON,L5S 0A3,ON,METRO MISS, ,0000560078,METRO MISSISSAUGA,"CONAGRA FOODS, INC.",MALTON, , , , ,0,0, , ,0, ,2014-11-11 06:00:00.000000,ZZD0004, , , , ,Z210, , , , , , , , , , , , , , , ,E,ON, , , , , , , , , , , , , , ,0.00,0, ,0,0, , , , , , , , , , , ,0.00, , , , , , , , , ,X,0, , , , , , , , , , , , , , , , , , , , , , , , , , ,1900-01-01 06:00:00.000000,1900-01-01 06:00:00.000000, , , , , , , ,1900-01-01 06:00:00.000000,0, ,1900-01-01 06:00:00.000000, ,0, , , , , , , , , , , , ,0.000, , , ,0, , ,0,0, , , , , , , , , , , , , , , , , , , , ,0.000, ,0.000, ,false,2023-09-06 18:23:44.000000,2023-10-20 08:35:09.000000
100,0000004625,CA,METRO MISSISSAUGA,"CONAGRA FOODS, INC.",MALTON,L5S 0A3,ON,METRO MISS, ,0001471918,METRO MISSISSAUGA,"CONAGRA FOODS, INC.",MALTON, , , , ,0,0, , ,0, ,2022-06-30 05:00:00.000000,SA_R3DRFCR3P, , , , ,Z210, , , , , , , , , , , , , , , ,E,ON, , , , , , , , , , , , , , ,0.00,0, ,0,0, , , , , , , , , , , ,0.00, , , , , , , , , ,X,0, , , , , , , , , , , , , , , , , , , , , , , , , , ,1900-01-01 06:00:00.000000,1900-01-01 06:00:00.000000, , , , , , , ,1900-01-01 06:00:00.000000,0, ,1900-01-01 06:00:00.000000, ,0, , , , , , , , , , , , ,0.000, , , ,0, , ,0,0, , , , , , , , , , , , , , , , , , , , ,0.000, ,0.000, ,false,2023-10-20 08:35:09.000000,""
100,0000004630,US,CROWN BAKERIES LLC, ,Nashville,37210-4311,TN,CROWN BAKE, ,0000563167,CROWN BAKERIES LLC, ,NASHVILLE, , , , ,0,0, , ,0, ,2016-03-15 05:00:00.000000,ZSD0162, , , , ,Z210, , , , , , , , ,DAVIDSON, , , , , , ,E,372, , , , , , , , , , , , , , ,0.00,0, ,0,0, , , , , , , , , , , ,0.00, , , , , , , , , ,X,0, , , , , , , , , , , , , , , , , , , , , , , , , , ,1900-01-01 06:00:00.000000,1900-01-01 06:00:00.000000, , , , , , , ,1900-01-01 06:00:00.000000,0, ,1900-01-01 06:00:00.000000, ,0, , , , , , , , , , , , ,0.000, , , ,0, , ,0,0, , , , , , , , , , , , , , , , , , , , ,0.000, ,0.000, ,false,2023-09-06 18:23:44.000000,2023-10-20 08:35:12.000000
100,0000004630,US,CROWN BAKERIES LLC, ,Nashville,37210-4311,TN,CROWN BAKE, ,0001131743,CROWN BAKERIES LLC, ,NASHVILLE, , , , ,0,0, , ,0, ,2016-03-21 05:00:00.000000,ZLA0141, , , , ,Z210, , , , , , , , ,DAVIDSON, , , , , , ,E,372, ,001000, , , , , , , , , , , , ,0.00,0, ,0,0, ,4Z, , , , , , , , , ,0.00, , , , , , , , , ,X,0, , , , , , , , , , , , , , , , , , , , , , , , , , ,1900-01-01 06:00:00.000000,1900-01-01 06:00:00.000000, , , , , , , ,1900-01-01 06:00:00.000000,0, ,1900-01-01 06:00:00.000000, ,0, , , , , , , , , , , , ,0.000, , , ,0, , ,0,0, , , , , , , , , , , , , , , , , , , , ,0.000, ,0.000, ,false,2023-10-20 08:35:12.000000,""
100,0000004635,US,GREAT LAKES PACKING CO, ,HART,49420,MI,GREAT LAKE, ,0000580592,GREAT LAKES PACKING CO, ,HART, , , , ,0,0, , ,0, ,2022-06-28 05:00:00.000000,ZNS3047, , , , ,Z210, , , , , , , , ,OCEANA, , , , , , ,E,494, , , , , , , , , , , , , , ,0.00,0, ,0,0, , , , , , , , , , , ,0.00, , , , , , , , , ,X,0, , , , , , , , , , , , , , , , , , , , , , , , , , ,1900-01-01 06:00:00.000000,1900-01-01 06:00:00.000000, , , , , , , ,1900-01-01 06:00:00.000000,0, ,1900-01-01 06:00:00.000000, ,0, , , , , , , , , , , , ,0.000, , , ,0, , ,0,0, , , , , , , , , , , , , , , , , , , , ,0.000, ,0.000, ,false,2023-09-06 18:23:44.000000,2023-10-20 08:35:05.000000
100,0000004635,US,GREAT LAKES PACKING CO, ,HART,49420,MI,GREAT LAKE, ,0001472980,GREAT LAKES PACKING CO, ,HART, , , , ,0,0, , ,0, ,2022-06-30 05:00:00.000000,SA_R3DRFCR3P, , , , ,Z210, , , , , , , , ,OCEANA, , , , , , ,E,494, ,001000, , , , , , , , , , , , ,0.00,0, ,0,0, ,4Z, , , , , , , , , ,0.00, , , , , , , , , ,X,0, , , , , , , , , , , , , , , , , , , , , , , , , , ,1900-01-01 06:00:00.000000,1900-01-01 06:00:00.000000, , , , , , , ,1900-01-01 06:00:00.000000,0, ,1900-01-01 06:00:00.000000, ,0, , , , , , , , , , , , ,0.000, , , ,0, , ,0,0, , , , , , , , , , , , , , , , , , , , ,0.000, ,0.000, ,false,2023-10-20 08:35:05.000000,""
100,0000004730,US,GLK FOODS - BEAR CREEK, ,BEAR CREEK,54922,WI,NO TAX ID, ,0000580722,GLK FOODS - BEAR CREEK, ,BEAR CREEK, , , , ,0,0, , ,0, ,2022-06-30 05:00:00.000000,SA_320RFC100, , , , ,Z210, , , , , , , , ,OUTAGAMIE,PO BOX 217, , , , , ,E,549, , , , , , , , , , , , , , ,0.00,0, ,0,0, , , , , , , , , , , ,0.00, , , , , , , , , ,X,0, , , , , , , , , , , , , , , , , , , , , , , , , , ,1900-01-01 06:00:00.000000,1900-01-01 06:00:00.000000, , , , , , , ,1900-01-01 06:00:00.000000,0, ,1900-01-01 06:00:00.000000, ,0, , , , , , , , , , , , ,0.000, , , ,0, , ,0,0, , , , , , , , , , , , , , , , , , , , ,0.000, ,0.000, ,false,2023-09-06 18:23:44.000000,2023-10-20 08:35:30.000000
100,0000004730,US,GLK SAUERKRAUT BEAR CREEK, ,BEAR CREEK,54922,WI,GLK SAUERK, ,0001286185,GLK SAUERKRAUT BEAR CREEK, ,BEAR CREEK, , , , ,0,0, , ,0, ,2019-05-19 05:00:00.000000,ZDF0013, , , , ,Z210, , , , , , , , ,OUTAGAMIE, , , , , , ,E,549, , , , , , , , , , , , , , ,0.00,0, ,0,0, , , , , , , , , , , ,0.00, , , , , , , , , ,X,0, , , , , , , , , , , , , , , , , , , , , , , , , , ,1900-01-01 06:00:00.000000,1900-01-01 06:00:00.000000, , , , , , , ,1900-01-01 06:00:00.000000,0, ,1900-01-01 06:00:00.000000, ,0, , , , , , , , , , , , ,0.000, , , ,0, , ,0,0, , , , , , , , , , , , , , , , , , , , ,0.000, ,0.000, ,false,2023-10-20 08:35:30.000000,""
100,0000004753,CA,ED SMITH  - LONDON, ,LONDON,N6N 1C9,ON,NO TAX ID, ,0000580720,ED SMITH  - LONDON, ,LONDON, , , , ,0,0, , ,0, ,2022-06-30 05:00:00.000000,SA_320RFC100, , , , ,Z210, , , , , , , , , , , , , , , ,E,ON, , , , , , , , , , , , , , ,0.00,0, ,0,0, , , , , , , , , , , ,0.00, , , , , , , , , ,X,0, , , , , , , , , , , , , , , , , , , , , , , , , , ,1900-01-01 06:00:00.000000,1900-01-01 06:00:00.000000, , , , , , , ,1900-01-01 06:00:00.000000,0, ,1900-01-01 06:00:00.000000, ,0, , , , , , , , , , , , ,0.000, , , ,0, , ,0,0, , , , , , , , , , , , , , , , , , , , ,0.000, ,0.000, ,false,2023-09-06 18:23:44.000000,2023-10-20 08:35:32.000000
100,0000004753,CA,ED SMITH  - LONDON, ,LONDON,N6N 1C9,ON,NOTAXID, ,0001286202,ED SMITH  - LONDON, ,LONDON, , , , ,0,0, , ,0, ,2019-05-19 05:00:00.000000,ZDF0013, , , , ,Z210, , , , , , , , , , , , , , , ,E,ON, , , , , , , , , , , , , , ,0.00,0, ,0,0, , , , , , , , , , , ,0.00, , , , , , , , , ,X,0, , , , , , , , , , , , , , , , , , , , , , , , , , ,1900-01-01 06:00:00.000000,1900-01-01 06:00:00.000000, , , , , , , ,1900-01-01 06:00:00.000000,0, ,1900-01-01 06:00:00.000000, ,0, , , , , , , , , , , , ,0.000, , , ,0, , ,0,0, , , , , , , , , , , , , , , , , , , , ,0.000, ,0.000, ,false,2023-10-20 08:35:32.000000,""
100,0000004808,CL,FRUTICOLA OLMUE SPA,"CONAGRA BRANDS, INC.",Chillan,3780003,08,FRUTICOLA, ,0000570729,FRUTICOLA OLMUE SPA,"CONAGRA BRANDS, INC.",CHILLAN, , , , ,0,0, , ,0, ,2020-11-06 06:00:00.000000,ZAK3013, , , , ,Z210, , , , , , , , , , , , , , , ,E,CL, , , , , , , , , , , , , , ,0.00,0, ,0,0, , , , , , , , , , , ,0.00, , , , , , , , , ,X,0, , , , , , , , , , , , , , , , , , , , , , , , , , ,1900-01-01 06:00:00.000000,1900-01-01 06:00:00.000000, , , , , , , ,1900-01-01 06:00:00.000000,0, ,1900-01-01 06:00:00.000000, ,0, , , , , , , , , , , , ,0.000, , , ,0, , ,0,0, , , , , , , , , , , , , , , , , , , , ,0.000, ,0.000, ,false,2023-09-06 18:23:45.000000,2023-10-20 08:35:08.000000
100,0000004808,CL,Fruticola Olmue SPA, ,Chillan,3780003,08,FRUTICOLA, ,0001391079,FRUTICOLA OLMUE SPA, ,CHILLAN, , , , ,0,0, , ,0, ,2020-11-12 06:00:00.000000,ZNJ3011, , , , ,Z210, , , , , , , , , , , , , , , ,E,CL, ,001000, , , , , , , , , , , , ,0.00,0, ,0,0,Y,4Z, , , , , , , , , ,0.00, , , , , , , , , ,X,0, , , , , , , , , , , , , , , , , , , , , , , , , , ,1900-01-01 06:00:00.000000,1900-01-01 06:00:00.000000, , , , , , , ,1900-01-01 06:00:00.000000,0, ,1900-01-01 06:00:00.000000, ,0, , , , , , , , , , , , ,0.000, , , ,0, , ,0,0, , , , , , , , , , , , , , , , , , , , ,0.000, ,0.000, ,false,2023-10-20 08:35:08.000000,""
100,0000004901,US,"PAR-WAY GROUP, INC.", ,ST. CLAIR,63077,MO,PAR-WAY GR, ,0000570170,"PAR-WAY GROUP, INC.", ,ST. CLAIR, , , , ,0,0, , ,0, ,2020-04-22 05:00:00.000000,ZTA3001, , , , ,Z210, , , , , , , , ,FRANKLIN, , , , , , ,E,630, , , , , , , , , , , , , , ,0.00,0, ,0,0, , , , , , , , , , , ,0.00, , , , , , , , , ,X,0, , , , , , , , , , , , , , , , , , , , , , , , , , ,1900-01-01 06:00:00.000000,1900-01-01 06:00:00.000000, , , , , , , ,1900-01-01 06:00:00.000000,0, ,1900-01-01 06:00:00.000000, ,0, , , , , , , , , , , , ,0.000, , , ,0, , ,0,0, , , , , , , , , , , , , , , , , , , , ,0.000, ,0.000, ,false,2023-09-06 18:23:31.000000,2023-10-20 08:35:05.000000
100,0000004901,US,"Par-Way Group, Inc.",d/b/a Par-Way Tryson Company,St. Clair,63077,MO,PAR-WAY GR, ,0001358617,"PAR-WAY GROUP, INC.",D/B/A PAR-WAY TRYSON COMP,ST. CLAIR, , , , ,0,0, , ,0, ,2020-04-27 05:00:00.000000,ZMM3144, , , , ,Z210, , , , , , , , ,FRANKLIN, , , , , , ,E,630, ,001000, , , , , , , , , , , , ,0.00,0, ,0,0,Y,4Z, , , , , , , , , ,0.00, , , , , , , , , ,X,0, , , , , , , , , , , , , , , , , , , , , , , , , , ,1900-01-01 06:00:00.000000,1900-01-01 06:00:00.000000, , , , , , , ,1900-01-01 06:00:00.000000,0, ,1900-01-01 06:00:00.000000, ,0, , , , , , , , , , , , ,0.000, , , ,0, , ,0,0, , , , , , , , , , , , , , , , , , , , ,0.000, ,0.000, ,false,2023-10-20 08:35:05.000000,""
100,0000004912,US,CTI FOODS,"CONAGRA BRANDS, INC.",Owingsville,40360,KY,CTI FOODS, ,0000570814,CTI FOODS,"CONAGRA BRANDS, INC.",OWINGSVILLE, , , , ,0,0, , ,0, ,2020-11-26 06:00:00.000000,ZAK3013, , , , ,Z210, , , , , , , , ,BATH, , , , , , ,E,403, , , , , , , , , , , , , , ,0.00,0, ,0,0, , , , , , , , , , , ,0.00, , , , , , , , , ,X,0, , , , , , , , , , , , , , , , , , , , , , , , , , ,1900-01-01 06:00:00.000000,1900-01-01 06:00:00.000000, , , , , , , ,1900-01-01 06:00:00.000000,0, ,1900-01-01 06:00:00.000000, ,0, , , , , , , , , , , , ,0.000, , , ,0, , ,0,0, , , , , , , , , , , , , , , , , , , , ,0.000, ,0.000, ,false,2023-09-06 18:23:45.000000,2023-10-20 08:35:08.000000
